date,district,rainfall_mm,temp_max,temp_min
2019-01-01,Nashik,0.0,27.2,9.8
2019-01-02,Nashik,0.0,28.7,14.1
2019-01-03,Nashik,0.0,28.9,13.5
2019-01-04,Nashik,0.0,28.9,12.5
2019-01-05,Nashik,0.0,29.1,13.6
2019-01-06,Nashik,0.0,28.0,11.5
2019-01-07,Nashik,0.0,26.1,14.0
2019-01-08,Nashik,0.0,26.5,10.9
2019-01-09,Nashik,0.0,27.4,11.1
2019-01-10,Nashik,0.0,27.4,11.9
2019-01-11,Nashik,0.0,28.7,12.0
2019-01-12,Nashik,0.0,29.5,13.1
2019-01-13,Nashik,0.0,28.5,11.7
2019-01-14,Nashik,0.0,27.4,15.1
2019-01-15,Nashik,0.0,27.4,14.1
2019-01-16,Nashik,0.0,29.0,13.3
2019-01-17,Nashik,0.0,30.5,16.5
2019-01-18,Nashik,0.0,30.0,15.3
2019-01-19,Nashik,0.0,29.3,13.2
2019-01-20,Nashik,0.0,29.6,14.5
2019-01-21,Nashik,0.0,30.0,14.1
2019-01-22,Nashik,0.0,27.2,14.7
2019-01-23,Nashik,0.0,25.4,13.6
2019-01-24,Nashik,0.0,26.8,13.3
2019-01-25,Nashik,0.0,25.4,11.4
2019-01-26,Nashik,0.0,24.0,13.2
2019-01-27,Nashik,0.0,24.3,13.1
2019-01-28,Nashik,0.0,22.8,11.8
2019-01-29,Nashik,0.0,24.3,11.3
2019-01-30,Nashik,0.0,26.2,9.7
2019-01-31,Nashik,0.0,27.1,11.9
2019-02-01,Nashik,0.0,28.4,13.5
2019-02-02,Nashik,0.0,28.6,15.4
2019-02-03,Nashik,0.0,29.1,17.9
2019-02-04,Nashik,0.0,29.8,16.6
2019-02-05,Nashik,0.0,30.2,16.8
2019-02-06,Nashik,0.0,30.2,15.9
2019-02-07,Nashik,0.0,24.5,14.7
2019-02-08,Nashik,0.0,23.5,10.4
2019-02-09,Nashik,0.0,23.7,8.1
2019-02-10,Nashik,0.0,26.8,8.7
2019-02-11,Nashik,0.0,29.3,11.8
2019-02-12,Nashik,0.0,31.3,15.6
2019-02-13,Nashik,0.1,31.6,20.0
2019-02-14,Nashik,0.0,31.7,18.7
2019-02-15,Nashik,0.0,30.1,15.8
2019-02-16,Nashik,0.0,28.4,13.0
2019-02-17,Nashik,0.0,29.4,15.1
2019-02-18,Nashik,0.0,32.0,14.2
2019-02-19,Nashik,0.0,33.2,16.3
2019-02-20,Nashik,0.0,34.4,18.0
2019-02-21,Nashik,0.0,34.4,18.4
2019-02-22,Nashik,0.0,34.7,19.1
2019-02-23,Nashik,0.0,34.1,19.5
2019-02-24,Nashik,0.0,34.2,18.2
2019-02-25,Nashik,0.0,31.7,18.6
2019-02-26,Nashik,0.0,28.7,19.3
2019-02-27,Nashik,0.0,27.8,15.0
2019-02-28,Nashik,0.0,28.4,14.9
2019-03-01,Nashik,0.0,30.3,15.7
2019-03-02,Nashik,0.0,34.4,17.7
2019-03-03,Nashik,0.0,32.1,17.6
2019-03-04,Nashik,0.0,30.0,17.7
2019-03-05,Nashik,0.0,30.2,15.6
2019-03-06,Nashik,0.0,30.0,15.7
2019-03-07,Nashik,0.0,31.7,14.4
2019-03-08,Nashik,0.0,33.7,15.4
2019-03-09,Nashik,0.0,33.4,19.1
2019-03-10,Nashik,0.0,34.1,18.3
2019-03-11,Nashik,0.0,33.1,18.1
2019-03-12,Nashik,0.0,33.9,16.9
2019-03-13,Nashik,0.0,32.4,17.5
2019-03-14,Nashik,0.0,32.6,18.6
2019-03-15,Nashik,0.0,33.3,18.5
2019-03-16,Nashik,0.0,35.0,18.4
2019-03-17,Nashik,0.0,34.7,18.5
2019-03-18,Nashik,0.0,34.4,18.3
2019-03-19,Nashik,0.0,35.5,17.9
2019-03-20,Nashik,0.0,35.4,19.7
2019-03-21,Nashik,0.0,34.1,18.6
2019-03-22,Nashik,0.0,35.0,17.7
2019-03-23,Nashik,0.0,36.3,20.1
2019-03-24,Nashik,0.0,36.9,22.7
2019-03-25,Nashik,0.0,37.8,24.4
2019-03-26,Nashik,0.0,37.6,21.7
2019-03-27,Nashik,0.0,38.2,22.4
2019-03-28,Nashik,0.0,39.2,22.6
2019-03-29,Nashik,0.0,39.3,22.8
2019-03-30,Nashik,0.0,39.7,24.3
2019-03-31,Nashik,0.0,37.9,23.7
2019-04-01,Nashik,0.0,38.1,20.8
2019-04-02,Nashik,0.0,38.9,20.9
2019-04-03,Nashik,0.0,39.6,21.9
2019-04-04,Nashik,0.0,40.2,23.2
2019-04-05,Nashik,0.0,39.0,22.4
2019-04-06,Nashik,0.0,38.5,22.8
2019-04-07,Nashik,0.0,39.0,22.6
2019-04-08,Nashik,0.0,39.8,22.5
2019-04-09,Nashik,0.0,38.2,22.6
2019-04-10,Nashik,0.0,40.0,21.6
2019-04-11,Nashik,0.0,40.0,22.6
2019-04-12,Nashik,0.0,38.7,23.8
2019-04-13,Nashik,0.0,39.7,24.2
2019-04-14,Nashik,0.0,40.0,24.3
2019-04-15,Nashik,0.0,37.0,25.9
2019-04-16,Nashik,0.6,32.5,23.6
2019-04-17,Nashik,0.0,34.6,21.3
2019-04-18,Nashik,0.0,35.9,18.5
2019-04-19,Nashik,0.0,37.1,22.1
2019-04-20,Nashik,0.0,38.1,20.7
2019-04-21,Nashik,0.0,38.1,21.6
2019-04-22,Nashik,0.0,39.0,21.6
2019-04-23,Nashik,0.0,39.6,24.1
2019-04-24,Nashik,0.0,40.4,24.5
2019-04-25,Nashik,0.0,40.5,25.1
2019-04-26,Nashik,0.0,41.7,26.3
2019-04-27,Nashik,0.0,42.4,26.6
2019-04-28,Nashik,0.0,42.8,26.9
2019-04-29,Nashik,0.0,41.5,26.5
2019-04-30,Nashik,0.0,40.0,25.6
2019-05-01,Nashik,0.0,37.9,22.9
2019-05-02,Nashik,0.0,37.4,21.2
2019-05-03,Nashik,0.0,36.0,21.1
2019-05-04,Nashik,0.0,35.3,21.2
2019-05-05,Nashik,0.0,36.9,21.1
2019-05-06,Nashik,0.0,39.2,20.9
2019-05-07,Nashik,0.0,39.0,23.8
2019-05-08,Nashik,0.0,37.2,22.1
2019-05-09,Nashik,0.0,36.4,21.8
2019-05-10,Nashik,0.0,35.9,21.2
2019-05-11,Nashik,0.0,38.4,20.8
2019-05-12,Nashik,0.0,39.7,21.0
2019-05-13,Nashik,0.0,39.0,21.6
2019-05-14,Nashik,0.0,38.3,22.0
2019-05-15,Nashik,0.0,37.9,21.1
2019-05-16,Nashik,0.0,37.8,21.8
2019-05-17,Nashik,0.0,38.9,22.5
2019-05-18,Nashik,0.0,38.7,23.9
2019-05-19,Nashik,0.0,39.4,24.7
2019-05-20,Nashik,0.0,40.6,24.8
2019-05-21,Nashik,0.0,40.8,26.1
2019-05-22,Nashik,0.0,39.6,25.1
2019-05-23,Nashik,0.0,40.5,24.7
2019-05-24,Nashik,0.0,39.5,23.9
2019-05-25,Nashik,0.0,39.2,23.8
2019-05-26,Nashik,0.0,38.5,22.8
2019-05-27,Nashik,0.0,39.8,23.4
2019-05-28,Nashik,0.0,40.1,23.4
2019-05-29,Nashik,0.0,39.7,24.0
2019-05-30,Nashik,0.0,39.6,24.1
2019-05-31,Nashik,0.0,40.4,23.2
2019-06-01,Nashik,0.0,38.6,23.6
2019-06-02,Nashik,1.9,38.6,23.8
2019-06-03,Nashik,0.1,37.1,24.6
2019-06-04,Nashik,0.0,38.2,24.5
2019-06-05,Nashik,0.0,40.3,23.7
2019-06-06,Nashik,5.3,36.4,24.9
2019-06-07,Nashik,3.3,39.7,24.0
2019-06-08,Nashik,1.9,39.6,25.4
2019-06-09,Nashik,0.3,39.3,25.1
2019-06-10,Nashik,0.0,36.4,25.7
2019-06-11,Nashik,0.5,38.6,24.9
2019-06-12,Nashik,1.4,35.6,26.7
2019-06-13,Nashik,1.6,34.9,23.9
2019-06-14,Nashik,0.1,35.2,24.0
2019-06-15,Nashik,0.8,32.3,23.9
2019-06-16,Nashik,0.3,33.8,24.1
2019-06-17,Nashik,0.0,33.1,23.9
2019-06-18,Nashik,2.6,33.0,23.7
2019-06-19,Nashik,1.4,31.7,24.2
2019-06-20,Nashik,0.5,33.9,23.0
2019-06-21,Nashik,0.7,35.0,22.8
2019-06-22,Nashik,6.1,36.7,23.4
2019-06-23,Nashik,30.7,31.4,23.3
2019-06-24,Nashik,13.5,26.4,23.4
2019-06-25,Nashik,8.6,30.3,23.2
2019-06-26,Nashik,10.8,31.7,23.4
2019-06-27,Nashik,10.2,30.9,23.3
2019-06-28,Nashik,20.5,29.8,23.2
2019-06-29,Nashik,5.8,26.6,22.6
2019-06-30,Nashik,11.3,24.5,22.7
2019-07-01,Nashik,15.3,24.7,22.5
2019-07-02,Nashik,5.7,27.5,21.9
2019-07-03,Nashik,13.8,25.1,22.5
2019-07-04,Nashik,1.4,28.2,22.7
2019-07-05,Nashik,9.5,28.3,22.9
2019-07-06,Nashik,14.4,25.4,22.6
2019-07-07,Nashik,19.5,24.4,22.6
2019-07-08,Nashik,3.0,27.4,22.9
2019-07-09,Nashik,2.6,28.0,23.5
2019-07-10,Nashik,7.2,28.7,23.0
2019-07-11,Nashik,2.0,26.5,23.0
2019-07-12,Nashik,1.9,28.3,23.2
2019-07-13,Nashik,1.5,28.6,22.8
2019-07-14,Nashik,1.3,29.0,23.3
2019-07-15,Nashik,1.2,29.5,22.8
2019-07-16,Nashik,1.6,29.1,22.9
2019-07-17,Nashik,0.8,29.5,22.8
2019-07-18,Nashik,1.3,29.8,22.5
2019-07-19,Nashik,4.6,31.8,22.5
2019-07-20,Nashik,27.8,30.4,23.9
2019-07-21,Nashik,32.2,29.7,22.6
2019-07-22,Nashik,7.1,31.2,22.4
2019-07-23,Nashik,6.1,29.9,23.7
2019-07-24,Nashik,7.3,30.0,23.3
2019-07-25,Nashik,27.3,26.8,22.6
2019-07-26,Nashik,5.6,27.6,22.8
2019-07-27,Nashik,5.7,25.9,22.7
2019-07-28,Nashik,5.6,26.2,22.6
2019-07-29,Nashik,16.6,25.0,22.4
2019-07-30,Nashik,15.0,24.2,22.3
2019-07-31,Nashik,23.4,23.8,22.2
2019-08-01,Nashik,6.5,26.3,22.6
2019-08-02,Nashik,3.6,26.8,22.3
2019-08-03,Nashik,25.6,24.7,22.6
2019-08-04,Nashik,56.3,24.6,22.4
2019-08-05,Nashik,32.8,25.4,22.7
2019-08-06,Nashik,6.2,27.4,22.9
2019-08-07,Nashik,4.0,25.5,23.0
2019-08-08,Nashik,16.1,24.4,22.8
2019-08-09,Nashik,22.2,24.5,22.9
2019-08-10,Nashik,7.1,26.0,22.4
2019-08-11,Nashik,3.0,26.8,22.3
2019-08-12,Nashik,1.1,28.0,22.3
2019-08-13,Nashik,1.5,28.4,22.2
2019-08-14,Nashik,2.9,25.7,22.9
2019-08-15,Nashik,1.5,27.2,22.9
2019-08-16,Nashik,2.1,27.4,22.5
2019-08-17,Nashik,1.0,27.7,22.1
2019-08-18,Nashik,1.3,28.0,21.6
2019-08-19,Nashik,0.8,28.2,21.1
2019-08-20,Nashik,2.2,28.4,21.6
2019-08-21,Nashik,2.0,28.3,21.2
2019-08-22,Nashik,0.8,28.2,21.7
2019-08-23,Nashik,0.9,28.7,21.1
2019-08-24,Nashik,1.8,27.5,21.2
2019-08-25,Nashik,0.4,27.4,21.7
2019-08-26,Nashik,0.3,27.3,22.3
2019-08-27,Nashik,1.2,27.0,21.7
2019-08-28,Nashik,0.9,28.1,21.6
2019-08-29,Nashik,1.7,28.9,22.1
2019-08-30,Nashik,4.5,29.0,22.6
2019-08-31,Nashik,5.3,27.8,22.3
2019-09-01,Nashik,2.2,27.9,22.7
2019-09-02,Nashik,2.1,28.0,22.4
2019-09-03,Nashik,2.4,26.9,22.7
2019-09-04,Nashik,2.5,28.1,22.7
2019-09-05,Nashik,1.2,28.5,22.4
2019-09-06,Nashik,3.5,27.4,22.8
2019-09-07,Nashik,3.6,26.9,22.9
2019-09-08,Nashik,7.4,25.8,22.7
2019-09-09,Nashik,6.9,26.7,22.7
2019-09-10,Nashik,5.6,26.6,22.6
2019-09-11,Nashik,3.7,27.0,22.3
2019-09-12,Nashik,16.8,24.3,22.1
2019-09-13,Nashik,2.1,26.8,21.7
2019-09-14,Nashik,2.1,25.9,22.1
2019-09-15,Nashik,1.9,27.7,22.4
2019-09-16,Nashik,0.2,28.0,22.2
2019-09-17,Nashik,4.3,26.7,22.0
2019-09-18,Nashik,21.2,28.9,21.5
2019-09-19,Nashik,15.1,28.8,22.0
2019-09-20,Nashik,10.4,28.4,21.5
2019-09-21,Nashik,1.9,28.7,21.7
2019-09-22,Nashik,0.6,29.7,20.9
2019-09-23,Nashik,4.2,29.3,21.3
2019-09-24,Nashik,15.4,28.6,21.7
2019-09-25,Nashik,23.0,26.8,22.0
2019-09-26,Nashik,28.6,27.4,22.2
2019-09-27,Nashik,6.6,27.1,22.2
2019-09-28,Nashik,1.1,28.0,21.3
2019-09-29,Nashik,1.4,28.9,20.4
2019-09-30,Nashik,1.8,28.2,20.3
2019-10-01,Nashik,0.4,27.4,21.4
2019-10-02,Nashik,0.9,28.5,21.2
2019-10-03,Nashik,0.7,28.2,21.3
2019-10-04,Nashik,2.7,28.9,20.6
2019-10-05,Nashik,10.3,29.0,19.9
2019-10-06,Nashik,14.9,28.3,20.4
2019-10-07,Nashik,11.1,28.4,20.6
2019-10-08,Nashik,2.3,29.0,20.9
2019-10-09,Nashik,5.1,29.1,21.1
2019-10-10,Nashik,0.1,29.2,20.7
2019-10-11,Nashik,0.3,28.8,20.0
2019-10-12,Nashik,1.7,29.3,21.0
2019-10-13,Nashik,0.0,29.6,21.2
2019-10-14,Nashik,0.0,30.6,21.7
2019-10-15,Nashik,0.0,30.3,19.8
2019-10-16,Nashik,0.0,30.2,19.0
2019-10-17,Nashik,0.0,29.6,19.1
2019-10-18,Nashik,4.6,29.6,20.0
2019-10-19,Nashik,17.0,25.0,21.9
2019-10-20,Nashik,16.9,23.1,20.7
2019-10-21,Nashik,12.6,26.5,20.5
2019-10-22,Nashik,17.8,26.1,21.0
2019-10-23,Nashik,32.2,25.7,20.8
2019-10-24,Nashik,5.4,22.7,20.7
2019-10-25,Nashik,12.1,25.2,20.7
2019-10-26,Nashik,5.9,25.1,21.2
2019-10-27,Nashik,0.3,26.9,20.9
2019-10-28,Nashik,9.1,28.2,21.0
2019-10-29,Nashik,5.2,28.5,20.9
2019-10-30,Nashik,2.9,28.3,20.8
2019-10-31,Nashik,0.8,27.8,21.0
2019-11-01,Nashik,3.2,27.8,21.4
2019-11-02,Nashik,0.8,27.7,20.6
2019-11-03,Nashik,0.6,27.9,19.5
2019-11-04,Nashik,0.6,28.5,19.5
2019-11-05,Nashik,0.0,28.8,18.5
2019-11-06,Nashik,0.4,28.5,18.6
2019-11-07,Nashik,0.4,28.2,19.1
2019-11-08,Nashik,0.1,28.8,18.5
2019-11-09,Nashik,0.0,28.4,19.0
2019-11-10,Nashik,0.0,28.9,17.8
2019-11-11,Nashik,0.0,28.9,18.1
2019-11-12,Nashik,0.2,28.3,18.0
2019-11-13,Nashik,0.2,28.1,18.5
2019-11-14,Nashik,0.0,27.3,16.0
2019-11-15,Nashik,0.1,27.3,18.2
2019-11-16,Nashik,0.0,28.4,18.6
2019-11-17,Nashik,0.0,28.9,19.3
2019-11-18,Nashik,0.0,28.7,16.8
2019-11-19,Nashik,0.0,29.0,17.1
2019-11-20,Nashik,0.0,29.0,17.0
2019-11-21,Nashik,0.0,29.3,17.4
2019-11-22,Nashik,0.0,28.9,17.3
2019-11-23,Nashik,0.0,28.7,17.6
2019-11-24,Nashik,0.0,28.7,18.0
2019-11-25,Nashik,0.0,28.5,15.9
2019-11-26,Nashik,0.0,28.8,16.7
2019-11-27,Nashik,0.0,28.9,18.4
2019-11-28,Nashik,0.0,29.2,17.6
2019-11-29,Nashik,0.1,28.6,18.2
2019-11-30,Nashik,1.8,27.9,18.8
2019-12-01,Nashik,0.1,28.3,19.0
2019-12-02,Nashik,0.2,28.2,19.3
2019-12-03,Nashik,0.0,28.1,18.8
2019-12-04,Nashik,0.0,28.5,19.7
2019-12-05,Nashik,0.0,28.5,20.9
2019-12-06,Nashik,0.0,27.9,19.6
2019-12-07,Nashik,0.0,26.9,16.4
2019-12-08,Nashik,0.0,27.4,16.0
2019-12-09,Nashik,0.0,28.4,17.2
2019-12-10,Nashik,0.0,28.3,17.9
2019-12-11,Nashik,0.0,28.5,17.9
2019-12-12,Nashik,0.3,28.2,17.5
2019-12-13,Nashik,0.0,26.6,15.2
2019-12-14,Nashik,0.0,27.6,14.4
2019-12-15,Nashik,0.2,27.2,17.3
2019-12-16,Nashik,0.4,26.2,17.8
2019-12-17,Nashik,0.1,25.4,17.4
2019-12-18,Nashik,0.0,27.1,16.6
2019-12-19,Nashik,0.0,27.2,14.9
2019-12-20,Nashik,0.0,27.9,14.6
2019-12-21,Nashik,0.0,28.0,16.3
2019-12-22,Nashik,0.0,27.5,17.0
2019-12-23,Nashik,0.5,27.6,17.8
2019-12-24,Nashik,0.7,28.2,18.0
2019-12-25,Nashik,1.6,27.8,19.1
2019-12-26,Nashik,0.4,27.5,18.8
2019-12-27,Nashik,0.0,24.6,15.2
2019-12-28,Nashik,0.0,25.3,13.1
2019-12-29,Nashik,0.3,23.8,14.0
2019-12-30,Nashik,0.0,26.1,16.4
2019-12-31,Nashik,0.0,26.4,14.6
2020-01-01,Nashik,0.0,26.6,11.9
2020-01-02,Nashik,0.0,27.0,13.5
2020-01-03,Nashik,0.0,24.5,13.7
2020-01-04,Nashik,0.0,23.7,12.1
2020-01-05,Nashik,0.0,24.6,13.6
2020-01-06,Nashik,0.0,26.8,13.1
2020-01-07,Nashik,0.0,28.5,15.4
2020-01-08,Nashik,0.0,26.8,16.7
2020-01-09,Nashik,0.0,24.4,14.4
2020-01-10,Nashik,0.0,25.4,12.2
2020-01-11,Nashik,0.0,26.8,13.2
2020-01-12,Nashik,0.0,27.4,14.3
2020-01-13,Nashik,0.0,27.8,15.3
2020-01-14,Nashik,0.0,26.2,15.7
2020-01-15,Nashik,0.0,27.0,14.8
2020-01-16,Nashik,0.0,22.8,11.7
2020-01-17,Nashik,0.0,23.2,7.6
2020-01-18,Nashik,0.0,25.7,11.0
2020-01-19,Nashik,0.0,26.4,14.7
2020-01-20,Nashik,0.0,27.9,13.8
2020-01-21,Nashik,0.0,29.4,15.3
2020-01-22,Nashik,0.0,29.6,15.9
2020-01-23,Nashik,0.0,28.9,18.4
2020-01-24,Nashik,0.0,28.8,15.9
2020-01-25,Nashik,0.0,28.4,17.0
2020-01-26,Nashik,0.0,30.3,15.5
2020-01-27,Nashik,0.0,30.2,16.5
2020-01-28,Nashik,0.0,26.1,13.9
2020-01-29,Nashik,0.0,23.9,14.5
2020-01-30,Nashik,0.0,25.7,11.5
2020-01-31,Nashik,0.0,26.9,11.9
2020-02-01,Nashik,0.0,26.9,15.1
2020-02-02,Nashik,0.0,28.4,15.2
2020-02-03,Nashik,0.0,29.5,14.9
2020-02-04,Nashik,0.0,29.0,15.5
2020-02-05,Nashik,0.0,29.1,15.4
2020-02-06,Nashik,0.0,29.3,13.9
2020-02-07,Nashik,0.0,27.5,13.0
2020-02-08,Nashik,0.0,26.6,16.2
2020-02-09,Nashik,0.0,27.8,14.7
2020-02-10,Nashik,0.0,28.3,16.2
2020-02-11,Nashik,0.0,28.4,16.5
2020-02-12,Nashik,0.0,29.1,21.1
2020-02-13,Nashik,0.0,30.7,17.9
2020-02-14,Nashik,0.0,30.6,16.7
2020-02-15,Nashik,0.0,31.3,16.9
2020-02-16,Nashik,0.0,32.0,18.8
2020-02-17,Nashik,0.0,32.0,18.6
2020-02-18,Nashik,0.0,32.8,18.0
2020-02-19,Nashik,0.0,33.0,18.4
2020-02-20,Nashik,0.0,33.5,17.3
2020-02-21,Nashik,0.0,32.8,17.5
2020-02-22,Nashik,0.0,33.0,18.1
2020-02-23,Nashik,0.0,34.3,19.4
2020-02-24,Nashik,0.0,33.4,17.8
2020-02-25,Nashik,0.0,29.8,17.1
2020-02-26,Nashik,0.0,31.0,14.5
2020-02-27,Nashik,0.0,31.5,15.5
2020-02-28,Nashik,0.0,33.1,17.5
2020-02-29,Nashik,0.0,33.4,16.3
2020-03-01,Nashik,0.0,32.6,18.3
2020-03-02,Nashik,0.0,32.9,16.5
2020-03-03,Nashik,0.0,32.0,18.2
2020-03-04,Nashik,0.0,30.0,16.3
2020-03-05,Nashik,0.0,30.9,16.0
2020-03-06,Nashik,0.1,28.0,16.8
2020-03-07,Nashik,0.0,29.2,15.7
2020-03-08,Nashik,0.0,31.7,14.8
2020-03-09,Nashik,0.0,32.8,19.4
2020-03-10,Nashik,0.0,30.3,17.7
2020-03-11,Nashik,0.0,29.5,17.0
2020-03-12,Nashik,0.0,30.3,15.7
2020-03-13,Nashik,0.0,30.6,14.1
2020-03-14,Nashik,0.0,31.1,14.8
2020-03-15,Nashik,0.0,32.4,18.7
2020-03-16,Nashik,0.0,34.4,19.3
2020-03-17,Nashik,0.0,35.3,23.0
2020-03-18,Nashik,0.0,35.5,21.0
2020-03-19,Nashik,0.0,35.2,19.0
2020-03-20,Nashik,0.0,33.2,19.1
2020-03-21,Nashik,0.0,33.4,17.1
2020-03-22,Nashik,0.0,34.5,18.2
2020-03-23,Nashik,0.0,35.8,20.7
2020-03-24,Nashik,0.0,35.5,24.1
2020-03-25,Nashik,0.3,36.0,24.6
2020-03-26,Nashik,0.5,33.1,21.4
2020-03-27,Nashik,1.3,33.1,21.7
2020-03-28,Nashik,0.1,33.6,21.8
2020-03-29,Nashik,0.0,35.4,22.7
2020-03-30,Nashik,0.0,35.8,21.5
2020-03-31,Nashik,0.0,37.4,20.5
2020-04-01,Nashik,0.0,37.8,20.7
2020-04-02,Nashik,0.0,37.5,20.6
2020-04-03,Nashik,0.0,38.0,23.4
2020-04-04,Nashik,0.0,38.5,22.6
2020-04-05,Nashik,0.0,38.6,21.0
2020-04-06,Nashik,0.0,38.1,22.6
2020-04-07,Nashik,0.0,37.1,22.0
2020-04-08,Nashik,0.0,35.6,20.4
2020-04-09,Nashik,0.0,36.5,20.2
2020-04-10,Nashik,0.0,37.6,22.4
2020-04-11,Nashik,0.0,39.0,23.3
2020-04-12,Nashik,0.0,39.3,28.0
2020-04-13,Nashik,0.0,39.3,23.8
2020-04-14,Nashik,0.0,39.6,23.5
2020-04-15,Nashik,0.0,39.2,24.8
2020-04-16,Nashik,0.0,38.7,23.6
2020-04-17,Nashik,0.0,38.9,24.3
2020-04-18,Nashik,0.0,38.6,25.7
2020-04-19,Nashik,0.0,38.7,25.1
2020-04-20,Nashik,0.0,38.7,23.6
2020-04-21,Nashik,0.0,38.2,22.7
2020-04-22,Nashik,0.0,38.9,23.6
2020-04-23,Nashik,0.0,38.6,24.9
2020-04-24,Nashik,0.0,38.4,23.5
2020-04-25,Nashik,0.0,36.0,23.1
2020-04-26,Nashik,0.0,37.8,22.3
2020-04-27,Nashik,0.0,38.1,22.5
2020-04-28,Nashik,0.0,37.5,24.3
2020-04-29,Nashik,0.0,39.3,25.1
2020-04-30,Nashik,0.0,39.1,24.3
2020-05-01,Nashik,0.0,38.7,24.3
2020-05-02,Nashik,0.0,39.7,24.0
2020-05-03,Nashik,0.0,39.6,24.8
2020-05-04,Nashik,0.0,39.9,24.3
2020-05-05,Nashik,0.0,39.7,24.1
2020-05-06,Nashik,0.0,40.0,25.3
2020-05-07,Nashik,0.0,40.8,24.6
2020-05-08,Nashik,0.0,39.9,24.0
2020-05-09,Nashik,0.0,40.5,22.8
2020-05-10,Nashik,0.0,39.8,25.6
2020-05-11,Nashik,0.0,37.7,25.5
2020-05-12,Nashik,0.0,39.6,24.7
2020-05-13,Nashik,0.0,38.7,24.1
2020-05-14,Nashik,0.0,38.5,25.2
2020-05-15,Nashik,1.4,39.1,26.9
2020-05-16,Nashik,0.0,38.6,26.7
2020-05-17,Nashik,0.0,39.1,25.3
2020-05-18,Nashik,0.0,38.0,25.9
2020-05-19,Nashik,0.0,36.8,23.7
2020-05-20,Nashik,0.0,38.7,23.0
2020-05-21,Nashik,0.0,39.6,23.3
2020-05-22,Nashik,0.0,38.7,23.0
2020-05-23,Nashik,0.0,40.2,24.2
2020-05-24,Nashik,0.0,40.4,24.1
2020-05-25,Nashik,0.0,40.6,24.8
2020-05-26,Nashik,0.0,39.5,25.2
2020-05-27,Nashik,0.0,38.0,23.7
2020-05-28,Nashik,0.0,37.5,24.1
2020-05-29,Nashik,0.0,37.8,24.6
2020-05-30,Nashik,0.0,37.4,23.8
2020-05-31,Nashik,0.0,38.4,23.5
2020-06-01,Nashik,0.0,32.4,25.3
2020-06-02,Nashik,5.4,30.1,22.8
2020-06-03,Nashik,82.1,23.9,21.8
2020-06-04,Nashik,26.9,29.7,21.4
2020-06-05,Nashik,1.9,29.7,22.8
2020-06-06,Nashik,1.8,30.0,22.5
2020-06-07,Nashik,0.7,29.6,23.0
2020-06-08,Nashik,0.1,28.3,22.6
2020-06-09,Nashik,1.9,30.5,22.8
2020-06-10,Nashik,3.8,31.8,23.2
2020-06-11,Nashik,1.2,31.4,23.3
2020-06-12,Nashik,7.6,29.5,23.4
2020-06-13,Nashik,10.9,30.6,23.3
2020-06-14,Nashik,30.1,28.9,23.0
2020-06-15,Nashik,19.6,30.4,23.3
2020-06-16,Nashik,4.6,29.5,23.4
2020-06-17,Nashik,7.3,29.9,22.8
2020-06-18,Nashik,3.8,27.8,23.1
2020-06-19,Nashik,0.5,28.8,23.1
2020-06-20,Nashik,1.0,30.0,23.5
2020-06-21,Nashik,0.9,29.9,23.4
2020-06-22,Nashik,0.4,30.2,23.1
2020-06-23,Nashik,0.8,30.1,22.7
2020-06-24,Nashik,6.4,30.8,22.5
2020-06-25,Nashik,4.4,31.7,23.3
2020-06-26,Nashik,17.0,31.8,23.8
2020-06-27,Nashik,10.6,31.0,23.2
2020-06-28,Nashik,4.6,30.4,23.5
2020-06-29,Nashik,7.5,26.8,23.5
2020-06-30,Nashik,8.6,28.6,22.8
2020-07-01,Nashik,0.5,29.6,23.0
2020-07-02,Nashik,0.8,30.6,23.1
2020-07-03,Nashik,1.5,31.1,23.1
2020-07-04,Nashik,5.4,29.6,23.5
2020-07-05,Nashik,8.4,26.9,23.1
2020-07-06,Nashik,4.1,27.7,23.3
2020-07-07,Nashik,13.9,28.7,23.4
2020-07-08,Nashik,8.1,29.9,23.2
2020-07-09,Nashik,1.1,28.9,23.3
2020-07-10,Nashik,1.3,28.9,23.3
2020-07-11,Nashik,1.3,28.6,23.2
2020-07-12,Nashik,1.9,29.3,22.7
2020-07-13,Nashik,7.8,28.6,23.0
2020-07-14,Nashik,8.6,28.7,22.9
2020-07-15,Nashik,16.5,25.6,22.8
2020-07-16,Nashik,7.8,27.6,22.3
2020-07-17,Nashik,9.7,28.9,21.4
2020-07-18,Nashik,3.0,30.1,22.0
2020-07-19,Nashik,1.3,29.4,23.0
2020-07-20,Nashik,2.4,29.1,22.9
2020-07-21,Nashik,4.4,28.8,22.4
2020-07-22,Nashik,8.6,29.3,22.3
2020-07-23,Nashik,14.1,28.4,23.2
2020-07-24,Nashik,21.1,27.6,22.8
2020-07-25,Nashik,2.5,28.5,21.7
2020-07-26,Nashik,12.1,29.3,21.8
2020-07-27,Nashik,4.8,29.1,21.9
2020-07-28,Nashik,3.6,28.2,22.9
2020-07-29,Nashik,12.2,28.7,22.6
2020-07-30,Nashik,9.1,29.5,22.8
2020-07-31,Nashik,17.3,30.3,22.8
2020-08-01,Nashik,4.5,30.1,22.6
2020-08-02,Nashik,5.8,30.0,22.9
2020-08-03,Nashik,4.5,28.3,22.9
2020-08-04,Nashik,4.2,29.3,22.6
2020-08-05,Nashik,41.9,27.4,23.2
2020-08-06,Nashik,48.3,28.2,22.8
2020-08-07,Nashik,25.2,27.4,23.4
2020-08-08,Nashik,3.0,28.2,23.1
2020-08-09,Nashik,1.8,27.0,22.8
2020-08-10,Nashik,7.5,24.7,22.9
2020-08-11,Nashik,7.6,25.5,22.7
2020-08-12,Nashik,15.8,24.5,22.7
2020-08-13,Nashik,11.2,25.6,22.6
2020-08-14,Nashik,12.4,25.0,22.2
2020-08-15,Nashik,10.7,26.8,22.3
2020-08-16,Nashik,10.5,25.6,22.6
2020-08-17,Nashik,21.9,25.1,22.3
2020-08-18,Nashik,3.6,25.8,22.2
2020-08-19,Nashik,2.8,25.2,22.5
2020-08-20,Nashik,21.4,25.1,22.2
2020-08-21,Nashik,5.1,26.3,22.3
2020-08-22,Nashik,5.9,25.7,22.9
2020-08-23,Nashik,2.0,26.3,22.6
2020-08-24,Nashik,2.2,27.7,22.5
2020-08-25,Nashik,1.1,27.8,22.3
2020-08-26,Nashik,0.9,28.6,21.6
2020-08-27,Nashik,1.2,26.3,21.7
2020-08-28,Nashik,11.7,24.3,22.2
2020-08-29,Nashik,16.9,23.9,22.1
2020-08-30,Nashik,7.8,24.8,22.0
2020-08-31,Nashik,1.5,27.6,22.0
2020-09-01,Nashik,1.5,28.5,22.0
2020-09-02,Nashik,0.5,29.0,21.2
2020-09-03,Nashik,1.4,29.5,21.4
2020-09-04,Nashik,11.0,30.6,22.1
2020-09-05,Nashik,4.9,30.3,22.3
2020-09-06,Nashik,16.2,28.2,22.8
2020-09-07,Nashik,13.4,29.4,22.3
2020-09-08,Nashik,6.1,29.1,22.9
2020-09-09,Nashik,2.0,30.1,22.8
2020-09-10,Nashik,5.9,29.1,22.4
2020-09-11,Nashik,14.0,27.6,22.9
2020-09-12,Nashik,3.8,29.4,22.6
2020-09-13,Nashik,1.7,27.4,21.8
2020-09-14,Nashik,2.1,28.8,22.0
2020-09-15,Nashik,6.4,28.4,21.9
2020-09-16,Nashik,15.3,28.1,22.1
2020-09-17,Nashik,8.9,28.7,22.0
2020-09-18,Nashik,13.7,28.8,21.9
2020-09-19,Nashik,20.0,29.5,22.3
2020-09-20,Nashik,8.9,27.3,22.5
2020-09-21,Nashik,16.0,28.2,23.0
2020-09-22,Nashik,26.8,28.9,22.7
2020-09-23,Nashik,46.5,25.3,22.4
2020-09-24,Nashik,6.2,29.9,22.4
2020-09-25,Nashik,13.7,27.6,22.4
2020-09-26,Nashik,12.7,28.2,21.1
2020-09-27,Nashik,0.0,27.9,19.7
2020-09-28,Nashik,0.1,28.7,20.1
2020-09-29,Nashik,0.7,28.6,21.0
2020-09-30,Nashik,0.5,28.7,20.9
2020-10-01,Nashik,1.3,29.5,21.1
2020-10-02,Nashik,0.3,30.1,20.9
2020-10-03,Nashik,0.0,30.5,21.2
2020-10-04,Nashik,0.6,30.1,21.8
2020-10-05,Nashik,0.0,29.5,20.8
2020-10-06,Nashik,0.0,30.6,19.5
2020-10-07,Nashik,0.0,30.7,20.8
2020-10-08,Nashik,0.0,30.6,21.8
2020-10-09,Nashik,1.8,30.2,22.4
2020-10-10,Nashik,2.1,30.7,22.0
2020-10-11,Nashik,1.9,30.4,23.1
2020-10-12,Nashik,0.2,30.5,21.9
2020-10-13,Nashik,0.6,31.2,21.7
2020-10-14,Nashik,0.6,29.1,23.9
2020-10-15,Nashik,6.7,28.8,23.1
2020-10-16,Nashik,0.5,29.5,22.3
2020-10-17,Nashik,1.7,29.7,21.7
2020-10-18,Nashik,8.3,28.3,22.3
2020-10-19,Nashik,3.3,29.3,21.7
2020-10-20,Nashik,2.0,29.6,21.8
2020-10-21,Nashik,3.9,29.4,22.1
2020-10-22,Nashik,6.6,28.5,21.6
2020-10-23,Nashik,2.4,28.8,20.8
2020-10-24,Nashik,0.1,29.2,20.0
2020-10-25,Nashik,0.1,28.4,19.0
2020-10-26,Nashik,0.0,29.4,18.9
2020-10-27,Nashik,0.0,29.6,19.2
2020-10-28,Nashik,0.0,29.4,17.5
2020-10-29,Nashik,0.0,29.3,18.8
2020-10-30,Nashik,0.0,29.2,16.0
2020-10-31,Nashik,0.0,29.6,17.4
2020-11-01,Nashik,0.5,28.6,18.4
2020-11-02,Nashik,0.2,30.0,19.4
2020-11-03,Nashik,0.0,30.1,18.1
2020-11-04,Nashik,0.0,29.8,17.8
2020-11-05,Nashik,0.0,29.3,16.1
2020-11-06,Nashik,0.0,29.2,16.7
2020-11-07,Nashik,0.0,29.2,15.0
2020-11-08,Nashik,0.0,29.3,14.9
2020-11-09,Nashik,0.0,28.4,13.7
2020-11-10,Nashik,0.0,27.9,13.2
2020-11-11,Nashik,0.0,28.0,13.3
2020-11-12,Nashik,0.0,28.1,14.8
2020-11-13,Nashik,0.0,29.3,17.5
2020-11-14,Nashik,0.0,30.3,19.0
2020-11-15,Nashik,0.2,30.4,19.8
2020-11-16,Nashik,0.0,30.9,19.5
2020-11-17,Nashik,0.0,30.9,19.6
2020-11-18,Nashik,0.0,30.7,19.7
2020-11-19,Nashik,1.1,29.1,20.5
2020-11-20,Nashik,1.7,29.1,19.5
2020-11-21,Nashik,0.0,29.3,18.3
2020-11-22,Nashik,0.0,29.5,16.6
2020-11-23,Nashik,0.0,29.4,17.4
2020-11-24,Nashik,0.6,27.9,19.1
2020-11-25,Nashik,0.0,28.5,17.3
2020-11-26,Nashik,0.0,28.7,14.7
2020-11-27,Nashik,0.0,26.9,18.0
2020-11-28,Nashik,0.0,28.4,17.6
2020-11-29,Nashik,0.0,28.8,19.5
2020-11-30,Nashik,0.1,29.6,18.5
2020-12-01,Nashik,0.0,30.0,18.9
2020-12-02,Nashik,0.0,29.6,17.9
2020-12-03,Nashik,0.0,29.3,15.4
2020-12-04,Nashik,0.0,28.9,14.7
2020-12-05,Nashik,0.0,28.9,13.4
2020-12-06,Nashik,0.0,28.5,12.6
2020-12-07,Nashik,0.0,29.0,12.8
2020-12-08,Nashik,0.0,29.2,14.1
2020-12-09,Nashik,0.0,29.0,14.3
2020-12-10,Nashik,0.0,29.4,18.1
2020-12-11,Nashik,0.3,29.1,19.9
2020-12-12,Nashik,0.4,25.4,18.4
2020-12-13,Nashik,0.7,26.2,18.0
2020-12-14,Nashik,4.0,24.0,18.0
2020-12-15,Nashik,0.1,27.0,17.7
2020-12-16,Nashik,0.0,27.7,18.6
2020-12-17,Nashik,0.0,26.9,16.9
2020-12-18,Nashik,0.0,27.6,16.6
2020-12-19,Nashik,0.0,27.0,15.6
2020-12-20,Nashik,0.0,26.9,14.4
2020-12-21,Nashik,0.0,26.2,11.4
2020-12-22,Nashik,0.0,26.3,10.3
2020-12-23,Nashik,0.0,26.6,10.2
2020-12-24,Nashik,0.0,27.2,12.1
2020-12-25,Nashik,0.0,27.5,13.5
2020-12-26,Nashik,0.0,28.5,13.9
2020-12-27,Nashik,0.0,28.9,15.8
2020-12-28,Nashik,0.0,27.3,13.0
2020-12-29,Nashik,0.0,27.4,13.4
2020-12-30,Nashik,0.0,27.8,14.9
2020-12-31,Nashik,0.0,27.2,15.1
2021-01-01,Nashik,0.0,28.4,16.7
2021-01-02,Nashik,0.6,28.4,18.6
2021-01-03,Nashik,0.0,28.1,17.4
2021-01-04,Nashik,7.3,23.2,18.2
2021-01-05,Nashik,3.7,25.2,18.2
2021-01-06,Nashik,0.3,27.1,17.0
2021-01-07,Nashik,2.9,26.6,19.0
2021-01-08,Nashik,1.5,26.1,19.7
2021-01-09,Nashik,0.9,27.0,19.4
2021-01-10,Nashik,0.2,28.5,19.4
2021-01-11,Nashik,0.0,28.7,19.0
2021-01-12,Nashik,0.0,29.0,17.8
2021-01-13,Nashik,0.0,28.4,16.6
2021-01-14,Nashik,0.0,28.4,14.4
2021-01-15,Nashik,0.0,29.3,16.3
2021-01-16,Nashik,0.0,29.2,16.4
2021-01-17,Nashik,0.0,29.5,17.0
2021-01-18,Nashik,0.0,29.8,19.1
2021-01-19,Nashik,0.0,29.4,17.8
2021-01-20,Nashik,0.0,29.2,15.5
2021-01-21,Nashik,0.0,28.2,14.4
2021-01-22,Nashik,0.0,29.1,14.0
2021-01-23,Nashik,0.0,29.4,14.9
2021-01-24,Nashik,0.0,29.1,14.3
2021-01-25,Nashik,0.0,29.1,12.8
2021-01-26,Nashik,0.0,28.8,12.8
2021-01-27,Nashik,0.0,28.2,13.7
2021-01-28,Nashik,0.0,29.0,13.2
2021-01-29,Nashik,0.0,27.6,14.6
2021-01-30,Nashik,0.0,27.6,14.1
2021-01-31,Nashik,0.0,28.3,14.5
2021-02-01,Nashik,0.0,28.6,14.8
2021-02-02,Nashik,0.0,28.9,13.9
2021-02-03,Nashik,0.0,29.4,13.7
2021-02-04,Nashik,0.0,29.4,14.5
2021-02-05,Nashik,0.0,27.8,15.3
2021-02-06,Nashik,0.0,26.9,15.8
2021-02-07,Nashik,0.0,27.7,14.3
2021-02-08,Nashik,0.0,28.6,11.8
2021-02-09,Nashik,0.0,29.6,13.0
2021-02-10,Nashik,0.0,30.2,14.8
2021-02-11,Nashik,0.0,30.7,13.8
2021-02-12,Nashik,0.0,31.2,14.9
2021-02-13,Nashik,0.0,31.5,16.8
2021-02-14,Nashik,0.0,31.4,17.6
2021-02-15,Nashik,0.0,30.9,17.0
2021-02-16,Nashik,0.0,30.0,17.1
2021-02-17,Nashik,0.1,28.7,18.4
2021-02-18,Nashik,2.5,29.0,18.6
2021-02-19,Nashik,0.2,26.8,16.1
2021-02-20,Nashik,0.0,27.7,14.0
2021-02-21,Nashik,0.0,29.7,17.3
2021-02-22,Nashik,0.0,30.4,15.8
2021-02-23,Nashik,0.0,31.4,16.6
2021-02-24,Nashik,0.0,31.5,18.0
2021-02-25,Nashik,0.0,32.2,17.1
2021-02-26,Nashik,0.0,32.4,17.7
2021-02-27,Nashik,0.0,32.7,17.0
2021-02-28,Nashik,0.0,33.4,18.5
2021-03-01,Nashik,0.0,33.6,18.4
2021-03-02,Nashik,0.0,33.8,20.8
2021-03-03,Nashik,0.0,33.8,17.3
2021-03-04,Nashik,0.0,33.8,16.9
2021-03-05,Nashik,0.0,34.2,16.7
2021-03-06,Nashik,0.0,34.2,17.0
2021-03-07,Nashik,0.0,33.9,17.8
2021-03-08,Nashik,0.0,34.2,18.8
2021-03-09,Nashik,0.0,34.4,17.8
2021-03-10,Nashik,0.0,35.5,18.9
2021-03-11,Nashik,0.0,34.0,19.7
2021-03-12,Nashik,0.0,34.5,19.9
2021-03-13,Nashik,0.0,34.3,19.8
2021-03-14,Nashik,0.0,35.1,20.1
2021-03-15,Nashik,0.0,35.0,21.3
2021-03-16,Nashik,0.0,34.5,19.5
2021-03-17,Nashik,0.0,35.2,22.3
2021-03-18,Nashik,0.0,35.2,20.9
2021-03-19,Nashik,0.0,34.1,21.6
2021-03-20,Nashik,0.0,34.0,19.4
2021-03-21,Nashik,0.0,34.8,18.4
2021-03-22,Nashik,0.0,34.7,19.0
2021-03-23,Nashik,0.2,34.2,20.6
2021-03-24,Nashik,0.0,34.4,19.7
2021-03-25,Nashik,0.0,35.6,20.3
2021-03-26,Nashik,0.0,35.9,21.5
2021-03-27,Nashik,0.0,37.1,20.9
2021-03-28,Nashik,0.0,37.9,22.5
2021-03-29,Nashik,0.0,38.8,22.3
2021-03-30,Nashik,0.0,36.7,21.8
2021-03-31,Nashik,0.0,37.6,20.4
2021-04-01,Nashik,0.0,36.6,20.7
2021-04-02,Nashik,0.0,36.3,19.1
2021-04-03,Nashik,0.0,37.5,20.6
2021-04-04,Nashik,0.0,37.6,21.2
2021-04-05,Nashik,0.0,38.5,21.3
2021-04-06,Nashik,0.0,39.0,22.0
2021-04-07,Nashik,0.0,38.9,23.1
2021-04-08,Nashik,0.0,38.1,23.2
2021-04-09,Nashik,0.0,37.8,22.4
2021-04-10,Nashik,0.0,38.8,22.9
2021-04-11,Nashik,0.0,36.9,25.8
2021-04-12,Nashik,0.0,36.8,23.6
2021-04-13,Nashik,0.0,36.7,23.5
2021-04-14,Nashik,0.1,34.9,23.5
2021-04-15,Nashik,0.0,36.1,20.1
2021-04-16,Nashik,0.0,37.1,22.9
2021-04-17,Nashik,0.0,36.5,21.9
2021-04-18,Nashik,0.0,38.0,23.1
2021-04-19,Nashik,0.0,37.0,23.8
2021-04-20,Nashik,0.0,36.7,22.4
2021-04-21,Nashik,0.0,35.0,21.4
2021-04-22,Nashik,0.0,37.0,21.7
2021-04-23,Nashik,0.0,37.3,23.4
2021-04-24,Nashik,0.0,38.1,21.1
2021-04-25,Nashik,0.0,37.9,23.5
2021-04-26,Nashik,0.0,38.4,23.5
2021-04-27,Nashik,0.0,38.0,23.1
2021-04-28,Nashik,0.0,38.3,23.9
2021-04-29,Nashik,0.0,38.3,24.1
2021-04-30,Nashik,0.6,38.2,24.2
2021-05-01,Nashik,2.7,34.7,25.0
2021-05-02,Nashik,0.0,36.7,24.0
2021-05-03,Nashik,0.0,36.3,21.8
2021-05-04,Nashik,0.0,37.1,23.4
2021-05-05,Nashik,0.0,37.3,25.1
2021-05-06,Nashik,0.0,37.8,24.5
2021-05-07,Nashik,0.0,38.0,24.7
2021-05-08,Nashik,0.0,37.9,25.0
2021-05-09,Nashik,0.0,37.9,25.3
2021-05-10,Nashik,0.0,38.5,23.2
2021-05-11,Nashik,0.0,37.1,22.7
2021-05-12,Nashik,0.0,37.8,22.1
2021-05-13,Nashik,0.0,36.9,21.4
2021-05-14,Nashik,0.0,38.6,22.5
2021-05-15,Nashik,0.1,37.8,26.7
2021-05-16,Nashik,2.9,32.8,25.9
2021-05-17,Nashik,2.1,30.1,24.4
2021-05-18,Nashik,4.1,32.7,23.5
2021-05-19,Nashik,17.5,29.5,23.3
2021-05-20,Nashik,0.9,32.3,22.3
2021-05-21,Nashik,0.0,36.0,21.2
2021-05-22,Nashik,0.2,33.6,22.3
2021-05-23,Nashik,0.0,34.5,22.8
2021-05-24,Nashik,0.0,36.2,22.2
2021-05-25,Nashik,0.0,36.4,22.4
2021-05-26,Nashik,0.0,35.8,22.8
2021-05-27,Nashik,0.0,34.0,23.6
2021-05-28,Nashik,0.2,35.2,23.2
2021-05-29,Nashik,0.2,36.9,23.6
2021-05-30,Nashik,2.3,36.1,24.2
2021-05-31,Nashik,0.1,36.3,24.1
2021-06-01,Nashik,1.2,36.3,24.2
2021-06-02,Nashik,7.4,36.2,22.9
2021-06-03,Nashik,0.6,35.5,23.3
2021-06-04,Nashik,0.9,33.0,23.0
2021-06-05,Nashik,0.7,28.0,23.8
2021-06-06,Nashik,2.6,30.1,23.1
2021-06-07,Nashik,1.1,30.2,22.3
2021-06-08,Nashik,3.2,31.8,22.7
2021-06-09,Nashik,2.4,31.3,23.3
2021-06-10,Nashik,4.2,28.3,23.2
2021-06-11,Nashik,1.2,30.6,23.3
2021-06-12,Nashik,1.9,32.6,23.1
2021-06-13,Nashik,0.3,32.2,24.1
2021-06-14,Nashik,0.7,32.6,23.6
2021-06-15,Nashik,0.5,30.1,23.7
2021-06-16,Nashik,2.0,30.4,23.2
2021-06-17,Nashik,0.7,27.2,22.6
2021-06-18,Nashik,1.4,29.6,21.8
2021-06-19,Nashik,0.3,29.7,22.1
2021-06-20,Nashik,1.6,30.1,22.1
2021-06-21,Nashik,0.5,31.0,22.1
2021-06-22,Nashik,0.9,31.5,22.9
2021-06-23,Nashik,2.1,32.1,22.8
2021-06-24,Nashik,18.5,25.3,22.5
2021-06-25,Nashik,10.3,28.3,22.4
2021-06-26,Nashik,2.0,28.3,22.8
2021-06-27,Nashik,3.4,28.6,22.4
2021-06-28,Nashik,21.4,29.4,22.2
2021-06-29,Nashik,3.9,30.7,22.0
2021-06-30,Nashik,3.0,30.3,22.7
2021-07-01,Nashik,0.2,30.1,23.2
2021-07-02,Nashik,0.3,30.6,22.4
2021-07-03,Nashik,0.3,30.7,22.1
2021-07-04,Nashik,0.0,31.7,22.5
2021-07-05,Nashik,0.0,32.7,22.0
2021-07-06,Nashik,0.7,32.9,22.3
2021-07-07,Nashik,0.8,32.9,23.0
2021-07-08,Nashik,1.7,31.8,23.4
2021-07-09,Nashik,3.5,29.7,23.1
2021-07-10,Nashik,33.1,30.2,23.1
2021-07-11,Nashik,5.7,30.2,22.9
2021-07-12,Nashik,11.6,30.7,23.0
2021-07-13,Nashik,9.4,28.3,23.3
2021-07-14,Nashik,8.4,28.5,22.7
2021-07-15,Nashik,12.6,27.2,22.3
2021-07-16,Nashik,6.9,29.7,22.7
2021-07-17,Nashik,4.5,30.5,22.8
2021-07-18,Nashik,78.7,25.7,23.3
2021-07-19,Nashik,40.6,25.8,22.9
2021-07-20,Nashik,4.9,27.6,23.0
2021-07-21,Nashik,7.6,27.2,22.7
2021-07-22,Nashik,1.0,26.7,23.4
2021-07-23,Nashik,33.3,24.9,22.7
2021-07-24,Nashik,1.7,27.0,22.5
2021-07-25,Nashik,1.5,26.1,23.2
2021-07-26,Nashik,5.0,27.6,22.9
2021-07-27,Nashik,3.7,27.6,22.3
2021-07-28,Nashik,6.9,27.2,22.5
2021-07-29,Nashik,10.0,26.1,22.5
2021-07-30,Nashik,2.8,26.9,22.1
2021-07-31,Nashik,0.9,27.5,22.4
2021-08-01,Nashik,1.4,27.2,22.7
2021-08-02,Nashik,0.9,27.2,22.0
2021-08-03,Nashik,2.7,27.4,22.3
2021-08-04,Nashik,2.8,27.5,22.6
2021-08-05,Nashik,1.7,28.4,22.6
2021-08-06,Nashik,1.4,28.2,22.2
2021-08-07,Nashik,1.6,28.6,21.7
2021-08-08,Nashik,1.1,29.1,22.1
2021-08-09,Nashik,0.3,29.8,22.3
2021-08-10,Nashik,1.6,28.6,21.7
2021-08-11,Nashik,1.6,29.2,22.3
2021-08-12,Nashik,0.8,28.5,22.0
2021-08-13,Nashik,1.0,28.9,21.9
2021-08-14,Nashik,0.9,29.2,21.9
2021-08-15,Nashik,2.6,28.6,22.0
2021-08-16,Nashik,1.6,29.3,21.8
2021-08-17,Nashik,12.6,24.5,21.8
2021-08-18,Nashik,36.9,23.7,21.2
2021-08-19,Nashik,39.9,23.5,21.1
2021-08-20,Nashik,22.9,23.5,20.8
2021-08-21,Nashik,6.8,27.3,21.5
2021-08-22,Nashik,2.5,27.8,21.7
2021-08-23,Nashik,0.6,29.2,21.3
2021-08-24,Nashik,0.5,29.0,21.3
2021-08-25,Nashik,0.2,28.5,21.2
2021-08-26,Nashik,1.1,27.5,21.0
2021-08-27,Nashik,1.4,28.5,21.5
2021-08-28,Nashik,1.0,28.8,21.0
2021-08-29,Nashik,0.2,29.2,21.3
2021-08-30,Nashik,12.5,26.8,22.0
2021-08-31,Nashik,45.5,23.8,21.6
2021-09-01,Nashik,1.8,27.7,21.8
2021-09-02,Nashik,0.8,27.7,21.6
2021-09-03,Nashik,3.8,28.2,20.6
2021-09-04,Nashik,8.6,27.6,22.2
2021-09-05,Nashik,5.1,26.4,22.1
2021-09-06,Nashik,15.0,27.8,22.0
2021-09-07,Nashik,14.9,27.1,22.3
2021-09-08,Nashik,26.5,27.0,22.0
2021-09-09,Nashik,2.0,27.3,22.5
2021-09-10,Nashik,2.8,27.4,22.5
2021-09-11,Nashik,5.3,27.9,22.7
2021-09-12,Nashik,8.2,27.2,22.3
2021-09-13,Nashik,51.6,24.3,22.3
2021-09-14,Nashik,5.1,27.0,22.6
2021-09-15,Nashik,0.7,26.9,22.3
2021-09-16,Nashik,0.4,26.7,21.8
2021-09-17,Nashik,0.6,26.2,21.7
2021-09-18,Nashik,0.5,27.6,21.1
2021-09-19,Nashik,2.0,27.7,21.4
2021-09-20,Nashik,2.1,28.0,22.1
2021-09-21,Nashik,8.7,26.2,22.3
2021-09-22,Nashik,15.9,24.7,21.7
2021-09-23,Nashik,7.5,26.6,21.4
2021-09-24,Nashik,0.8,27.7,21.3
2021-09-25,Nashik,0.5,28.4,21.4
2021-09-26,Nashik,5.4,27.8,21.0
2021-09-27,Nashik,13.6,27.1,21.3
2021-09-28,Nashik,59.5,25.8,21.1
2021-09-29,Nashik,13.1,27.6,21.5
2021-09-30,Nashik,2.6,28.9,19.7
2021-10-01,Nashik,7.8,29.6,20.7
2021-10-02,Nashik,3.7,27.3,21.5
2021-10-03,Nashik,0.8,29.6,20.5
2021-10-04,Nashik,0.3,30.1,20.6
2021-10-05,Nashik,3.0,29.8,21.6
2021-10-06,Nashik,8.1,29.3,22.5
2021-10-07,Nashik,1.8,30.0,21.5
2021-10-08,Nashik,2.3,30.4,22.5
2021-10-09,Nashik,14.8,28.2,22.4
2021-10-10,Nashik,1.7,28.6,21.6
2021-10-11,Nashik,1.1,28.9,20.6
2021-10-12,Nashik,1.3,28.6,21.2
2021-10-13,Nashik,0.2,29.7,20.9
2021-10-14,Nashik,0.0,30.2,20.1
2021-10-15,Nashik,0.0,29.5,20.5
2021-10-16,Nashik,0.0,29.7,17.0
2021-10-17,Nashik,0.1,28.2,21.9
2021-10-18,Nashik,0.0,29.5,19.7
2021-10-19,Nashik,0.0,29.3,18.6
2021-10-20,Nashik,0.0,29.2,15.7
2021-10-21,Nashik,0.0,29.4,17.3
2021-10-22,Nashik,0.0,28.8,16.7
2021-10-23,Nashik,0.0,29.3,16.0
2021-10-24,Nashik,0.0,28.8,16.9
2021-10-25,Nashik,0.0,29.3,17.1
2021-10-26,Nashik,0.0,29.2,17.6
2021-10-27,Nashik,0.0,30.1,17.5
2021-10-28,Nashik,0.0,29.4,17.5
2021-10-29,Nashik,0.0,28.3,17.8
2021-10-30,Nashik,0.0,28.1,17.9
2021-10-31,Nashik,0.0,29.5,17.9
2021-11-01,Nashik,0.0,29.8,16.2
2021-11-02,Nashik,0.0,29.5,18.1
2021-11-03,Nashik,0.0,29.9,16.8
2021-11-04,Nashik,0.0,30.0,19.5
2021-11-05,Nashik,0.2,29.2,19.7
2021-11-06,Nashik,0.0,28.9,20.4
2021-11-07,Nashik,0.0,29.6,20.6
2021-11-08,Nashik,0.0,29.0,18.3
2021-11-09,Nashik,0.0,28.9,15.7
2021-11-10,Nashik,0.0,28.8,15.5
2021-11-11,Nashik,0.0,27.9,17.1
2021-11-12,Nashik,0.0,28.2,17.5
2021-11-13,Nashik,0.0,29.7,19.4
2021-11-14,Nashik,0.0,30.8,20.7
2021-11-15,Nashik,0.0,31.1,20.2
2021-11-16,Nashik,0.0,31.1,20.6
2021-11-17,Nashik,4.8,30.1,21.7
2021-11-18,Nashik,3.8,29.3,20.3
2021-11-19,Nashik,0.0,29.4,20.6
2021-11-20,Nashik,0.9,30.1,21.0
2021-11-21,Nashik,8.9,29.3,21.5
2021-11-22,Nashik,3.3,28.7,20.7
2021-11-23,Nashik,0.5,29.9,20.7
2021-11-24,Nashik,0.0,30.6,21.5
2021-11-25,Nashik,0.0,30.8,19.2
2021-11-26,Nashik,0.0,30.0,17.3
2021-11-27,Nashik,0.0,29.3,15.9
2021-11-28,Nashik,0.0,28.4,15.6
2021-11-29,Nashik,0.0,28.5,13.8
2021-11-30,Nashik,0.8,28.1,17.4
2021-12-01,Nashik,33.5,20.9,16.2
2021-12-02,Nashik,32.1,21.2,15.6
2021-12-03,Nashik,1.1,23.9,16.6
2021-12-04,Nashik,2.0,25.2,18.9
2021-12-05,Nashik,1.2,26.0,18.1
2021-12-06,Nashik,0.3,25.8,16.6
2021-12-07,Nashik,0.0,26.5,18.3
2021-12-08,Nashik,0.0,26.1,17.4
2021-12-09,Nashik,0.0,26.4,18.1
2021-12-10,Nashik,0.0,26.6,18.3
2021-12-11,Nashik,0.0,26.5,15.5
2021-12-12,Nashik,0.0,26.6,16.0
2021-12-13,Nashik,0.0,26.1,14.6
2021-12-14,Nashik,0.0,25.8,15.3
2021-12-15,Nashik,0.1,25.8,15.1
2021-12-16,Nashik,0.1,26.2,16.2
2021-12-17,Nashik,0.0,25.9,15.1
2021-12-18,Nashik,0.0,25.3,14.3
2021-12-19,Nashik,0.0,24.7,13.4
2021-12-20,Nashik,0.0,24.9,12.2
2021-12-21,Nashik,0.0,25.6,11.8
2021-12-22,Nashik,0.0,26.7,13.1
2021-12-23,Nashik,0.0,27.4,13.9
2021-12-24,Nashik,0.0,28.2,12.9
2021-12-25,Nashik,0.0,26.6,12.1
2021-12-26,Nashik,0.0,27.3,13.6
2021-12-27,Nashik,0.0,27.0,15.4
2021-12-28,Nashik,0.0,27.9,15.3
2021-12-29,Nashik,0.0,23.6,12.3
2021-12-30,Nashik,0.0,23.6,13.3
2021-12-31,Nashik,0.2,25.2,15.0
2022-01-01,Nashik,0.1,26.0,14.3
2022-01-02,Nashik,0.1,25.9,14.7
2022-01-03,Nashik,0.0,26.3,16.0
2022-01-04,Nashik,0.0,26.7,15.2
2022-01-05,Nashik,0.0,27.9,15.2
2022-01-06,Nashik,0.0,26.5,15.2
2022-01-07,Nashik,0.0,26.6,14.6
2022-01-08,Nashik,0.3,24.6,14.5
2022-01-09,Nashik,1.6,23.9,12.7
2022-01-10,Nashik,0.0,23.9,9.6
2022-01-11,Nashik,0.3,24.1,13.7
2022-01-12,Nashik,0.0,23.7,13.2
2022-01-13,Nashik,0.0,23.9,12.7
2022-01-14,Nashik,0.5,23.4,14.5
2022-01-15,Nashik,0.0,24.9,13.7
2022-01-16,Nashik,0.0,25.7,13.5
2022-01-17,Nashik,0.0,26.1,14.2
2022-01-18,Nashik,0.0,26.7,13.9
2022-01-19,Nashik,0.0,27.8,14.7
2022-01-20,Nashik,0.0,28.8,13.9
2022-01-21,Nashik,0.0,28.4,14.8
2022-01-22,Nashik,1.3,25.1,15.6
2022-01-23,Nashik,0.3,21.5,12.8
2022-01-24,Nashik,0.0,21.8,10.2
2022-01-25,Nashik,0.0,22.9,10.6
2022-01-26,Nashik,0.0,23.9,10.1
2022-01-27,Nashik,0.0,24.8,11.9
2022-01-28,Nashik,0.0,25.3,11.4
2022-01-29,Nashik,0.0,26.3,9.7
2022-01-30,Nashik,0.0,28.1,11.9
2022-01-31,Nashik,0.0,28.9,12.4
2022-02-01,Nashik,0.0,29.2,11.7
2022-02-02,Nashik,0.0,29.7,14.4
2022-02-03,Nashik,0.0,28.0,13.4
2022-02-04,Nashik,0.0,25.3,14.0
2022-02-05,Nashik,0.0,27.3,11.6
2022-02-06,Nashik,0.0,29.3,12.2
2022-02-07,Nashik,0.0,29.6,12.9
2022-02-08,Nashik,0.0,29.3,13.6
2022-02-09,Nashik,0.0,27.9,13.4
2022-02-10,Nashik,0.0,27.6,16.4
2022-02-11,Nashik,0.0,27.5,15.1
2022-02-12,Nashik,0.0,28.7,13.0
2022-02-13,Nashik,0.0,29.3,13.9
2022-02-14,Nashik,0.0,29.9,14.4
2022-02-15,Nashik,0.0,29.1,13.8
2022-02-16,Nashik,0.0,27.8,14.6
2022-02-17,Nashik,0.0,28.7,16.9
2022-02-18,Nashik,0.0,31.1,17.0
2022-02-19,Nashik,0.0,32.3,18.1
2022-02-20,Nashik,0.0,31.5,17.7
2022-02-21,Nashik,0.0,31.8,15.8
2022-02-22,Nashik,0.0,33.8,15.4
2022-02-23,Nashik,0.0,35.0,16.3
2022-02-24,Nashik,0.0,33.8,16.5
2022-02-25,Nashik,0.0,32.8,17.0
2022-02-26,Nashik,0.0,33.3,16.0
2022-02-27,Nashik,0.0,32.7,16.6
2022-02-28,Nashik,0.0,33.1,18.5
2022-03-01,Nashik,0.0,33.5,17.8
2022-03-02,Nashik,0.0,33.9,18.3
2022-03-03,Nashik,0.0,33.1,20.5
2022-03-04,Nashik,0.0,33.3,19.9
2022-03-05,Nashik,0.0,33.9,18.8
2022-03-06,Nashik,0.0,33.9,19.6
2022-03-07,Nashik,0.5,33.4,22.4
2022-03-08,Nashik,0.6,32.8,20.3
2022-03-09,Nashik,0.6,30.7,19.7
2022-03-10,Nashik,0.0,33.1,17.5
2022-03-11,Nashik,0.7,32.9,19.6
2022-03-12,Nashik,0.0,33.6,19.5
2022-03-13,Nashik,0.0,34.6,21.1
2022-03-14,Nashik,0.0,35.7,20.3
2022-03-15,Nashik,0.0,36.4,20.9
2022-03-16,Nashik,0.0,37.6,25.1
2022-03-17,Nashik,0.0,38.0,24.9
2022-03-18,Nashik,0.0,38.1,22.5
2022-03-19,Nashik,0.0,38.6,21.5
2022-03-20,Nashik,0.0,35.5,21.1
2022-03-21,Nashik,0.0,35.3,20.9
2022-03-22,Nashik,0.0,36.8,25.3
2022-03-23,Nashik,0.0,37.6,25.0
2022-03-24,Nashik,0.0,37.7,23.7
2022-03-25,Nashik,0.0,38.9,21.8
2022-03-26,Nashik,0.0,38.7,23.9
2022-03-27,Nashik,0.0,39.2,21.6
2022-03-28,Nashik,0.0,39.0,24.1
2022-03-29,Nashik,0.0,38.9,21.9
2022-03-30,Nashik,0.0,38.7,21.3
2022-03-31,Nashik,0.0,38.8,20.8
2022-04-01,Nashik,0.0,38.8,18.5
2022-04-02,Nashik,0.0,39.6,21.8
2022-04-03,Nashik,0.0,40.0,21.8
2022-04-04,Nashik,0.0,41.7,23.6
2022-04-05,Nashik,0.0,40.5,23.5
2022-04-06,Nashik,0.0,40.7,22.8
2022-04-07,Nashik,0.0,41.5,23.1
2022-04-08,Nashik,0.0,40.1,25.2
2022-04-09,Nashik,0.0,40.2,23.9
2022-04-10,Nashik,0.0,39.9,24.1
2022-04-11,Nashik,0.0,40.1,23.2
2022-04-12,Nashik,0.0,40.6,23.9
2022-04-13,Nashik,0.0,40.5,24.6
2022-04-14,Nashik,0.0,40.1,24.2
2022-04-15,Nashik,0.0,39.2,22.2
2022-04-16,Nashik,0.0,39.2,22.2
2022-04-17,Nashik,0.0,39.6,22.3
2022-04-18,Nashik,0.0,40.4,23.1
2022-04-19,Nashik,0.0,40.8,24.7
2022-04-20,Nashik,0.0,39.7,25.0
2022-04-21,Nashik,0.0,38.5,27.1
2022-04-22,Nashik,0.1,39.8,25.2
2022-04-23,Nashik,0.0,39.4,24.8
2022-04-24,Nashik,0.0,40.0,25.7
2022-04-25,Nashik,0.0,40.3,24.1
2022-04-26,Nashik,0.0,40.0,24.6
2022-04-27,Nashik,0.0,41.3,24.9
2022-04-28,Nashik,0.0,41.7,26.2
2022-04-29,Nashik,0.0,39.5,26.0
2022-04-30,Nashik,0.0,39.7,24.6
2022-05-01,Nashik,0.0,39.1,23.5
2022-05-02,Nashik,0.0,38.8,23.4
2022-05-03,Nashik,0.0,38.3,23.1
2022-05-04,Nashik,0.0,38.9,21.7
2022-05-05,Nashik,0.0,39.2,23.3
2022-05-06,Nashik,0.0,39.5,22.9
2022-05-07,Nashik,0.0,40.6,23.4
2022-05-08,Nashik,0.0,40.6,25.3
2022-05-09,Nashik,0.0,41.1,25.8
2022-05-10,Nashik,0.0,41.7,24.3
2022-05-11,Nashik,0.0,41.4,24.9
2022-05-12,Nashik,0.0,38.4,23.8
2022-05-13,Nashik,0.0,38.8,23.9
2022-05-14,Nashik,0.0,37.9,23.0
2022-05-15,Nashik,0.0,39.9,23.0
2022-05-16,Nashik,0.0,40.4,22.7
2022-05-17,Nashik,0.0,38.4,23.6
2022-05-18,Nashik,0.0,39.5,22.2
2022-05-19,Nashik,0.0,40.8,23.5
2022-05-20,Nashik,0.0,38.3,23.9
2022-05-21,Nashik,0.0,36.4,23.3
2022-05-22,Nashik,0.0,35.0,23.5
2022-05-23,Nashik,0.3,36.0,23.8
2022-05-24,Nashik,0.1,35.6,23.9
2022-05-25,Nashik,0.0,37.0,23.2
2022-05-26,Nashik,0.0,36.6,23.1
2022-05-27,Nashik,0.0,34.7,22.6
2022-05-28,Nashik,0.0,35.1,22.7
2022-05-29,Nashik,0.0,34.4,23.2
2022-05-30,Nashik,0.0,35.8,23.2
2022-05-31,Nashik,0.0,37.0,23.1
2022-06-01,Nashik,4.9,37.5,23.0
2022-06-02,Nashik,0.0,36.3,23.1
2022-06-03,Nashik,0.0,36.2,22.2
2022-06-04,Nashik,0.0,36.5,22.3
2022-06-05,Nashik,0.0,38.3,22.1
2022-06-06,Nashik,0.4,37.2,23.6
2022-06-07,Nashik,0.1,35.7,23.3
2022-06-08,Nashik,0.3,35.7,23.8
2022-06-09,Nashik,6.1,36.8,24.5
2022-06-10,Nashik,3.2,33.4,24.4
2022-06-11,Nashik,19.3,32.0,23.1
2022-06-12,Nashik,5.7,31.5,22.5
2022-06-13,Nashik,1.4,33.4,22.5
2022-06-14,Nashik,0.3,34.5,22.8
2022-06-15,Nashik,1.1,33.7,23.2
2022-06-16,Nashik,0.8,33.8,23.3
2022-06-17,Nashik,1.6,34.4,23.3
2022-06-18,Nashik,2.0,33.7,23.6
2022-06-19,Nashik,4.1,33.0,23.7
2022-06-20,Nashik,4.8,30.6,23.4
2022-06-21,Nashik,2.6,31.0,22.7
2022-06-22,Nashik,26.0,31.7,23.2
2022-06-23,Nashik,15.2,30.6,22.4
2022-06-24,Nashik,21.2,30.2,22.6
2022-06-25,Nashik,4.9,29.8,22.0
2022-06-26,Nashik,1.0,31.3,22.1
2022-06-27,Nashik,10.6,30.6,22.6
2022-06-28,Nashik,6.6,29.0,22.3
2022-06-29,Nashik,3.0,30.1,22.3
2022-06-30,Nashik,4.8,29.0,23.1
2022-07-01,Nashik,11.2,28.5,22.3
2022-07-02,Nashik,1.8,26.7,22.8
2022-07-03,Nashik,1.5,29.3,22.7
2022-07-04,Nashik,5.1,27.0,22.9
2022-07-05,Nashik,3.4,25.6,22.6
2022-07-06,Nashik,0.9,27.6,21.8
2022-07-07,Nashik,1.8,27.9,22.7
2022-07-08,Nashik,7.2,25.8,22.1
2022-07-09,Nashik,8.6,25.9,21.7
2022-07-10,Nashik,15.0,25.0,21.3
2022-07-11,Nashik,41.4,23.7,21.7
2022-07-12,Nashik,38.3,23.5,21.4
2022-07-13,Nashik,62.1,23.7,21.5
2022-07-14,Nashik,74.9,24.7,21.8
2022-07-15,Nashik,2.7,26.3,22.5
2022-07-16,Nashik,9.3,29.1,22.7
2022-07-17,Nashik,2.4,28.5,22.8
2022-07-18,Nashik,21.0,23.7,21.6
2022-07-19,Nashik,2.9,25.5,21.7
2022-07-20,Nashik,3.3,27.9,22.1
2022-07-21,Nashik,1.0,28.5,21.9
2022-07-22,Nashik,0.5,28.3,21.8
2022-07-23,Nashik,6.6,26.4,22.2
2022-07-24,Nashik,13.5,24.3,22.1
2022-07-25,Nashik,3.0,27.2,21.8
2022-07-26,Nashik,3.4,28.4,22.2
2022-07-27,Nashik,8.4,27.1,22.1
2022-07-28,Nashik,2.1,29.8,21.6
2022-07-29,Nashik,0.4,29.1,22.1
2022-07-30,Nashik,0.9,30.2,21.9
2022-07-31,Nashik,0.1,30.0,21.2
2022-08-01,Nashik,1.1,29.1,21.6
2022-08-02,Nashik,0.5,28.7,21.6
2022-08-03,Nashik,4.5,30.4,22.0
2022-08-04,Nashik,9.5,29.4,22.4
2022-08-05,Nashik,18.7,27.1,22.2
2022-08-06,Nashik,8.3,28.9,22.1
2022-08-07,Nashik,29.0,29.3,22.2
2022-08-08,Nashik,12.7,28.3,22.5
2022-08-09,Nashik,2.9,26.3,22.5
2022-08-10,Nashik,6.2,25.7,22.6
2022-08-11,Nashik,2.8,27.2,22.5
2022-08-12,Nashik,2.8,26.6,22.4
2022-08-13,Nashik,5.2,26.8,22.0
2022-08-14,Nashik,5.2,27.9,22.4
2022-08-15,Nashik,9.2,25.2,21.7
2022-08-16,Nashik,8.2,25.3,21.7
2022-08-17,Nashik,1.7,27.1,22.2
2022-08-18,Nashik,3.1,27.2,22.2
2022-08-19,Nashik,2.1,27.6,21.8
2022-08-20,Nashik,2.9,28.0,22.3
2022-08-21,Nashik,1.8,27.2,21.9
2022-08-22,Nashik,3.3,24.5,22.3
2022-08-23,Nashik,3.5,26.4,22.1
2022-08-24,Nashik,1.5,27.4,22.2
2022-08-25,Nashik,1.4,28.1,21.8
2022-08-26,Nashik,1.2,28.5,21.1
2022-08-27,Nashik,0.9,28.3,20.7
2022-08-28,Nashik,0.1,29.2,20.0
2022-08-29,Nashik,0.0,29.7,20.3
2022-08-30,Nashik,2.5,29.7,21.3
2022-08-31,Nashik,8.8,30.6,22.0
2022-09-01,Nashik,26.2,29.5,21.9
2022-09-02,Nashik,0.6,30.2,21.2
2022-09-03,Nashik,3.2,31.0,22.1
2022-09-04,Nashik,5.7,28.4,22.7
2022-09-05,Nashik,1.9,28.3,21.9
2022-09-06,Nashik,2.5,28.5,21.8
2022-09-07,Nashik,11.3,29.7,21.1
2022-09-08,Nashik,21.1,29.2,22.1
2022-09-09,Nashik,2.9,29.5,21.9
2022-09-10,Nashik,4.5,29.8,21.3
2022-09-11,Nashik,6.3,29.2,22.0
2022-09-12,Nashik,21.8,26.6,22.5
2022-09-13,Nashik,4.2,26.7,22.2
2022-09-14,Nashik,1.1,26.5,22.5
2022-09-15,Nashik,13.7,26.8,22.6
2022-09-16,Nashik,62.4,23.7,21.4
2022-09-17,Nashik,11.3,26.7,21.1
2022-09-18,Nashik,35.9,26.1,21.0
2022-09-19,Nashik,27.4,24.5,21.0
2022-09-20,Nashik,1.5,27.0,20.8
2022-09-21,Nashik,0.7,28.3,20.5
2022-09-22,Nashik,1.2,27.2,20.5
2022-09-23,Nashik,0.3,27.3,20.1
2022-09-24,Nashik,1.4,28.4,21.0
2022-09-25,Nashik,0.1,28.9,20.3
2022-09-26,Nashik,2.0,27.8,20.4
2022-09-27,Nashik,1.7,28.1,20.6
2022-09-28,Nashik,2.2,28.8,20.3
2022-09-29,Nashik,1.4,29.1,20.4
2022-09-30,Nashik,1.4,29.7,19.9
2022-10-01,Nashik,1.5,29.5,21.1
2022-10-02,Nashik,0.2,29.3,20.4
2022-10-03,Nashik,0.0,29.4,20.4
2022-10-04,Nashik,0.3,29.3,20.8
2022-10-05,Nashik,0.5,29.5,21.3
2022-10-06,Nashik,14.1,27.9,21.6
2022-10-07,Nashik,18.7,25.3,21.3
2022-10-08,Nashik,3.1,26.9,21.6
2022-10-09,Nashik,1.4,28.6,20.3
2022-10-10,Nashik,11.0,28.6,20.6
2022-10-11,Nashik,2.7,28.3,20.8
2022-10-12,Nashik,6.5,27.7,21.0
2022-10-13,Nashik,0.2,28.7,20.6
2022-10-14,Nashik,7.1,28.2,20.8
2022-10-15,Nashik,0.0,27.6,19.6
2022-10-16,Nashik,0.0,28.6,18.4
2022-10-17,Nashik,3.6,28.4,21.8
2022-10-18,Nashik,3.6,26.9,20.3
2022-10-19,Nashik,4.5,27.0,20.4
2022-10-20,Nashik,2.0,28.2,19.9
2022-10-21,Nashik,14.2,27.0,20.0
2022-10-22,Nashik,0.3,28.2,19.3
2022-10-23,Nashik,0.0,27.5,15.7
2022-10-24,Nashik,0.0,27.9,16.2
2022-10-25,Nashik,0.0,28.7,14.8
2022-10-26,Nashik,0.0,28.3,15.0
2022-10-27,Nashik,0.0,28.1,16.6
2022-10-28,Nashik,0.0,27.8,17.1
2022-10-29,Nashik,0.0,28.0,16.1
2022-10-30,Nashik,0.0,28.4,15.1
2022-10-31,Nashik,0.0,27.9,15.5
2022-11-01,Nashik,0.0,27.7,16.3
2022-11-02,Nashik,0.0,28.5,17.4
2022-11-03,Nashik,0.0,30.0,15.4
2022-11-04,Nashik,0.0,29.9,14.7
2022-11-05,Nashik,0.0,30.0,14.6
2022-11-06,Nashik,0.0,29.7,16.4
2022-11-07,Nashik,0.0,29.5,18.1
2022-11-08,Nashik,0.0,30.1,15.9
2022-11-09,Nashik,0.0,28.8,17.8
2022-11-10,Nashik,0.0,29.0,15.7
2022-11-11,Nashik,0.0,28.8,15.2
2022-11-12,Nashik,0.0,29.2,19.0
2022-11-13,Nashik,0.0,28.4,16.6
2022-11-14,Nashik,0.0,28.5,15.7
2022-11-15,Nashik,0.0,28.8,16.6
2022-11-16,Nashik,0.0,28.6,16.0
2022-11-17,Nashik,0.0,27.7,16.2
2022-11-18,Nashik,0.0,26.7,16.3
2022-11-19,Nashik,0.0,26.1,14.3
2022-11-20,Nashik,0.0,25.7,12.5
2022-11-21,Nashik,0.0,26.6,14.6
2022-11-22,Nashik,0.0,27.5,15.0
2022-11-23,Nashik,0.0,28.6,16.1
2022-11-24,Nashik,0.0,28.5,14.5
2022-11-25,Nashik,0.0,29.1,15.0
2022-11-26,Nashik,0.0,29.4,15.9
2022-11-27,Nashik,0.0,29.3,16.1
2022-11-28,Nashik,0.0,29.1,15.9
2022-11-29,Nashik,0.0,28.9,15.5
2022-11-30,Nashik,0.0,28.6,15.3
2022-12-01,Nashik,0.0,27.9,14.5
2022-12-02,Nashik,0.0,28.8,14.0
2022-12-03,Nashik,0.0,29.5,15.5
2022-12-04,Nashik,0.0,29.3,17.8
2022-12-05,Nashik,0.4,29.6,18.6
2022-12-06,Nashik,0.0,30.0,18.5
2022-12-07,Nashik,0.0,28.7,18.1
2022-12-08,Nashik,0.0,26.9,15.7
2022-12-09,Nashik,0.0,27.1,12.9
2022-12-10,Nashik,0.0,27.9,12.5
2022-12-11,Nashik,0.0,29.3,15.0
2022-12-12,Nashik,1.0,28.8,20.1
2022-12-13,Nashik,0.1,29.6,19.7
2022-12-14,Nashik,8.5,29.9,20.6
2022-12-15,Nashik,0.9,28.1,19.7
2022-12-16,Nashik,0.0,28.7,18.6
2022-12-17,Nashik,0.1,28.7,19.2
2022-12-18,Nashik,0.0,28.2,18.7
2022-12-19,Nashik,0.0,27.5,15.8
2022-12-20,Nashik,0.0,27.9,14.2
2022-12-21,Nashik,0.0,28.8,14.0
2022-12-22,Nashik,0.0,29.2,15.4
2022-12-23,Nashik,0.0,29.8,16.3
2022-12-24,Nashik,0.0,27.2,12.0
2022-12-25,Nashik,0.0,27.5,11.8
2022-12-26,Nashik,0.0,29.5,13.1
2022-12-27,Nashik,0.0,29.6,15.6
2022-12-28,Nashik,0.0,29.5,15.7
2022-12-29,Nashik,0.0,29.5,14.4
2022-12-30,Nashik,0.0,29.8,16.2
2022-12-31,Nashik,0.0,29.0,14.4
2023-01-01,Nashik,0.0,27.7,13.3
2023-01-02,Nashik,0.0,27.7,12.3
2023-01-03,Nashik,0.0,27.7,12.6
2023-01-04,Nashik,0.0,26.0,14.5
2023-01-05,Nashik,0.3,26.4,14.9
2023-01-06,Nashik,0.2,26.4,16.0
2023-01-07,Nashik,0.0,26.6,16.5
2023-01-08,Nashik,0.0,26.1,14.5
2023-01-09,Nashik,0.0,26.3,10.7
2023-01-10,Nashik,0.0,26.9,12.6
2023-01-11,Nashik,0.0,28.5,12.7
2023-01-12,Nashik,0.0,27.5,11.8
2023-01-13,Nashik,0.0,26.3,13.4
2023-01-14,Nashik,0.0,26.4,10.5
2023-01-15,Nashik,0.0,27.2,10.3
2023-01-16,Nashik,0.0,28.7,11.7
2023-01-17,Nashik,0.0,28.7,12.1
2023-01-18,Nashik,0.0,28.8,13.9
2023-01-19,Nashik,0.0,30.4,13.5
2023-01-20,Nashik,0.0,30.2,13.1
2023-01-21,Nashik,0.0,29.6,14.1
2023-01-22,Nashik,0.0,28.4,12.6
2023-01-23,Nashik,0.0,28.6,14.5
2023-01-24,Nashik,0.0,29.9,13.5
2023-01-25,Nashik,0.0,28.0,13.7
2023-01-26,Nashik,0.3,28.7,16.2
2023-01-27,Nashik,0.0,29.8,17.1
2023-01-28,Nashik,0.0,30.1,16.8
2023-01-29,Nashik,0.0,30.5,15.4
2023-01-30,Nashik,0.0,28.5,15.6
2023-01-31,Nashik,0.0,27.9,17.2
2023-02-01,Nashik,0.3,27.1,17.7
2023-02-02,Nashik,0.0,28.9,16.7
2023-02-03,Nashik,0.0,29.2,14.0
2023-02-04,Nashik,0.0,29.8,13.7
2023-02-05,Nashik,0.0,30.5,13.1
2023-02-06,Nashik,0.0,31.3,14.6
2023-02-07,Nashik,0.0,30.2,14.8
2023-02-08,Nashik,0.0,31.5,16.5
2023-02-09,Nashik,0.0,32.8,14.9
2023-02-10,Nashik,0.0,33.8,16.1
2023-02-11,Nashik,0.0,33.7,14.8
2023-02-12,Nashik,0.0,30.6,13.2
2023-02-13,Nashik,0.0,31.1,15.6
2023-02-14,Nashik,0.0,31.7,13.4
2023-02-15,Nashik,0.0,32.9,14.0
2023-02-16,Nashik,0.0,33.6,16.5
2023-02-17,Nashik,0.0,33.7,15.9
2023-02-18,Nashik,0.0,33.3,16.2
2023-02-19,Nashik,0.0,33.8,15.9
2023-02-20,Nashik,0.0,34.7,18.0
2023-02-21,Nashik,0.0,35.0,16.3
2023-02-22,Nashik,0.0,34.6,15.1
2023-02-23,Nashik,0.0,34.5,16.5
2023-02-24,Nashik,0.0,34.5,17.3
2023-02-25,Nashik,0.0,34.5,16.8
2023-02-26,Nashik,0.0,34.8,17.5
2023-02-27,Nashik,0.0,34.0,18.0
2023-02-28,Nashik,0.0,34.3,18.7
2023-03-01,Nashik,0.0,34.8,17.2
2023-03-02,Nashik,0.0,34.3,20.2
2023-03-03,Nashik,0.0,35.4,19.1
2023-03-04,Nashik,0.0,35.5,20.1
2023-03-05,Nashik,0.0,34.7,21.7
2023-03-06,Nashik,1.8,31.2,19.6
2023-03-07,Nashik,3.1,29.1,17.3
2023-03-08,Nashik,0.0,31.3,15.0
2023-03-09,Nashik,0.0,31.8,16.9
2023-03-10,Nashik,0.0,31.3,20.3
2023-03-11,Nashik,0.0,32.6,20.9
2023-03-12,Nashik,0.0,33.1,18.2
2023-03-13,Nashik,0.0,32.6,19.8
2023-03-14,Nashik,0.0,31.7,19.7
2023-03-15,Nashik,0.0,30.1,19.3
2023-03-16,Nashik,3.0,28.6,18.2
2023-03-17,Nashik,2.3,28.4,18.3
2023-03-18,Nashik,6.2,29.2,17.5
2023-03-19,Nashik,0.0,30.2,15.4
2023-03-20,Nashik,0.1,28.0,17.2
2023-03-21,Nashik,0.1,28.4,18.2
2023-03-22,Nashik,0.0,29.9,17.0
2023-03-23,Nashik,0.0,30.3,17.4
2023-03-24,Nashik,0.0,31.8,17.0
2023-03-25,Nashik,0.0,32.2,16.8
2023-03-26,Nashik,0.0,31.5,15.4
2023-03-27,Nashik,0.0,32.3,16.9
2023-03-28,Nashik,0.0,32.5,18.5
2023-03-29,Nashik,0.0,34.2,18.8
2023-03-30,Nashik,0.0,32.0,17.1
2023-03-31,Nashik,0.0,30.9,19.5
2023-04-01,Nashik,0.0,33.0,17.5
2023-04-02,Nashik,0.0,33.3,18.6
2023-04-03,Nashik,0.0,34.0,19.2
2023-04-04,Nashik,0.0,35.3,20.1
2023-04-05,Nashik,0.0,35.8,20.1
2023-04-06,Nashik,0.0,35.1,20.5
2023-04-07,Nashik,0.0,35.4,22.8
2023-04-08,Nashik,0.0,33.8,21.5
2023-04-09,Nashik,0.0,35.3,21.6
2023-04-10,Nashik,0.3,35.3,22.9
2023-04-11,Nashik,0.1,37.1,22.6
2023-04-12,Nashik,0.0,37.6,23.0
2023-04-13,Nashik,0.0,38.0,23.9
2023-04-14,Nashik,0.1,38.3,22.6
2023-04-15,Nashik,0.0,37.5,23.9
2023-04-16,Nashik,0.0,37.3,20.3
2023-04-17,Nashik,0.0,38.1,23.6
2023-04-18,Nashik,0.0,39.1,23.7
2023-04-19,Nashik,0.1,38.8,24.3
2023-04-20,Nashik,0.0,37.5,22.4
2023-04-21,Nashik,0.0,36.0,21.8
2023-04-22,Nashik,0.0,35.0,21.1
2023-04-23,Nashik,0.0,35.7,20.8
2023-04-24,Nashik,0.0,36.7,22.0
2023-04-25,Nashik,0.0,39.7,22.1
2023-04-26,Nashik,0.0,36.1,21.4
2023-04-27,Nashik,0.0,35.3,22.2
2023-04-28,Nashik,0.3,34.9,22.9
2023-04-29,Nashik,0.3,32.8,21.8
2023-04-30,Nashik,0.3,32.7,20.7
2023-05-01,Nashik,0.0,31.3,19.2
2023-05-02,Nashik,0.0,32.3,21.0
2023-05-03,Nashik,0.0,33.5,21.1
2023-05-04,Nashik,0.9,32.8,21.4
2023-05-05,Nashik,1.1,34.0,21.3
2023-05-06,Nashik,0.0,34.4,22.4
2023-05-07,Nashik,0.0,35.2,23.2
2023-05-08,Nashik,0.0,38.0,24.9
2023-05-09,Nashik,0.0,39.2,24.3
2023-05-10,Nashik,0.0,40.1,24.9
2023-05-11,Nashik,0.0,40.7,23.4
2023-05-12,Nashik,0.0,40.9,25.5
2023-05-13,Nashik,0.0,41.0,25.3
2023-05-14,Nashik,0.0,38.3,24.5
2023-05-15,Nashik,0.0,37.3,23.1
2023-05-16,Nashik,0.0,36.4,22.7
2023-05-17,Nashik,0.0,37.1,22.6
2023-05-18,Nashik,0.0,38.3,22.5
2023-05-19,Nashik,0.0,39.4,24.3
2023-05-20,Nashik,0.0,38.6,22.7
2023-05-21,Nashik,0.0,38.4,22.4
2023-05-22,Nashik,0.0,38.1,22.6
2023-05-23,Nashik,0.0,39.2,24.2
2023-05-24,Nashik,0.0,38.0,23.2
2023-05-25,Nashik,0.0,36.0,22.8
2023-05-26,Nashik,0.0,35.9,22.9
2023-05-27,Nashik,0.0,36.0,22.6
2023-05-28,Nashik,0.0,36.8,23.1
2023-05-29,Nashik,0.0,39.1,23.7
2023-05-30,Nashik,0.0,39.0,24.0
2023-05-31,Nashik,0.0,39.0,23.8
2023-06-01,Nashik,0.0,39.4,24.9
2023-06-02,Nashik,0.0,37.1,23.0
2023-06-03,Nashik,1.5,36.1,24.3
2023-06-04,Nashik,3.9,35.1,24.7
2023-06-05,Nashik,0.1,35.8,23.5
2023-06-06,Nashik,0.0,37.9,23.5
2023-06-07,Nashik,0.0,37.1,23.1
2023-06-08,Nashik,0.0,36.9,23.9
2023-06-09,Nashik,0.0,38.0,23.9
2023-06-10,Nashik,1.1,37.1,25.3
2023-06-11,Nashik,2.1,35.7,23.9
2023-06-12,Nashik,0.1,35.4,23.3
2023-06-13,Nashik,1.0,35.8,24.4
2023-06-14,Nashik,0.9,35.0,24.0
2023-06-15,Nashik,0.0,35.0,23.8
2023-06-16,Nashik,1.0,33.7,24.5
2023-06-17,Nashik,1.0,33.7,23.9
2023-06-18,Nashik,0.6,34.4,24.0
2023-06-19,Nashik,0.0,35.3,23.4
2023-06-20,Nashik,0.6,35.0,23.0
2023-06-21,Nashik,0.9,35.1,23.4
2023-06-22,Nashik,1.5,35.0,23.6
2023-06-23,Nashik,0.4,35.7,23.6
2023-06-24,Nashik,0.6,31.0,23.9
2023-06-25,Nashik,7.4,30.9,22.6
2023-06-26,Nashik,9.4,24.9,22.4
2023-06-27,Nashik,7.7,26.0,22.0
2023-06-28,Nashik,9.8,28.8,22.6
2023-06-29,Nashik,7.2,26.6,22.5
2023-06-30,Nashik,15.1,25.1,22.4
2023-07-01,Nashik,24.5,26.4,22.1
2023-07-02,Nashik,5.0,29.1,22.3
2023-07-03,Nashik,5.2,30.5,22.6
2023-07-04,Nashik,3.1,30.5,23.3
2023-07-05,Nashik,25.6,28.8,23.6
2023-07-06,Nashik,11.3,29.3,22.7
2023-07-07,Nashik,9.5,27.7,23.3
2023-07-08,Nashik,3.3,27.4,23.0
2023-07-09,Nashik,2.8,28.7,22.8
2023-07-10,Nashik,3.6,28.5,22.7
2023-07-11,Nashik,6.5,28.3,22.6
2023-07-12,Nashik,6.1,28.4,22.4
2023-07-13,Nashik,4.8,29.5,22.7
2023-07-14,Nashik,11.6,28.9,22.6
2023-07-15,Nashik,3.6,28.3,22.9
2023-07-16,Nashik,4.4,27.7,22.4
2023-07-17,Nashik,2.2,27.5,22.0
2023-07-18,Nashik,17.3,27.4,23.0
2023-07-19,Nashik,13.3,27.5,22.5
2023-07-20,Nashik,2.2,28.4,22.4
2023-07-21,Nashik,7.8,28.8,23.0
2023-07-22,Nashik,20.4,26.0,22.6
2023-07-23,Nashik,7.6,27.9,22.2
2023-07-24,Nashik,2.9,28.3,22.8
2023-07-25,Nashik,5.4,27.4,22.8
2023-07-26,Nashik,8.4,27.5,22.8
2023-07-27,Nashik,7.6,25.1,23.0
2023-07-28,Nashik,3.1,27.0,22.5
2023-07-29,Nashik,0.6,26.3,22.7
2023-07-30,Nashik,3.3,28.0,22.7
2023-07-31,Nashik,4.1,28.0,22.7
2023-08-01,Nashik,3.8,28.2,23.0
2023-08-02,Nashik,3.3,27.8,22.5
2023-08-03,Nashik,2.5,27.1,22.6
2023-08-04,Nashik,2.7,27.2,23.0
2023-08-05,Nashik,3.6,28.1,22.5
2023-08-06,Nashik,2.9,27.4,22.7
2023-08-07,Nashik,1.8,27.9,22.2
2023-08-08,Nashik,1.8,28.0,22.0
2023-08-09,Nashik,2.5,28.0,22.2
2023-08-10,Nashik,2.3,27.6,22.1
2023-08-11,Nashik,0.9,28.6,21.8
2023-08-12,Nashik,1.5,28.7,21.7
2023-08-13,Nashik,2.1,28.1,21.9
2023-08-14,Nashik,3.6,27.6,22.2
2023-08-15,Nashik,1.7,27.6,22.3
2023-08-16,Nashik,0.8,29.3,21.7
2023-08-17,Nashik,0.0,28.5,21.1
2023-08-18,Nashik,0.0,28.8,21.4
2023-08-19,Nashik,1.8,28.2,22.3
2023-08-20,Nashik,1.4,28.2,22.0
2023-08-21,Nashik,0.3,28.8,21.4
2023-08-22,Nashik,1.4,28.4,21.7
2023-08-23,Nashik,1.8,28.6,21.7
2023-08-24,Nashik,1.3,29.6,22.3
2023-08-25,Nashik,2.8,28.7,22.6
2023-08-26,Nashik,3.4,28.1,22.0
2023-08-27,Nashik,1.1,28.4,21.4
2023-08-28,Nashik,0.7,29.2,21.8
2023-08-29,Nashik,1.2,29.9,22.2
2023-08-30,Nashik,0.0,30.8,20.7
2023-08-31,Nashik,0.1,30.3,20.7
2023-09-01,Nashik,0.0,31.8,21.0
2023-09-02,Nashik,0.6,31.1,21.2
2023-09-03,Nashik,1.5,31.2,21.8
2023-09-04,Nashik,1.4,30.4,21.2
2023-09-05,Nashik,0.8,31.2,21.1
2023-09-06,Nashik,1.6,30.0,21.3
2023-09-07,Nashik,10.6,27.8,22.8
2023-09-08,Nashik,15.1,25.0,22.5
2023-09-09,Nashik,0.2,28.4,22.9
2023-09-10,Nashik,0.1,29.1,22.6
2023-09-11,Nashik,1.6,28.9,22.2
2023-09-12,Nashik,0.0,29.3,21.6
2023-09-13,Nashik,0.5,29.1,21.1
2023-09-14,Nashik,0.5,29.1,22.2
2023-09-15,Nashik,1.4,27.6,21.9
2023-09-16,Nashik,14.1,23.7,22.2
2023-09-17,Nashik,1.7,26.6,22.4
2023-09-18,Nashik,2.4,27.7,22.1
2023-09-19,Nashik,2.6,28.6,22.1
2023-09-20,Nashik,5.3,29.5,22.7
2023-09-21,Nashik,8.0,29.8,22.8
2023-09-22,Nashik,34.1,27.5,22.6
2023-09-23,Nashik,23.6,29.2,22.0
2023-09-24,Nashik,9.9,27.9,22.2
2023-09-25,Nashik,0.7,29.3,21.7
2023-09-26,Nashik,10.4,30.1,22.1
2023-09-27,Nashik,3.0,29.7,21.7
2023-09-28,Nashik,7.7,29.2,21.4
2023-09-29,Nashik,4.7,30.0,21.5
2023-09-30,Nashik,0.1,31.1,21.9
2023-10-01,Nashik,0.0,31.4,21.5
2023-10-02,Nashik,0.1,30.3,21.8
2023-10-03,Nashik,0.0,31.6,21.2
2023-10-04,Nashik,0.0,31.6,21.1
2023-10-05,Nashik,0.0,31.2,19.7
2023-10-06,Nashik,0.0,31.0,19.4
2023-10-07,Nashik,0.0,31.6,20.0
2023-10-08,Nashik,0.0,31.9,19.7
2023-10-09,Nashik,0.0,32.4,19.3
2023-10-10,Nashik,0.0,31.9,20.9
2023-10-11,Nashik,0.0,32.0,20.2
2023-10-12,Nashik,0.0,32.8,20.9
2023-10-13,Nashik,0.0,32.6,21.1
2023-10-14,Nashik,0.0,32.2,21.0
2023-10-15,Nashik,0.0,32.0,20.7
2023-10-16,Nashik,0.0,31.9,21.5
2023-10-17,Nashik,0.3,31.1,21.2
2023-10-18,Nashik,0.0,31.4,21.4
2023-10-19,Nashik,0.0,32.5,21.2
2023-10-20,Nashik,0.0,32.6,20.8
2023-10-21,Nashik,0.0,31.1,22.1
2023-10-22,Nashik,0.0,31.8,20.8
2023-10-23,Nashik,0.0,32.3,19.7
2023-10-24,Nashik,0.0,31.8,19.2
2023-10-25,Nashik,0.0,31.8,19.6
2023-10-26,Nashik,0.0,31.4,19.5
2023-10-27,Nashik,0.0,31.3,18.8
2023-10-28,Nashik,0.0,30.7,17.3
2023-10-29,Nashik,0.0,31.0,17.9
2023-10-30,Nashik,0.0,31.1,18.5
2023-10-31,Nashik,0.0,31.5,17.9
2023-11-01,Nashik,0.0,30.8,17.7
2023-11-02,Nashik,0.0,31.1,18.2
2023-11-03,Nashik,0.0,31.4,19.7
2023-11-04,Nashik,0.0,32.3,19.1
2023-11-05,Nashik,0.0,32.0,19.2
2023-11-06,Nashik,0.0,31.9,18.2
2023-11-07,Nashik,0.0,31.1,18.4
2023-11-08,Nashik,0.0,31.8,20.0
2023-11-09,Nashik,0.0,32.4,19.6
2023-11-10,Nashik,0.6,32.4,21.8
2023-11-11,Nashik,0.0,33.1,20.5
2023-11-12,Nashik,0.0,32.5,22.3
2023-11-13,Nashik,0.0,31.8,18.2
2023-11-14,Nashik,0.0,30.9,17.9
2023-11-15,Nashik,0.0,29.9,17.6
2023-11-16,Nashik,0.0,29.8,17.6
2023-11-17,Nashik,0.0,29.8,16.8
2023-11-18,Nashik,0.0,30.1,17.4
2023-11-19,Nashik,0.0,31.5,18.8
2023-11-20,Nashik,0.0,30.8,21.3
2023-11-21,Nashik,0.0,30.5,18.8
2023-11-22,Nashik,0.0,30.1,17.3
2023-11-23,Nashik,0.0,30.3,18.5
2023-11-24,Nashik,1.1,28.8,19.8
2023-11-25,Nashik,0.1,30.0,19.9
2023-11-26,Nashik,11.4,28.6,20.0
2023-11-27,Nashik,16.7,25.3,18.7
2023-11-28,Nashik,1.4,26.8,18.1
2023-11-29,Nashik,1.2,27.2,18.4
2023-11-30,Nashik,1.4,27.9,17.9
2023-12-01,Nashik,0.8,27.2,18.2
2023-12-02,Nashik,0.6,27.6,18.7
2023-12-03,Nashik,0.2,28.8,19.0
2023-12-04,Nashik,0.1,29.3,18.7
2023-12-05,Nashik,0.0,27.6,19.3
2023-12-06,Nashik,0.3,26.1,18.1
2023-12-07,Nashik,0.4,26.4,17.2
2023-12-08,Nashik,0.2,27.1,17.1
2023-12-09,Nashik,0.0,27.8,17.4
2023-12-10,Nashik,0.0,27.6,16.0
2023-12-11,Nashik,0.0,28.2,16.0
2023-12-12,Nashik,0.0,28.0,16.4
2023-12-13,Nashik,0.0,28.2,17.5
2023-12-14,Nashik,0.0,27.4,16.1
2023-12-15,Nashik,0.0,26.5,16.1
2023-12-16,Nashik,0.0,26.4,15.0
2023-12-17,Nashik,0.0,26.9,14.0
2023-12-18,Nashik,0.0,26.3,16.7
2023-12-19,Nashik,0.0,25.8,16.3
2023-12-20,Nashik,0.0,26.0,14.1
2023-12-21,Nashik,0.0,27.5,14.4
2023-12-22,Nashik,0.0,27.7,16.0
2023-12-23,Nashik,0.0,29.6,14.4
2023-12-24,Nashik,0.0,29.4,13.9
2023-12-25,Nashik,0.0,29.3,14.0
2023-12-26,Nashik,0.0,30.2,14.8
2023-12-27,Nashik,0.0,30.0,15.7
2023-12-28,Nashik,0.0,29.2,16.0
2023-12-29,Nashik,0.0,29.7,15.5
2023-12-30,Nashik,0.0,29.8,15.8
2023-12-31,Nashik,0.0,29.5,15.6
2024-01-01,Nashik,0.0,29.3,16.4
2024-01-02,Nashik,0.0,29.5,15.8
2024-01-03,Nashik,0.0,29.3,16.9
2024-01-04,Nashik,0.0,28.8,17.4
2024-01-05,Nashik,0.0,28.3,16.3
2024-01-06,Nashik,0.6,27.0,16.9
2024-01-07,Nashik,0.7,28.5,16.8
2024-01-08,Nashik,0.0,28.9,17.4
2024-01-09,Nashik,1.1,29.1,17.9
2024-01-10,Nashik,1.3,28.3,17.5
2024-01-11,Nashik,0.0,28.7,17.0
2024-01-12,Nashik,0.0,30.3,17.6
2024-01-13,Nashik,0.0,31.5,17.1
2024-01-14,Nashik,0.0,30.7,16.4
2024-01-15,Nashik,0.0,27.1,11.2
2024-01-16,Nashik,0.0,28.3,13.0
2024-01-17,Nashik,0.0,28.2,13.5
2024-01-18,Nashik,0.0,27.2,13.6
2024-01-19,Nashik,0.0,27.9,15.7
2024-01-20,Nashik,0.0,28.6,14.5
2024-01-21,Nashik,0.0,26.8,15.2
2024-01-22,Nashik,0.0,28.0,13.1
2024-01-23,Nashik,0.0,26.0,13.0
2024-01-24,Nashik,0.0,25.2,12.7
2024-01-25,Nashik,0.0,26.1,11.3
2024-01-26,Nashik,0.0,28.5,11.9
2024-01-27,Nashik,0.0,28.9,13.1
2024-01-28,Nashik,0.0,30.5,14.4
2024-01-29,Nashik,0.0,29.6,14.8
2024-01-30,Nashik,0.0,29.6,13.6
2024-01-31,Nashik,0.0,29.6,14.7
2024-02-01,Nashik,0.0,28.0,14.2
2024-02-02,Nashik,0.0,27.4,14.4
2024-02-03,Nashik,0.0,29.7,16.2
2024-02-04,Nashik,0.0,31.9,16.2
2024-02-05,Nashik,0.0,32.6,16.7
2024-02-06,Nashik,0.0,32.7,16.9
2024-02-07,Nashik,0.0,32.2,17.9
2024-02-08,Nashik,0.0,29.1,17.1
2024-02-09,Nashik,0.0,31.8,14.3
2024-02-10,Nashik,0.0,32.4,16.9
2024-02-11,Nashik,0.0,31.7,15.3
2024-02-12,Nashik,0.0,31.8,15.5
2024-02-13,Nashik,0.0,31.9,13.6
2024-02-14,Nashik,0.0,31.2,15.0
2024-02-15,Nashik,0.0,31.7,16.3
2024-02-16,Nashik,0.0,33.8,18.4
2024-02-17,Nashik,0.0,33.0,19.7
2024-02-18,Nashik,0.0,33.4,17.6
2024-02-19,Nashik,0.0,32.5,17.5
2024-02-20,Nashik,0.0,32.1,16.7
2024-02-21,Nashik,0.0,30.6,17.4
2024-02-22,Nashik,0.0,29.6,17.5
2024-02-23,Nashik,0.0,29.5,15.0
2024-02-24,Nashik,0.0,30.5,14.2
2024-02-25,Nashik,0.0,30.4,14.2
2024-02-26,Nashik,0.0,34.0,17.0
2024-02-27,Nashik,0.0,33.0,19.3
2024-02-28,Nashik,0.1,33.5,19.7
2024-02-29,Nashik,0.0,34.6,20.0
2024-03-01,Nashik,0.0,35.1,22.0
2024-03-02,Nashik,0.0,33.4,20.7
2024-03-03,Nashik,0.0,29.6,18.4
2024-03-04,Nashik,0.0,31.0,13.3
2024-03-05,Nashik,0.0,33.7,15.3
2024-03-06,Nashik,0.0,34.1,17.0
2024-03-07,Nashik,0.0,34.0,16.0
2024-03-08,Nashik,0.0,33.8,19.6
2024-03-09,Nashik,0.0,34.9,17.0
2024-03-10,Nashik,0.0,36.2,16.7
2024-03-11,Nashik,0.0,36.0,19.7
2024-03-12,Nashik,0.0,35.8,19.1
2024-03-13,Nashik,0.0,34.7,19.7
2024-03-14,Nashik,0.0,33.9,19.1
2024-03-15,Nashik,0.0,34.3,16.1
2024-03-16,Nashik,0.0,35.5,16.1
2024-03-17,Nashik,0.0,36.0,18.2
2024-03-18,Nashik,0.0,35.1,19.1
2024-03-19,Nashik,0.0,35.0,20.1
2024-03-20,Nashik,0.0,34.9,20.0
2024-03-21,Nashik,0.0,35.5,18.9
2024-03-22,Nashik,0.0,37.1,20.5
2024-03-23,Nashik,0.0,37.6,20.6
2024-03-24,Nashik,0.0,37.2,21.7
2024-03-25,Nashik,0.0,38.0,21.4
2024-03-26,Nashik,0.0,38.6,20.6
2024-03-27,Nashik,0.0,39.1,22.4
2024-03-28,Nashik,0.0,39.6,23.2
2024-03-29,Nashik,0.0,38.3,24.7
2024-03-30,Nashik,0.0,38.6,24.0
2024-03-31,Nashik,0.0,38.8,22.9
2024-04-01,Nashik,0.0,39.1,22.3
2024-04-02,Nashik,0.0,39.8,22.4
2024-04-03,Nashik,0.0,39.9,21.1
2024-04-04,Nashik,0.0,38.4,21.8
2024-04-05,Nashik,0.0,38.9,22.6
2024-04-06,Nashik,0.0,38.1,24.2
2024-04-07,Nashik,0.0,37.2,23.4
2024-04-08,Nashik,0.0,37.7,20.9
2024-04-09,Nashik,0.0,39.3,21.2
2024-04-10,Nashik,0.0,39.0,22.5
2024-04-11,Nashik,0.0,37.7,24.3
2024-04-12,Nashik,0.0,38.6,24.0
2024-04-13,Nashik,0.0,38.0,21.9
2024-04-14,Nashik,0.0,38.7,21.3
2024-04-15,Nashik,0.0,39.6,24.5
2024-04-16,Nashik,0.0,39.7,28.5
2024-04-17,Nashik,0.0,40.8,26.8
2024-04-18,Nashik,0.0,40.9,26.2
2024-04-19,Nashik,0.0,40.1,26.8
2024-04-20,Nashik,0.0,39.1,25.7
2024-04-21,Nashik,0.0,39.0,24.4
2024-04-22,Nashik,0.0,38.6,25.2
2024-04-23,Nashik,0.0,40.0,23.5
2024-04-24,Nashik,0.0,39.3,23.8
2024-04-25,Nashik,0.0,39.3,25.4
2024-04-26,Nashik,0.1,38.9,26.2
2024-04-27,Nashik,0.0,40.5,25.6
2024-04-28,Nashik,0.0,40.3,25.4
2024-04-29,Nashik,0.0,41.4,26.0
2024-04-30,Nashik,0.0,40.7,25.1
2024-05-01,Nashik,0.0,39.0,24.8
2024-05-02,Nashik,0.0,39.1,22.1
2024-05-03,Nashik,0.0,40.7,22.2
2024-05-04,Nashik,0.0,40.7,23.4
2024-05-05,Nashik,0.0,39.6,25.6
2024-05-06,Nashik,0.0,38.7,25.6
2024-05-07,Nashik,0.0,39.5,23.7
2024-05-08,Nashik,0.0,39.6,21.5
2024-05-09,Nashik,0.0,38.4,24.0
2024-05-10,Nashik,14.1,38.1,24.8
2024-05-11,Nashik,0.0,39.2,24.9
2024-05-12,Nashik,0.8,37.8,24.5
2024-05-13,Nashik,0.1,34.9,24.5
2024-05-14,Nashik,1.9,38.7,23.9
2024-05-15,Nashik,0.0,37.9,24.7
2024-05-16,Nashik,0.0,39.0,24.2
2024-05-17,Nashik,0.0,39.4,26.3
2024-05-18,Nashik,0.0,39.2,24.6
2024-05-19,Nashik,0.0,40.9,25.5
2024-05-20,Nashik,0.0,41.5,25.8
2024-05-21,Nashik,0.0,42.1,25.2
2024-05-22,Nashik,0.0,42.9,26.4
2024-05-23,Nashik,0.0,42.5,27.3
2024-05-24,Nashik,0.0,41.0,26.6
2024-05-25,Nashik,0.0,38.8,25.1
2024-05-26,Nashik,0.5,38.3,25.1
2024-05-27,Nashik,0.0,36.5,25.8
2024-05-28,Nashik,0.0,37.5,24.6
2024-05-29,Nashik,0.0,37.3,24.2
2024-05-30,Nashik,0.0,38.0,24.0
2024-05-31,Nashik,0.0,38.4,24.0
2024-06-01,Nashik,0.0,38.3,23.9
2024-06-02,Nashik,0.1,37.5,24.2
2024-06-03,Nashik,1.3,37.8,25.1
2024-06-04,Nashik,1.9,37.1,25.2
2024-06-05,Nashik,1.6,36.1,24.5
2024-06-06,Nashik,1.2,37.0,24.3
2024-06-07,Nashik,4.8,36.3,24.1
2024-06-08,Nashik,0.0,34.0,23.8
2024-06-09,Nashik,25.2,33.8,24.2
2024-06-10,Nashik,10.9,32.6,23.7
2024-06-11,Nashik,11.1,32.1,24.0
2024-06-12,Nashik,5.7,30.9,23.7
2024-06-13,Nashik,2.5,31.5,23.4
2024-06-14,Nashik,3.0,32.1,23.4
2024-06-15,Nashik,5.2,32.7,23.3
2024-06-16,Nashik,4.3,33.4,23.1
2024-06-17,Nashik,7.8,34.0,23.8
2024-06-18,Nashik,11.5,32.0,23.3
2024-06-19,Nashik,1.5,30.5,23.6
2024-06-20,Nashik,4.8,30.1,23.5
2024-06-21,Nashik,2.7,31.9,23.5
2024-06-22,Nashik,1.3,32.1,23.6
2024-06-23,Nashik,43.0,31.1,23.5
2024-06-24,Nashik,37.0,30.8,23.0
2024-06-25,Nashik,4.1,31.5,23.4
2024-06-26,Nashik,11.2,31.5,23.2
2024-06-27,Nashik,10.4,30.3,23.8
2024-06-28,Nashik,2.2,27.9,23.7
2024-06-29,Nashik,1.1,30.3,23.9
2024-06-30,Nashik,7.4,29.3,24.3
2024-07-01,Nashik,2.8,29.0,23.8
2024-07-02,Nashik,4.5,28.8,23.0
2024-07-03,Nashik,2.3,28.4,23.3
2024-07-04,Nashik,2.8,28.6,23.8
2024-07-05,Nashik,3.1,29.2,23.7
2024-07-06,Nashik,12.5,27.3,23.3
2024-07-07,Nashik,1.9,29.4,23.0
2024-07-08,Nashik,10.6,28.6,22.9
2024-07-09,Nashik,12.0,30.3,22.1
2024-07-10,Nashik,4.9,29.1,22.6
2024-07-11,Nashik,16.0,27.2,22.2
2024-07-12,Nashik,17.3,28.2,23.1
2024-07-13,Nashik,28.2,26.3,23.0
2024-07-14,Nashik,3.5,29.4,22.8
2024-07-15,Nashik,1.4,29.0,22.9
2024-07-16,Nashik,11.3,31.0,22.2
2024-07-17,Nashik,11.1,29.3,22.4
2024-07-18,Nashik,5.9,27.8,23.2
2024-07-19,Nashik,1.7,27.7,23.1
2024-07-20,Nashik,3.4,27.0,22.7
2024-07-21,Nashik,9.9,27.3,23.0
2024-07-22,Nashik,23.0,24.9,22.9
2024-07-23,Nashik,19.0,24.9,23.2
2024-07-24,Nashik,34.9,24.0,22.7
2024-07-25,Nashik,20.6,24.7,22.5
2024-07-26,Nashik,4.4,27.4,22.7
2024-07-27,Nashik,5.7,26.9,22.6
2024-07-28,Nashik,28.4,26.3,22.8
2024-07-29,Nashik,6.0,27.1,23.0
2024-07-30,Nashik,3.7,28.5,22.7
2024-07-31,Nashik,3.9,28.5,23.1
2024-08-01,Nashik,2.5,28.5,23.3
2024-08-02,Nashik,6.8,27.9,22.6
2024-08-03,Nashik,16.6,26.2,22.5
2024-08-04,Nashik,9.3,25.5,22.6
2024-08-05,Nashik,2.8,26.6,22.6
2024-08-06,Nashik,3.3,28.1,22.7
2024-08-07,Nashik,3.2,28.2,22.5
2024-08-08,Nashik,2.3,26.8,22.3
2024-08-09,Nashik,10.5,25.5,21.9
2024-08-10,Nashik,2.1,28.6,22.1
2024-08-11,Nashik,2.8,27.4,22.6
2024-08-12,Nashik,3.0,28.1,22.0
2024-08-13,Nashik,1.1,29.4,22.1
2024-08-14,Nashik,0.6,29.8,21.5
2024-08-15,Nashik,0.3,29.5,22.2
2024-08-16,Nashik,0.9,29.7,22.1
2024-08-17,Nashik,1.7,29.6,21.6
2024-08-18,Nashik,16.1,29.5,23.5
2024-08-19,Nashik,7.0,29.2,22.7
2024-08-20,Nashik,9.9,29.1,23.0
2024-08-21,Nashik,8.4,29.5,22.1
2024-08-22,Nashik,13.2,29.9,22.5
2024-08-23,Nashik,18.9,28.3,23.2
2024-08-24,Nashik,7.4,25.0,22.6
2024-08-25,Nashik,28.0,24.8,22.0
2024-08-26,Nashik,20.8,24.8,21.9
2024-08-27,Nashik,3.7,27.5,21.7
2024-08-28,Nashik,7.3,26.8,22.5
2024-08-29,Nashik,6.7,27.9,22.2
2024-08-30,Nashik,1.3,28.9,22.1
2024-08-31,Nashik,1.8,28.6,21.8
2024-09-01,Nashik,1.1,28.3,21.4
2024-09-02,Nashik,19.9,24.3,21.4
2024-09-03,Nashik,4.8,26.8,21.3
2024-09-04,Nashik,1.1,27.9,22.5
2024-09-05,Nashik,12.3,27.3,22.9
2024-09-06,Nashik,7.3,27.8,22.6
2024-09-07,Nashik,2.0,28.3,22.4
2024-09-08,Nashik,1.3,28.5,22.4
2024-09-09,Nashik,3.7,28.2,22.2
2024-09-10,Nashik,1.7,28.4,22.1
2024-09-11,Nashik,1.3,28.4,22.1
2024-09-12,Nashik,1.5,27.5,21.8
2024-09-13,Nashik,1.2,27.6,21.2
2024-09-14,Nashik,1.8,26.6,20.9
2024-09-15,Nashik,2.1,27.0,20.7
2024-09-16,Nashik,0.3,28.8,20.6
2024-09-17,Nashik,0.0,28.6,19.0
2024-09-18,Nashik,0.1,28.5,20.2
2024-09-19,Nashik,0.8,29.2,20.8
2024-09-20,Nashik,1.1,30.1,20.9
2024-09-21,Nashik,0.6,29.7,21.4
2024-09-22,Nashik,3.2,29.0,21.3
2024-09-23,Nashik,10.3,28.9,22.8
2024-09-24,Nashik,3.1,30.4,22.1
2024-09-25,Nashik,18.7,28.7,22.2
2024-09-26,Nashik,30.7,25.1,22.3
2024-09-27,Nashik,6.2,26.2,22.3
2024-09-28,Nashik,24.5,27.5,22.2
2024-09-29,Nashik,3.0,28.2,21.8
2024-09-30,Nashik,4.9,28.9,21.7
2024-10-01,Nashik,0.8,30.2,21.1
2024-10-02,Nashik,4.6,30.8,22.1
2024-10-03,Nashik,0.0,30.5,22.0
2024-10-04,Nashik,0.6,29.0,21.6
2024-10-05,Nashik,0.5,28.9,21.2
2024-10-06,Nashik,2.1,29.3,20.0
2024-10-07,Nashik,0.0,30.8,22.7
2024-10-08,Nashik,0.0,30.6,20.5
2024-10-09,Nashik,12.3,29.6,21.5
2024-10-10,Nashik,6.1,29.1,20.9
2024-10-11,Nashik,13.4,28.5,22.0
2024-10-12,Nashik,6.8,29.0,21.4
2024-10-13,Nashik,15.6,29.5,21.0
2024-10-14,Nashik,6.1,29.1,20.5
2024-10-15,Nashik,0.0,29.4,21.6
2024-10-16,Nashik,0.4,29.8,21.3
2024-10-17,Nashik,0.0,28.6,23.0
2024-10-18,Nashik,8.0,30.2,22.4
2024-10-19,Nashik,10.0,29.4,21.2
2024-10-20,Nashik,13.6,26.1,21.7
2024-10-21,Nashik,3.1,27.3,20.4
2024-10-22,Nashik,2.2,29.1,21.3
2024-10-23,Nashik,0.0,29.4,20.1
2024-10-24,Nashik,0.0,28.8,19.6
2024-10-25,Nashik,0.0,28.8,17.8
2024-10-26,Nashik,0.0,29.5,17.3
2024-10-27,Nashik,0.0,30.7,17.0
2024-10-28,Nashik,0.0,31.1,18.8
2024-10-29,Nashik,0.0,30.8,19.0
2024-10-30,Nashik,0.0,30.7,18.7
2024-10-31,Nashik,0.0,30.8,20.3
2024-11-01,Nashik,0.0,31.1,20.4
2024-11-02,Nashik,0.0,30.6,18.6
2024-11-03,Nashik,0.0,30.6,18.8
2024-11-04,Nashik,0.0,30.8,20.2
2024-11-05,Nashik,0.0,30.4,19.5
2024-11-06,Nashik,0.0,30.7,17.8
2024-11-07,Nashik,0.0,30.2,17.1
2024-11-08,Nashik,0.0,30.1,17.1
2024-11-09,Nashik,0.0,29.7,16.8
2024-11-10,Nashik,0.0,29.6,17.4
2024-11-11,Nashik,0.0,29.4,17.4
2024-11-12,Nashik,0.0,29.3,16.6
2024-11-13,Nashik,0.0,30.4,18.0
2024-11-14,Nashik,0.0,30.6,16.6
2024-11-15,Nashik,0.0,31.4,18.8
2024-11-16,Nashik,0.0,31.6,19.2
2024-11-17,Nashik,0.0,30.6,18.9
2024-11-18,Nashik,0.0,29.2,16.8
2024-11-19,Nashik,0.0,28.5,15.9
2024-11-20,Nashik,0.0,28.1,15.7
2024-11-21,Nashik,0.0,28.2,16.2
2024-11-22,Nashik,0.0,28.5,15.4
2024-11-23,Nashik,0.0,28.6,15.0
2024-11-24,Nashik,0.0,28.4,15.8
2024-11-25,Nashik,0.0,27.7,15.3
2024-11-26,Nashik,0.0,27.4,14.4
2024-11-27,Nashik,0.0,28.0,13.5
2024-11-28,Nashik,0.0,27.2,13.9
2024-11-29,Nashik,0.0,26.2,14.7
2024-11-30,Nashik,0.0,27.2,14.3
2024-12-01,Nashik,0.0,27.7,15.9
2024-12-02,Nashik,0.0,29.1,19.1
2024-12-03,Nashik,0.9,29.7,20.0
2024-12-04,Nashik,1.7,29.4,21.2
2024-12-05,Nashik,0.9,29.7,20.4
2024-12-06,Nashik,0.0,30.2,19.5
2024-12-07,Nashik,0.0,29.9,17.6
2024-12-08,Nashik,0.0,28.3,14.1
2024-12-09,Nashik,0.0,25.5,11.5
2024-12-10,Nashik,0.0,26.3,13.6
2024-12-11,Nashik,0.0,27.2,13.3
2024-12-12,Nashik,0.0,27.0,13.4
2024-12-13,Nashik,0.0,25.3,14.8
2024-12-14,Nashik,0.0,26.3,12.7
2024-12-15,Nashik,0.0,26.5,10.7
2024-12-16,Nashik,0.0,26.6,10.8
2024-12-17,Nashik,0.0,27.3,11.1
2024-12-18,Nashik,0.0,27.8,11.9
2024-12-19,Nashik,0.0,27.4,11.9
2024-12-20,Nashik,0.0,27.7,14.6
2024-12-21,Nashik,0.0,28.2,15.3
2024-12-22,Nashik,0.0,28.2,15.5
2024-12-23,Nashik,0.2,27.4,17.0
2024-12-24,Nashik,1.0,26.4,16.7
2024-12-25,Nashik,0.1,28.0,17.7
2024-12-26,Nashik,0.0,27.4,18.2
2024-12-27,Nashik,0.6,27.9,18.4
2024-12-28,Nashik,1.0,27.1,18.7
2024-12-29,Nashik,0.2,26.7,16.7
2024-12-30,Nashik,0.0,27.9,17.7
2024-12-31,Nashik,0.0,27.7,17.3
2025-01-01,Nashik,0.0,27.9,16.8
2025-01-02,Nashik,0.0,27.7,15.3
2025-01-03,Nashik,0.0,27.5,14.4
2025-01-04,Nashik,0.0,27.8,12.9
2025-01-05,Nashik,0.0,28.3,14.0
2025-01-06,Nashik,0.0,27.4,13.8
2025-01-07,Nashik,0.0,24.7,15.5
2025-01-08,Nashik,0.0,25.4,11.9
2025-01-09,Nashik,0.0,25.3,11.9
2025-01-10,Nashik,0.0,26.1,12.7
2025-01-11,Nashik,0.0,27.5,14.6
2025-01-12,Nashik,0.0,25.9,14.9
2025-01-13,Nashik,0.1,25.4,15.6
2025-01-14,Nashik,0.0,27.7,14.6
2025-01-15,Nashik,0.1,29.6,18.2
2025-01-16,Nashik,0.0,27.4,17.0
2025-01-17,Nashik,0.0,27.9,17.0
2025-01-18,Nashik,0.0,27.6,15.0
2025-01-19,Nashik,0.0,28.0,14.1
2025-01-20,Nashik,0.0,28.3,13.8
2025-01-21,Nashik,0.0,28.8,14.2
2025-01-22,Nashik,0.0,30.4,15.3
2025-01-23,Nashik,0.0,29.6,16.0
2025-01-24,Nashik,0.0,30.0,16.8
2025-01-25,Nashik,0.0,31.1,16.7
2025-01-26,Nashik,0.0,31.3,17.1
2025-01-27,Nashik,0.0,32.1,16.9
2025-01-28,Nashik,0.0,33.3,17.2
2025-01-29,Nashik,0.0,33.7,18.0
2025-01-30,Nashik,0.0,32.3,15.8
2025-01-31,Nashik,0.0,31.7,15.9
2025-02-01,Nashik,0.0,30.7,14.7
2025-02-02,Nashik,0.0,30.4,16.6
2025-02-03,Nashik,0.0,32.7,18.0
2025-02-04,Nashik,0.0,31.7,17.6
2025-02-05,Nashik,0.0,28.2,15.8
2025-02-06,Nashik,0.0,29.8,17.5
2025-02-07,Nashik,0.0,30.4,17.4
2025-02-08,Nashik,0.0,31.1,17.8
2025-02-09,Nashik,0.0,31.4,18.3
2025-02-10,Nashik,0.0,32.6,19.6
2025-02-11,Nashik,0.0,32.6,17.8
2025-02-12,Nashik,0.0,29.9,15.4
2025-02-13,Nashik,0.0,29.3,15.7
2025-02-14,Nashik,0.0,30.1,15.1
2025-02-15,Nashik,0.0,32.1,16.2
2025-02-16,Nashik,0.0,32.8,15.9
2025-02-17,Nashik,0.0,31.7,17.8
2025-02-18,Nashik,0.0,33.8,16.4
2025-02-19,Nashik,0.0,31.6,15.7
2025-02-20,Nashik,0.0,31.0,17.0
2025-02-21,Nashik,0.0,31.2,17.2
2025-02-22,Nashik,0.0,31.6,18.7
2025-02-23,Nashik,0.0,32.5,17.2
2025-02-24,Nashik,0.0,31.2,17.3
2025-02-25,Nashik,0.0,32.0,17.9
2025-02-26,Nashik,0.0,32.4,17.7
2025-02-27,Nashik,0.0,32.7,18.8
2025-02-28,Nashik,0.0,34.0,19.3
2025-03-01,Nashik,0.0,34.4,19.5
2025-03-02,Nashik,0.0,34.2,19.1
2025-03-03,Nashik,0.0,35.2,18.1
2025-03-04,Nashik,0.0,32.4,19.0
2025-03-05,Nashik,0.0,30.8,19.9
2025-03-06,Nashik,0.0,32.6,15.0
2025-03-07,Nashik,0.0,33.0,17.7
2025-03-08,Nashik,0.0,34.9,16.9
2025-03-09,Nashik,0.0,34.3,20.6
2025-03-10,Nashik,0.0,35.2,20.9
2025-03-11,Nashik,0.0,35.8,21.2
2025-03-12,Nashik,0.0,36.9,21.4
2025-03-13,Nashik,0.0,37.7,21.2
2025-03-14,Nashik,0.0,37.1,20.2
2025-03-15,Nashik,0.0,36.3,20.5
2025-03-16,Nashik,0.0,36.2,21.5
2025-03-17,Nashik,0.0,35.5,22.6
2025-03-18,Nashik,0.0,36.0,19.7
2025-03-19,Nashik,0.0,36.5,20.0
2025-03-20,Nashik,0.0,35.1,20.2
2025-03-21,Nashik,0.0,34.2,19.7
2025-03-22,Nashik,0.0,33.5,17.6
2025-03-23,Nashik,0.0,35.0,21.3
2025-03-24,Nashik,0.0,36.2,20.3
2025-03-25,Nashik,0.0,37.0,22.3
2025-03-26,Nashik,0.0,36.7,21.2
2025-03-27,Nashik,0.0,36.5,21.6
2025-03-28,Nashik,0.0,36.6,20.9
2025-03-29,Nashik,0.0,38.0,23.2
2025-03-30,Nashik,0.0,39.2,23.1
2025-03-31,Nashik,0.0,38.0,27.6
2025-04-01,Nashik,4.1,36.1,24.9
2025-04-02,Nashik,0.4,36.1,23.2
2025-04-03,Nashik,0.2,35.5,21.1
2025-04-04,Nashik,0.0,35.3,20.4
2025-04-05,Nashik,0.0,37.1,20.1
2025-04-06,Nashik,0.0,38.1,25.2
2025-04-07,Nashik,0.0,38.4,22.4
2025-04-08,Nashik,0.0,39.3,23.9
2025-04-09,Nashik,0.0,39.7,25.6
2025-04-10,Nashik,0.0,38.5,21.7
2025-04-11,Nashik,0.0,37.5,22.9
2025-04-12,Nashik,0.0,36.6,21.3
2025-04-13,Nashik,0.0,37.6,20.9
2025-04-14,Nashik,0.0,38.7,22.9
2025-04-15,Nashik,0.0,39.8,24.0
2025-04-16,Nashik,0.0,40.1,23.6
2025-04-17,Nashik,0.0,40.8,23.6
2025-04-18,Nashik,0.0,41.6,23.6
2025-04-19,Nashik,0.0,39.3,24.4
2025-04-20,Nashik,0.0,38.8,22.8
2025-04-21,Nashik,0.0,40.7,23.3
2025-04-22,Nashik,0.0,41.7,24.5
2025-04-23,Nashik,0.0,42.5,25.0
2025-04-24,Nashik,0.0,40.5,25.4
2025-04-25,Nashik,0.0,41.1,24.6
2025-04-26,Nashik,0.0,38.8,24.7
2025-04-27,Nashik,0.0,40.6,22.6
2025-04-28,Nashik,0.0,41.5,24.3
2025-04-29,Nashik,0.0,41.5,23.6
2025-04-30,Nashik,0.0,41.1,23.8
2025-05-01,Nashik,0.0,41.8,25.9
2025-05-02,Nashik,0.0,41.5,25.1
2025-05-03,Nashik,0.0,38.6,24.1
2025-05-04,Nashik,0.0,35.8,22.1
2025-05-05,Nashik,0.0,37.1,22.7
2025-05-06,Nashik,0.6,35.2,22.8
2025-05-07,Nashik,0.2,34.3,22.1
2025-05-08,Nashik,8.9,33.0,22.3
2025-05-09,Nashik,0.9,33.6,20.7
2025-05-10,Nashik,0.2,36.7,22.3
2025-05-11,Nashik,0.5,35.3,22.9
2025-05-12,Nashik,17.2,34.7,22.4
2025-05-13,Nashik,0.6,34.8,23.5
2025-05-14,Nashik,3.8,34.3,21.9
2025-05-15,Nashik,1.9,34.5,24.2
2025-05-16,Nashik,17.8,34.1,23.4
2025-05-17,Nashik,0.2,32.9,23.6
2025-05-18,Nashik,0.8,34.7,23.4
2025-05-19,Nashik,14.9,35.5,23.5
2025-05-20,Nashik,16.4,34.7,23.9
2025-05-21,Nashik,2.4,30.8,23.2
2025-05-22,Nashik,4.3,29.7,22.9
2025-05-23,Nashik,0.5,29.3,23.3
2025-05-24,Nashik,1.4,28.5,23.7
2025-05-25,Nashik,14.2,32.2,24.2
2025-05-26,Nashik,3.1,34.6,23.7
2025-05-27,Nashik,0.5,33.1,23.6
2025-05-28,Nashik,7.7,30.4,23.3
2025-05-29,Nashik,0.5,33.4,23.2
2025-05-30,Nashik,0.0,32.9,23.7
2025-05-31,Nashik,0.0,32.7,23.6
2025-06-01,Nashik,0.1,32.2,22.9
2025-06-02,Nashik,0.2,32.0,22.8
2025-06-03,Nashik,0.1,31.5,22.8
2025-06-04,Nashik,1.3,31.1,22.0
2025-06-05,Nashik,0.5,31.9,21.4
2025-06-06,Nashik,0.2,34.0,21.8
2025-06-07,Nashik,0.8,33.5,22.6
2025-06-08,Nashik,0.5,33.7,23.3
2025-06-09,Nashik,0.2,33.7,23.3
2025-06-10,Nashik,0.2,33.9,23.2
2025-06-11,Nashik,1.6,34.1,23.6
2025-06-12,Nashik,0.2,35.8,24.5
2025-06-13,Nashik,16.5,34.3,23.8
2025-06-14,Nashik,25.4,33.2,23.7
2025-06-15,Nashik,4.0,31.9,23.2
2025-06-16,Nashik,11.4,28.3,23.1
2025-06-17,Nashik,0.9,30.2,23.1
2025-06-18,Nashik,5.2,28.8,23.8
2025-06-19,Nashik,10.6,26.6,22.8
2025-06-20,Nashik,3.1,30.4,22.8
2025-06-21,Nashik,3.6,28.5,22.5
2025-06-22,Nashik,2.8,28.8,22.8
2025-06-23,Nashik,5.2,28.6,22.9
2025-06-24,Nashik,7.9,26.1,22.9
2025-06-25,Nashik,5.8,30.2,22.9
2025-06-26,Nashik,14.1,27.4,22.4
2025-06-27,Nashik,8.4,26.2,22.6
2025-06-28,Nashik,1.7,27.2,22.3
2025-06-29,Nashik,5.7,27.7,22.7
2025-06-30,Nashik,2.2,27.8,22.4
2025-07-01,Nashik,3.1,27.8,22.8
2025-07-02,Nashik,3.2,27.9,22.7
2025-07-03,Nashik,3.5,28.3,22.1
2025-07-04,Nashik,3.1,27.3,22.8
2025-07-05,Nashik,8.5,27.8,22.6
2025-07-06,Nashik,11.6,25.4,22.3
2025-07-07,Nashik,14.9,24.1,22.1
2025-07-08,Nashik,3.9,27.4,22.3
2025-07-09,Nashik,5.5,26.5,22.3
2025-07-10,Nashik,1.2,30.4,22.4
2025-07-11,Nashik,0.6,29.4,22.6
2025-07-12,Nashik,1.7,29.5,22.6
2025-07-13,Nashik,1.5,29.3,22.8
2025-07-14,Nashik,11.5,28.0,22.9
2025-07-15,Nashik,5.8,28.8,22.4
2025-07-16,Nashik,1.4,30.3,22.6
2025-07-17,Nashik,0.3,30.2,22.0
2025-07-18,Nashik,0.3,29.2,22.1
2025-07-19,Nashik,0.9,30.2,21.8
2025-07-20,Nashik,2.5,29.6,22.6
2025-07-21,Nashik,4.4,27.6,22.7
2025-07-22,Nashik,0.8,28.8,22.8
2025-07-23,Nashik,8.6,26.6,22.7
2025-07-24,Nashik,3.2,28.4,22.0
2025-07-25,Nashik,17.7,24.9,22.5
2025-07-26,Nashik,10.8,25.7,22.6
2025-07-27,Nashik,14.5,25.7,22.4
2025-07-28,Nashik,6.8,27.2,22.0
2025-07-29,Nashik,7.9,26.5,22.4
2025-07-30,Nashik,2.8,27.1,22.6
2025-07-31,Nashik,2.7,28.1,22.4
2025-08-01,Nashik,1.4,28.7,22.0
2025-08-02,Nashik,2.2,28.9,21.9
2025-08-03,Nashik,1.3,29.1,21.9
2025-08-04,Nashik,1.6,29.1,22.0
2025-08-05,Nashik,1.0,29.6,21.3
2025-08-06,Nashik,1.2,30.4,21.8
2025-08-07,Nashik,3.1,29.8,22.3
2025-08-08,Nashik,1.2,28.2,21.7
2025-08-09,Nashik,1.2,27.7,21.8
2025-08-10,Nashik,1.9,28.6,21.6
2025-08-11,Nashik,5.1,29.4,22.0
2025-08-12,Nashik,0.7,28.8,21.8
2025-08-13,Nashik,4.4,28.4,21.8
2025-08-14,Nashik,8.4,28.2,22.2
2025-08-15,Nashik,11.3,29.0,21.9
2025-08-16,Nashik,22.9,25.6,21.9
2025-08-17,Nashik,9.2,28.9,21.8
2025-08-18,Nashik,15.5,27.0,22.3
2025-08-19,Nashik,15.0,27.6,22.3
2025-08-20,Nashik,4.5,24.9,22.5
2025-08-21,Nashik,4.2,27.1,22.3
2025-08-22,Nashik,4.1,27.5,22.3
2025-08-23,Nashik,4.6,26.9,21.8
2025-08-24,Nashik,4.3,26.9,21.7
2025-08-25,Nashik,11.1,25.7,21.9
2025-08-26,Nashik,7.1,28.0,22.2
2025-08-27,Nashik,7.4,27.5,22.3
2025-08-28,Nashik,17.5,27.9,21.5
2025-08-29,Nashik,28.0,27.4,21.6
2025-08-30,Nashik,7.4,27.4,21.8
2025-08-31,Nashik,0.7,29.1,22.0
2025-09-01,Nashik,13.4,26.8,22.2
2025-09-02,Nashik,1.1,27.9,21.6
2025-09-03,Nashik,3.0,27.9,21.3
2025-09-04,Nashik,10.1,25.5,21.5
2025-09-05,Nashik,14.9,26.6,22.3
2025-09-06,Nashik,23.9,25.6,21.0
2025-09-07,Nashik,12.9,26.4,20.8
2025-09-08,Nashik,1.9,27.9,20.7
2025-09-09,Nashik,0.0,28.8,20.3
2025-09-10,Nashik,0.2,29.2,19.8
2025-09-11,Nashik,0.5,29.2,19.6
2025-09-12,Nashik,0.0,28.5,20.4
2025-09-13,Nashik,6.2,27.8,21.0
2025-09-14,Nashik,22.3,28.8,21.9
2025-09-15,Nashik,24.9,29.3,21.8
2025-09-16,Nashik,11.5,28.5,21.5
2025-09-17,Nashik,2.9,28.9,21.3
2025-09-18,Nashik,27.6,28.4,22.0
2025-09-19,Nashik,9.6,29.2,21.9
2025-09-20,Nashik,8.1,28.3,21.6
2025-09-21,Nashik,7.6,29.4,22.0
2025-09-22,Nashik,6.7,28.4,22.2
2025-09-23,Nashik,8.3,27.8,21.3
2025-09-24,Nashik,1.5,28.3,21.0
2025-09-25,Nashik,0.0,29.9,20.5
2025-09-26,Nashik,10.8,28.2,21.2
2025-09-27,Nashik,23.9,30.6,22.3
2025-09-28,Nashik,31.9,25.2,21.8
2025-09-29,Nashik,1.2,26.4,20.2
2025-09-30,Nashik,1.3,28.3,19.6
2025-10-01,Nashik,0.5,28.7,19.6
2025-10-02,Nashik,1.9,28.4,20.4
2025-10-03,Nashik,0.7,28.8,20.5
2025-10-04,Nashik,6.5,29.3,21.2
2025-10-05,Nashik,2.8,28.0,20.9
2025-10-06,Nashik,0.0,28.8,20.2
2025-10-07,Nashik,1.9,28.0,20.1
2025-10-08,Nashik,0.4,28.6,19.8
2025-10-09,Nashik,0.0,29.6,19.3
2025-10-10,Nashik,0.0,29.4,19.5
2025-10-11,Nashik,0.0,29.0,18.5
2025-10-12,Nashik,0.0,29.0,18.6
2025-10-13,Nashik,0.0,29.8,17.7
2025-10-14,Nashik,0.0,29.8,19.0
2025-10-15,Nashik,1.2,29.9,20.2
2025-10-16,Nashik,0.4,30.2,20.6
2025-10-17,Nashik,0.1,30.5,22.2
2025-10-18,Nashik,0.1,30.5,21.8
2025-10-19,Nashik,0.9,29.6,21.7
2025-10-20,Nashik,1.0,30.5,21.2
2025-10-21,Nashik,0.7,30.2,21.1
2025-10-22,Nashik,3.3,30.4,22.3
2025-10-23,Nashik,3.7,30.9,22.9
2025-10-24,Nashik,11.4,30.0,22.2
2025-10-25,Nashik,13.2,28.7,21.7
2025-10-26,Nashik,32.3,28.1,21.3
2025-10-27,Nashik,22.0,28.9,21.1
2025-10-28,Nashik,1.0,28.8,21.4
2025-10-29,Nashik,8.8,27.2,21.6
2025-10-30,Nashik,3.7,27.5,21.6
2025-10-31,Nashik,1.7,28.9,20.0
2025-11-01,Nashik,6.4,28.6,21.4
2025-11-02,Nashik,1.7,28.7,21.2
2025-11-03,Nashik,0.2,28.7,21.2
2025-11-04,Nashik,0.2,27.7,20.3
2025-11-05,Nashik,0.0,28.3,19.0
2025-11-06,Nashik,0.0,28.4,17.3
2025-11-07,Nashik,0.0,28.0,17.2
2025-11-08,Nashik,0.0,28.6,15.3
2025-11-09,Nashik,0.0,27.2,15.1
2025-11-10,Nashik,0.0,26.4,14.1
2025-11-11,Nashik,0.0,26.5,13.3
2025-11-12,Nashik,0.0,26.9,14.3
2025-11-13,Nashik,0.0,27.0,13.4
2025-11-14,Nashik,0.0,26.9,13.5
2025-11-15,Nashik,0.0,26.9,12.9
2025-11-16,Nashik,0.0,27.0,13.1
2025-11-17,Nashik,0.0,26.6,14.1
2025-11-18,Nashik,0.0,26.3,11.4
2025-11-19,Nashik,0.0,27.1,11.8
2025-11-20,Nashik,0.0,27.3,12.6
2025-11-21,Nashik,0.0,27.6,13.4
2025-11-22,Nashik,0.0,29.3,15.2
2025-11-23,Nashik,0.0,29.6,18.0
2025-11-24,Nashik,0.0,29.2,18.7
2025-11-25,Nashik,0.0,28.9,18.6
2025-11-26,Nashik,0.0,28.9,18.0
2025-11-27,Nashik,0.0,28.0,16.9
2025-11-28,Nashik,0.0,28.0,16.6
2025-11-29,Nashik,0.0,26.6,16.2
2025-11-30,Nashik,0.0,26.7,13.7
2025-12-01,Nashik,0.0,26.6,13.1
2025-12-02,Nashik,0.0,26.7,13.8
2025-12-03,Nashik,0.0,27.1,13.3
2025-12-04,Nashik,0.0,26.8,13.6
2025-12-05,Nashik,0.0,27.4,14.1
2025-12-06,Nashik,0.0,26.7,13.2
2025-12-07,Nashik,0.0,27.4,14.0
2025-12-08,Nashik,0.0,27.4,11.8
2025-12-09,Nashik,0.0,28.1,11.6
2025-12-10,Nashik,0.0,27.7,12.3
2025-12-11,Nashik,0.0,27.0,11.8
2025-12-12,Nashik,0.0,26.8,12.3
2025-12-13,Nashik,0.0,27.7,12.2
2025-12-14,Nashik,0.0,27.7,12.4
2025-12-15,Nashik,0.0,27.1,15.2
2025-12-16,Nashik,0.0,27.1,12.4
2025-12-17,Nashik,0.0,27.9,12.5
2025-12-18,Nashik,0.0,28.7,12.6
2025-12-19,Nashik,0.0,28.6,12.3
2025-12-20,Nashik,0.0,27.6,12.3
2025-12-21,Nashik,0.0,27.0,12.4
2025-12-22,Nashik,0.0,27.8,12.0
2025-12-23,Nashik,0.0,27.1,14.7
2025-12-24,Nashik,0.0,26.6,14.1
2025-12-25,Nashik,0.0,26.5,12.5
2025-12-26,Nashik,0.0,26.4,12.4
2025-12-27,Nashik,0.0,26.6,12.8
2025-12-28,Nashik,0.0,26.6,12.7
2025-12-29,Nashik,0.0,26.6,11.8
2025-12-30,Nashik,0.0,27.6,11.8
2025-12-31,Nashik,0.0,27.2,12.6
2019-01-01,Agra,0.0,21.0,5.5
2019-01-02,Agra,0.0,21.6,7.1
2019-01-03,Agra,0.0,21.2,7.0
2019-01-04,Agra,0.0,20.6,7.2
2019-01-05,Agra,0.0,21.4,8.7
2019-01-06,Agra,0.1,19.5,9.3
2019-01-07,Agra,0.0,19.9,9.3
2019-01-08,Agra,0.0,19.4,8.2
2019-01-09,Agra,0.0,19.5,8.1
2019-01-10,Agra,0.0,19.4,7.3
2019-01-11,Agra,0.0,19.5,7.3
2019-01-12,Agra,0.0,19.9,6.2
2019-01-13,Agra,0.0,20.5,7.4
2019-01-14,Agra,0.0,19.7,9.6
2019-01-15,Agra,0.0,18.7,6.6
2019-01-16,Agra,0.0,19.4,6.1
2019-01-17,Agra,0.0,20.9,6.3
2019-01-18,Agra,0.0,20.5,6.8
2019-01-19,Agra,0.0,22.5,7.2
2019-01-20,Agra,0.0,24.9,10.1
2019-01-21,Agra,2.9,23.1,12.2
2019-01-22,Agra,4.5,21.4,13.6
2019-01-23,Agra,0.0,20.4,10.5
2019-01-24,Agra,1.7,20.1,10.5
2019-01-25,Agra,1.4,18.3,10.3
2019-01-26,Agra,0.0,18.3,8.3
2019-01-27,Agra,0.0,16.8,6.2
2019-01-28,Agra,0.0,17.5,6.0
2019-01-29,Agra,0.0,18.2,5.5
2019-01-30,Agra,0.0,19.3,5.5
2019-01-31,Agra,0.3,20.5,8.9
2019-02-01,Agra,0.0,21.7,10.0
2019-02-02,Agra,0.0,20.6,9.4
2019-02-03,Agra,0.0,20.1,8.4
2019-02-04,Agra,0.0,21.1,6.2
2019-02-05,Agra,0.9,23.3,11.2
2019-02-06,Agra,0.6,24.9,14.3
2019-02-07,Agra,1.7,24.0,12.9
2019-02-08,Agra,0.0,20.4,8.1
2019-02-09,Agra,0.0,19.1,9.0
2019-02-10,Agra,0.0,19.7,6.7
2019-02-11,Agra,0.0,20.1,7.7
2019-02-12,Agra,0.0,22.2,11.4
2019-02-13,Agra,0.0,24.4,9.9
2019-02-14,Agra,13.1,20.6,15.3
2019-02-15,Agra,1.7,21.1,12.9
2019-02-16,Agra,0.0,20.0,11.7
2019-02-17,Agra,0.0,21.2,9.9
2019-02-18,Agra,0.0,24.1,10.6
2019-02-19,Agra,0.0,25.0,13.1
2019-02-20,Agra,0.2,23.4,15.8
2019-02-21,Agra,0.0,27.6,14.1
2019-02-22,Agra,0.0,24.6,15.7
2019-02-23,Agra,0.0,21.7,11.4
2019-02-24,Agra,0.1,22.4,10.1
2019-02-25,Agra,4.4,23.4,11.6
2019-02-26,Agra,0.6,21.8,13.0
2019-02-27,Agra,1.0,20.6,10.3
2019-02-28,Agra,0.0,20.8,8.5
2019-03-01,Agra,0.0,22.2,7.9
2019-03-02,Agra,1.1,22.1,11.6
2019-03-03,Agra,2.3,20.7,11.7
2019-03-04,Agra,0.1,23.7,12.5
2019-03-05,Agra,0.0,23.5,13.4
2019-03-06,Agra,0.0,24.4,11.4
2019-03-07,Agra,0.0,25.2,11.0
2019-03-08,Agra,0.0,26.5,11.4
2019-03-09,Agra,0.0,27.0,14.3
2019-03-10,Agra,0.0,26.3,14.0
2019-03-11,Agra,0.0,29.8,16.2
2019-03-12,Agra,0.0,27.6,15.0
2019-03-13,Agra,0.6,26.7,15.4
2019-03-14,Agra,0.2,25.8,14.2
2019-03-15,Agra,0.0,26.9,13.6
2019-03-16,Agra,0.0,26.0,12.4
2019-03-17,Agra,0.0,27.3,12.8
2019-03-18,Agra,0.0,28.4,13.2
2019-03-19,Agra,0.0,30.1,14.2
2019-03-20,Agra,0.0,32.1,17.6
2019-03-21,Agra,0.0,31.0,17.0
2019-03-22,Agra,0.0,30.2,18.1
2019-03-23,Agra,0.0,30.4,15.9
2019-03-24,Agra,0.0,32.1,16.3
2019-03-25,Agra,0.0,30.6,17.7
2019-03-26,Agra,0.0,30.3,17.4
2019-03-27,Agra,0.0,31.7,15.7
2019-03-28,Agra,0.0,34.5,17.9
2019-03-29,Agra,0.0,35.9,19.5
2019-03-30,Agra,0.0,37.0,21.3
2019-03-31,Agra,0.0,35.6,19.7
2019-04-01,Agra,0.0,33.9,18.9
2019-04-02,Agra,0.0,34.5,17.1
2019-04-03,Agra,0.0,35.7,19.2
2019-04-04,Agra,0.0,36.1,19.4
2019-04-05,Agra,0.0,38.2,20.8
2019-04-06,Agra,0.0,37.9,22.5
2019-04-07,Agra,0.2,37.1,22.7
2019-04-08,Agra,0.0,36.6,21.4
2019-04-09,Agra,0.1,37.3,21.8
2019-04-10,Agra,0.0,38.1,22.8
2019-04-11,Agra,0.0,38.6,22.7
2019-04-12,Agra,0.0,38.3,22.8
2019-04-13,Agra,0.0,38.7,23.2
2019-04-14,Agra,0.0,39.0,23.7
2019-04-15,Agra,0.0,39.0,24.4
2019-04-16,Agra,1.0,32.5,21.9
2019-04-17,Agra,25.2,27.8,19.4
2019-04-18,Agra,0.1,29.3,17.9
2019-04-19,Agra,0.0,31.0,19.7
2019-04-20,Agra,0.0,33.4,19.4
2019-04-21,Agra,0.0,35.6,20.5
2019-04-22,Agra,0.0,38.6,22.9
2019-04-23,Agra,0.0,40.5,23.4
2019-04-24,Agra,0.0,39.7,25.9
2019-04-25,Agra,0.0,40.7,26.5
2019-04-26,Agra,0.0,40.5,24.1
2019-04-27,Agra,0.0,40.7,25.8
2019-04-28,Agra,0.0,40.9,25.6
2019-04-29,Agra,0.0,40.7,25.1
2019-04-30,Agra,0.0,41.5,24.3
2019-05-01,Agra,0.0,40.8,24.5
2019-05-02,Agra,0.0,38.6,23.9
2019-05-03,Agra,0.0,38.2,26.4
2019-05-04,Agra,0.0,38.3,24.3
2019-05-05,Agra,0.0,38.8,23.8
2019-05-06,Agra,0.0,40.5,24.5
2019-05-07,Agra,0.0,41.8,23.8
2019-05-08,Agra,0.0,41.7,27.9
2019-05-09,Agra,0.0,41.0,27.6
2019-05-10,Agra,0.0,40.5,29.1
2019-05-11,Agra,0.0,38.8,26.6
2019-05-12,Agra,0.0,38.2,25.5
2019-05-13,Agra,0.0,38.5,25.2
2019-05-14,Agra,0.0,36.2,25.8
2019-05-15,Agra,0.4,36.4,24.7
2019-05-16,Agra,0.0,37.5,24.5
2019-05-17,Agra,0.5,36.5,24.9
2019-05-18,Agra,0.0,33.1,23.8
2019-05-19,Agra,0.0,37.1,24.4
2019-05-20,Agra,0.0,39.0,23.7
2019-05-21,Agra,0.0,38.8,26.1
2019-05-22,Agra,0.0,39.0,27.0
2019-05-23,Agra,0.0,40.0,27.8
2019-05-24,Agra,0.0,38.2,26.6
2019-05-25,Agra,0.0,37.4,26.4
2019-05-26,Agra,0.0,38.8,25.1
2019-05-27,Agra,0.0,40.4,25.6
2019-05-28,Agra,0.0,40.9,24.9
2019-05-29,Agra,0.0,41.8,25.7
2019-05-30,Agra,0.0,42.9,27.2
2019-05-31,Agra,0.0,42.3,28.7
2019-06-01,Agra,0.0,42.6,28.3
2019-06-02,Agra,0.0,42.5,30.0
2019-06-03,Agra,0.0,41.9,30.8
2019-06-04,Agra,0.0,40.7,30.2
2019-06-05,Agra,0.0,42.1,29.4
2019-06-06,Agra,0.0,43.6,29.7
2019-06-07,Agra,0.0,41.8,29.1
2019-06-08,Agra,0.0,42.0,28.9
2019-06-09,Agra,0.0,43.4,28.7
2019-06-10,Agra,0.0,44.6,29.1
2019-06-11,Agra,0.0,43.6,29.5
2019-06-12,Agra,0.0,40.7,31.1
2019-06-13,Agra,0.3,36.0,27.2
2019-06-14,Agra,0.0,41.3,29.7
2019-06-15,Agra,0.0,41.8,30.2
2019-06-16,Agra,1.0,37.2,30.4
2019-06-17,Agra,0.1,36.5,29.0
2019-06-18,Agra,0.1,35.3,25.5
2019-06-19,Agra,0.4,30.4,23.8
2019-06-20,Agra,0.0,34.8,22.4
2019-06-21,Agra,0.0,37.8,26.1
2019-06-22,Agra,0.0,38.1,28.5
2019-06-23,Agra,0.0,38.1,28.8
2019-06-24,Agra,0.2,36.4,27.6
2019-06-25,Agra,0.6,37.5,28.4
2019-06-26,Agra,0.5,38.2,29.9
2019-06-27,Agra,0.0,40.5,29.2
2019-06-28,Agra,0.0,41.4,29.9
2019-06-29,Agra,0.0,41.5,30.7
2019-06-30,Agra,0.0,42.5,31.2
2019-07-01,Agra,0.0,40.3,30.2
2019-07-02,Agra,0.0,39.3,30.7
2019-07-03,Agra,2.3,34.5,29.4
2019-07-04,Agra,2.7,38.8,28.5
2019-07-05,Agra,18.1,32.4,27.3
2019-07-06,Agra,18.1,32.7,26.6
2019-07-07,Agra,0.8,33.7,26.7
2019-07-08,Agra,5.9,35.4,26.9
2019-07-09,Agra,14.1,33.2,26.4
2019-07-10,Agra,12.8,34.5,26.2
2019-07-11,Agra,0.0,35.0,29.5
2019-07-12,Agra,0.0,35.5,29.2
2019-07-13,Agra,0.0,36.0,28.9
2019-07-14,Agra,0.0,35.2,29.7
2019-07-15,Agra,0.4,35.6,29.0
2019-07-16,Agra,2.8,35.1,27.7
2019-07-17,Agra,9.2,34.7,25.9
2019-07-18,Agra,4.2,33.9,26.5
2019-07-19,Agra,1.9,33.9,26.8
2019-07-20,Agra,0.0,35.3,28.1
2019-07-21,Agra,2.8,35.4,28.3
2019-07-22,Agra,5.0,36.5,28.4
2019-07-23,Agra,0.9,37.2,28.3
2019-07-24,Agra,8.5,37.1,27.3
2019-07-25,Agra,12.8,31.5,26.0
2019-07-26,Agra,16.2,29.9,25.9
2019-07-27,Agra,7.6,29.8,25.1
2019-07-28,Agra,7.8,32.1,25.7
2019-07-29,Agra,1.1,32.8,26.5
2019-07-30,Agra,1.0,32.1,26.4
2019-07-31,Agra,0.6,32.4,26.8
2019-08-01,Agra,3.4,32.1,26.5
2019-08-02,Agra,25.8,32.4,26.0
2019-08-03,Agra,6.8,30.6,26.1
2019-08-04,Agra,3.6,33.0,26.8
2019-08-05,Agra,19.2,33.3,26.2
2019-08-06,Agra,19.5,30.9,26.1
2019-08-07,Agra,9.7,32.6,26.0
2019-08-08,Agra,1.9,32.7,26.5
2019-08-09,Agra,4.6,31.9,26.9
2019-08-10,Agra,1.2,32.8,26.3
2019-08-11,Agra,1.2,33.4,26.6
2019-08-12,Agra,1.6,33.7,26.5
2019-08-13,Agra,16.8,31.0,26.1
2019-08-14,Agra,7.7,32.1,25.7
2019-08-15,Agra,10.0,30.6,26.2
2019-08-16,Agra,4.0,30.2,25.8
2019-08-17,Agra,3.4,29.3,25.4
2019-08-18,Agra,31.5,29.1,24.8
2019-08-19,Agra,0.6,32.0,24.2
2019-08-20,Agra,1.9,31.9,25.7
2019-08-21,Agra,0.8,33.5,25.8
2019-08-22,Agra,0.5,31.5,25.9
2019-08-23,Agra,1.6,32.4,25.2
2019-08-24,Agra,5.3,31.2,26.3
2019-08-25,Agra,8.0,30.1,26.0
2019-08-26,Agra,7.8,31.8,25.6
2019-08-27,Agra,2.0,33.0,25.7
2019-08-28,Agra,1.0,32.8,27.0
2019-08-29,Agra,4.5,32.7,26.6
2019-08-30,Agra,4.1,32.4,26.3
2019-08-31,Agra,7.1,33.2,27.0
2019-09-01,Agra,13.5,32.7,27.1
2019-09-02,Agra,2.1,33.0,26.3
2019-09-03,Agra,4.2,33.6,27.1
2019-09-04,Agra,10.3,32.9,26.3
2019-09-05,Agra,18.4,31.8,26.8
2019-09-06,Agra,15.6,32.7,26.1
2019-09-07,Agra,12.2,32.2,26.6
2019-09-08,Agra,5.3,32.0,26.3
2019-09-09,Agra,0.2,33.4,26.6
2019-09-10,Agra,0.6,33.4,27.1
2019-09-11,Agra,0.6,34.2,27.3
2019-09-12,Agra,1.4,32.7,27.6
2019-09-13,Agra,8.0,31.1,26.3
2019-09-14,Agra,9.0,30.4,25.9
2019-09-15,Agra,3.7,29.5,25.5
2019-09-16,Agra,2.1,32.3,25.7
2019-09-17,Agra,0.4,33.2,25.8
2019-09-18,Agra,0.5,31.6,25.7
2019-09-19,Agra,1.0,29.5,24.4
2019-09-20,Agra,5.3,29.6,23.8
2019-09-21,Agra,1.6,30.8,24.8
2019-09-22,Agra,3.9,28.6,24.7
2019-09-23,Agra,10.2,28.6,24.3
2019-09-24,Agra,6.7,29.2,24.1
2019-09-25,Agra,5.4,29.4,23.9
2019-09-26,Agra,7.3,29.4,24.6
2019-09-27,Agra,4.5,28.7,24.0
2019-09-28,Agra,2.0,28.9,23.6
2019-09-29,Agra,1.7,29.1,23.3
2019-09-30,Agra,3.8,29.5,23.2
2019-10-01,Agra,3.7,28.5,23.3
2019-10-02,Agra,0.4,30.3,23.0
2019-10-03,Agra,0.1,31.2,23.0
2019-10-04,Agra,0.1,31.1,22.1
2019-10-05,Agra,0.0,30.7,22.8
2019-10-06,Agra,0.0,31.0,21.5
2019-10-07,Agra,0.0,31.2,21.9
2019-10-08,Agra,0.0,30.8,21.6
2019-10-09,Agra,0.0,30.8,21.3
2019-10-10,Agra,0.0,31.1,22.7
2019-10-11,Agra,0.0,30.9,21.6
2019-10-12,Agra,0.0,31.1,20.3
2019-10-13,Agra,0.0,32.3,20.8
2019-10-14,Agra,0.0,32.6,21.5
2019-10-15,Agra,0.0,31.8,20.5
2019-10-16,Agra,0.0,31.7,20.8
2019-10-17,Agra,0.0,31.1,19.9
2019-10-18,Agra,0.0,30.4,21.6
2019-10-19,Agra,0.0,30.4,21.9
2019-10-20,Agra,0.0,30.9,21.5
2019-10-21,Agra,0.0,31.1,19.0
2019-10-22,Agra,0.0,30.2,17.7
2019-10-23,Agra,0.0,31.1,16.4
2019-10-24,Agra,0.0,30.8,17.5
2019-10-25,Agra,0.0,29.2,18.2
2019-10-26,Agra,0.0,28.9,17.9
2019-10-27,Agra,0.0,29.9,18.0
2019-10-28,Agra,0.0,30.1,18.5
2019-10-29,Agra,0.0,30.4,18.6
2019-10-30,Agra,0.0,30.3,20.9
2019-10-31,Agra,0.0,31.7,18.7
2019-11-01,Agra,0.0,31.8,18.6
2019-11-02,Agra,0.0,32.5,20.4
2019-11-03,Agra,0.0,29.7,20.6
2019-11-04,Agra,0.0,29.8,20.2
2019-11-05,Agra,0.0,29.6,17.7
2019-11-06,Agra,0.0,28.5,16.7
2019-11-07,Agra,0.4,29.2,20.7
2019-11-08,Agra,0.3,28.8,18.3
2019-11-09,Agra,0.0,29.3,17.8
2019-11-10,Agra,0.0,28.5,16.1
2019-11-11,Agra,0.0,28.2,16.5
2019-11-12,Agra,0.0,28.3,15.6
2019-11-13,Agra,0.0,28.7,16.4
2019-11-14,Agra,0.0,28.9,18.1
2019-11-15,Agra,0.0,27.8,16.0
2019-11-16,Agra,0.0,28.4,17.9
2019-11-17,Agra,0.0,28.6,18.4
2019-11-18,Agra,0.0,26.6,16.4
2019-11-19,Agra,0.0,25.9,14.4
2019-11-20,Agra,0.0,26.1,13.7
2019-11-21,Agra,0.0,26.2,14.1
2019-11-22,Agra,0.0,25.9,15.1
2019-11-23,Agra,0.0,26.7,14.9
2019-11-24,Agra,0.0,27.3,16.6
2019-11-25,Agra,0.0,27.4,15.4
2019-11-26,Agra,0.0,27.7,16.1
2019-11-27,Agra,0.1,26.7,16.1
2019-11-28,Agra,11.7,24.5,17.2
2019-11-29,Agra,4.8,22.9,16.3
2019-11-30,Agra,0.0,23.6,14.5
2019-12-01,Agra,0.0,23.2,13.2
2019-12-02,Agra,0.0,22.7,12.7
2019-12-03,Agra,0.0,22.7,10.4
2019-12-04,Agra,0.0,22.6,8.7
2019-12-05,Agra,0.0,21.7,10.4
2019-12-06,Agra,0.0,21.2,9.9
2019-12-07,Agra,0.0,22.1,11.4
2019-12-08,Agra,0.0,22.3,9.8
2019-12-09,Agra,0.0,21.9,9.8
2019-12-10,Agra,0.0,22.1,10.2
2019-12-11,Agra,0.0,21.6,10.6
2019-12-12,Agra,0.4,19.3,12.2
2019-12-13,Agra,12.7,20.0,13.7
2019-12-14,Agra,0.0,17.9,10.6
2019-12-15,Agra,0.0,18.9,9.6
2019-12-16,Agra,0.0,18.4,8.9
2019-12-17,Agra,0.0,17.4,7.4
2019-12-18,Agra,0.0,17.6,6.7
2019-12-19,Agra,0.0,17.3,6.2
2019-12-20,Agra,0.0,18.5,8.0
2019-12-21,Agra,0.0,20.3,8.4
2019-12-22,Agra,0.0,19.4,9.7
2019-12-23,Agra,0.0,18.7,8.1
2019-12-24,Agra,0.0,18.5,6.5
2019-12-25,Agra,0.0,16.8,7.2
2019-12-26,Agra,0.0,15.5,4.8
2019-12-27,Agra,0.0,14.9,4.5
2019-12-28,Agra,0.0,13.5,5.2
2019-12-29,Agra,0.0,11.3,3.9
2019-12-30,Agra,0.0,12.1,2.9
2019-12-31,Agra,0.0,13.2,2.2
2020-01-01,Agra,0.0,17.9,5.8
2020-01-02,Agra,0.1,19.0,8.2
2020-01-03,Agra,1.6,19.3,10.9
2020-01-04,Agra,0.1,18.9,8.6
2020-01-05,Agra,0.0,20.3,8.4
2020-01-06,Agra,0.0,20.8,8.6
2020-01-07,Agra,0.0,21.6,11.4
2020-01-08,Agra,2.5,19.3,12.2
2020-01-09,Agra,0.0,16.1,8.4
2020-01-10,Agra,0.0,16.4,5.9
2020-01-11,Agra,0.0,17.2,5.5
2020-01-12,Agra,0.0,20.2,5.8
2020-01-13,Agra,1.6,22.7,7.4
2020-01-14,Agra,1.0,18.2,12.0
2020-01-15,Agra,0.1,19.6,10.9
2020-01-16,Agra,7.8,17.3,13.3
2020-01-17,Agra,0.5,18.5,11.2
2020-01-18,Agra,0.0,18.3,9.5
2020-01-19,Agra,0.0,18.4,8.7
2020-01-20,Agra,0.0,17.6,6.8
2020-01-21,Agra,0.0,18.8,7.7
2020-01-22,Agra,0.0,19.3,6.5
2020-01-23,Agra,0.0,18.8,8.4
2020-01-24,Agra,0.0,19.2,7.8
2020-01-25,Agra,0.0,19.0,5.6
2020-01-26,Agra,0.0,21.0,6.7
2020-01-27,Agra,0.0,21.4,9.2
2020-01-28,Agra,2.7,21.3,12.7
2020-01-29,Agra,0.1,19.8,10.4
2020-01-30,Agra,0.0,19.3,8.7
2020-01-31,Agra,0.0,19.4,7.6
2020-02-01,Agra,0.0,19.2,7.0
2020-02-02,Agra,0.0,19.0,8.0
2020-02-03,Agra,0.0,19.6,5.7
2020-02-04,Agra,0.0,20.4,6.7
2020-02-05,Agra,0.0,20.8,8.1
2020-02-06,Agra,0.0,19.4,7.8
2020-02-07,Agra,0.3,19.9,8.0
2020-02-08,Agra,0.0,19.9,7.6
2020-02-09,Agra,0.0,20.6,6.7
2020-02-10,Agra,0.0,21.3,6.9
2020-02-11,Agra,0.0,22.0,7.9
2020-02-12,Agra,0.0,24.6,8.6
2020-02-13,Agra,0.0,27.2,13.1
2020-02-14,Agra,0.0,25.4,13.9
2020-02-15,Agra,0.0,25.3,11.7
2020-02-16,Agra,0.0,25.6,9.2
2020-02-17,Agra,0.0,26.4,9.1
2020-02-18,Agra,0.0,26.3,8.9
2020-02-19,Agra,0.0,27.4,9.8
2020-02-20,Agra,0.0,28.6,15.6
2020-02-21,Agra,0.3,26.0,14.8
2020-02-22,Agra,0.1,23.6,12.8
2020-02-23,Agra,1.4,24.8,13.8
2020-02-24,Agra,0.0,25.3,13.6
2020-02-25,Agra,0.0,25.7,12.7
2020-02-26,Agra,0.0,27.0,12.9
2020-02-27,Agra,0.0,27.5,13.4
2020-02-28,Agra,0.0,27.5,16.7
2020-02-29,Agra,1.9,25.9,17.2
2020-03-01,Agra,0.0,26.8,15.7
2020-03-02,Agra,0.0,27.3,15.7
2020-03-03,Agra,0.0,27.3,16.4
2020-03-04,Agra,3.0,26.7,16.1
2020-03-05,Agra,3.0,26.9,15.4
2020-03-06,Agra,18.7,22.8,15.2
2020-03-07,Agra,0.1,23.5,13.6
2020-03-08,Agra,0.0,24.9,12.6
2020-03-09,Agra,0.0,25.8,11.9
2020-03-10,Agra,0.0,24.7,11.6
2020-03-11,Agra,3.9,26.8,15.4
2020-03-12,Agra,0.0,27.9,15.8
2020-03-13,Agra,0.0,27.6,14.4
2020-03-14,Agra,0.0,26.0,14.9
2020-03-15,Agra,1.5,22.9,13.2
2020-03-16,Agra,0.0,25.9,13.3
2020-03-17,Agra,0.0,28.4,14.5
2020-03-18,Agra,0.0,30.3,14.4
2020-03-19,Agra,0.0,31.1,15.9
2020-03-20,Agra,0.0,31.8,16.7
2020-03-21,Agra,0.1,31.9,17.9
2020-03-22,Agra,0.0,33.0,17.7
2020-03-23,Agra,0.0,32.7,18.2
2020-03-24,Agra,0.7,32.9,19.0
2020-03-25,Agra,0.0,33.0,19.8
2020-03-26,Agra,0.0,31.9,20.7
2020-03-27,Agra,2.0,25.1,18.8
2020-03-28,Agra,0.0,29.5,17.0
2020-03-29,Agra,0.0,30.9,17.2
2020-03-30,Agra,0.0,32.0,16.6
2020-03-31,Agra,0.0,32.9,16.8
2020-04-01,Agra,0.0,34.0,19.3
2020-04-02,Agra,0.0,32.8,20.1
2020-04-03,Agra,0.0,32.3,17.6
2020-04-04,Agra,0.0,33.7,17.5
2020-04-05,Agra,0.0,34.4,19.5
2020-04-06,Agra,0.0,35.8,19.7
2020-04-07,Agra,0.0,36.3,20.2
2020-04-08,Agra,0.0,35.4,20.6
2020-04-09,Agra,0.0,34.8,20.4
2020-04-10,Agra,0.0,36.4,19.7
2020-04-11,Agra,0.0,38.8,21.4
2020-04-12,Agra,0.0,37.0,22.3
2020-04-13,Agra,0.0,39.2,22.7
2020-04-14,Agra,0.0,39.8,24.8
2020-04-15,Agra,0.0,40.3,25.5
2020-04-16,Agra,0.0,39.6,24.1
2020-04-17,Agra,0.0,37.3,25.2
2020-04-18,Agra,0.0,37.7,24.2
2020-04-19,Agra,0.0,36.6,24.0
2020-04-20,Agra,0.0,34.4,22.9
2020-04-21,Agra,0.0,34.2,21.8
2020-04-22,Agra,0.0,36.4,22.2
2020-04-23,Agra,0.3,35.3,24.7
2020-04-24,Agra,0.0,36.7,23.7
2020-04-25,Agra,0.4,34.4,24.5
2020-04-26,Agra,3.0,35.7,24.2
2020-04-27,Agra,0.1,32.2,21.8
2020-04-28,Agra,0.2,34.0,23.5
2020-04-29,Agra,0.0,35.3,23.3
2020-04-30,Agra,0.7,37.5,25.4
2020-05-01,Agra,0.0,39.6,24.4
2020-05-02,Agra,0.1,38.7,24.9
2020-05-03,Agra,12.4,38.0,25.1
2020-05-04,Agra,0.0,35.7,23.5
2020-05-05,Agra,0.3,35.3,24.3
2020-05-06,Agra,0.0,37.4,24.7
2020-05-07,Agra,0.0,37.0,22.4
2020-05-08,Agra,0.0,39.4,24.6
2020-05-09,Agra,0.0,41.0,26.2
2020-05-10,Agra,0.3,39.9,25.1
2020-05-11,Agra,0.1,37.0,22.8
2020-05-12,Agra,0.0,37.9,25.4
2020-05-13,Agra,0.0,37.6,26.6
2020-05-14,Agra,0.0,39.1,25.7
2020-05-15,Agra,0.0,38.6,26.3
2020-05-16,Agra,0.0,39.4,26.3
2020-05-17,Agra,0.0,40.1,26.5
2020-05-18,Agra,0.0,41.1,25.7
2020-05-19,Agra,0.0,41.3,25.6
2020-05-20,Agra,0.0,40.0,24.2
2020-05-21,Agra,0.0,41.8,25.1
2020-05-22,Agra,0.0,43.7,25.0
2020-05-23,Agra,0.0,44.1,27.7
2020-05-24,Agra,0.0,44.3,28.9
2020-05-25,Agra,0.0,44.6,28.9
2020-05-26,Agra,0.0,44.8,30.8
2020-05-27,Agra,0.0,43.7,30.6
2020-05-28,Agra,0.0,40.6,28.4
2020-05-29,Agra,7.7,39.2,26.6
2020-05-30,Agra,3.3,34.1,24.0
2020-05-31,Agra,0.3,32.9,24.2
2020-06-01,Agra,0.0,34.8,23.2
2020-06-02,Agra,0.1,35.1,24.7
2020-06-03,Agra,0.0,36.9,25.8
2020-06-04,Agra,0.0,32.2,25.1
2020-06-05,Agra,0.0,34.3,23.2
2020-06-06,Agra,0.1,34.5,24.0
2020-06-07,Agra,0.0,35.9,26.9
2020-06-08,Agra,0.0,36.8,25.4
2020-06-09,Agra,0.0,38.3,27.3
2020-06-10,Agra,0.0,39.2,28.2
2020-06-11,Agra,0.0,38.0,29.3
2020-06-12,Agra,0.0,39.2,29.7
2020-06-13,Agra,0.2,38.3,30.6
2020-06-14,Agra,0.0,38.2,30.3
2020-06-15,Agra,0.0,40.3,29.9
2020-06-16,Agra,0.0,40.0,29.8
2020-06-17,Agra,0.0,39.5,29.3
2020-06-18,Agra,0.0,41.2,29.1
2020-06-19,Agra,0.0,40.3,30.5
2020-06-20,Agra,0.0,40.2,29.7
2020-06-21,Agra,0.0,37.8,29.4
2020-06-22,Agra,0.7,35.8,28.3
2020-06-23,Agra,6.9,33.8,28.5
2020-06-24,Agra,9.8,33.8,26.4
2020-06-25,Agra,1.0,36.7,27.4
2020-06-26,Agra,1.1,37.4,27.9
2020-06-27,Agra,1.1,37.0,28.7
2020-06-28,Agra,0.1,39.6,30.9
2020-06-29,Agra,0.0,38.9,30.6
2020-06-30,Agra,0.0,36.1,27.5
2020-07-01,Agra,0.0,37.2,28.1
2020-07-02,Agra,0.0,38.9,29.3
2020-07-03,Agra,0.0,40.6,30.9
2020-07-04,Agra,0.1,37.1,29.4
2020-07-05,Agra,1.1,36.4,27.4
2020-07-06,Agra,3.3,33.6,26.9
2020-07-07,Agra,10.3,32.5,25.8
2020-07-08,Agra,9.9,33.4,26.8
2020-07-09,Agra,9.9,33.6,27.0
2020-07-10,Agra,2.0,35.9,27.9
2020-07-11,Agra,0.0,35.6,28.1
2020-07-12,Agra,4.3,33.6,29.6
2020-07-13,Agra,1.6,34.6,27.6
2020-07-14,Agra,0.9,35.5,27.9
2020-07-15,Agra,3.3,34.4,26.8
2020-07-16,Agra,4.7,33.1,27.6
2020-07-17,Agra,8.6,35.1,26.9
2020-07-18,Agra,4.9,36.0,27.2
2020-07-19,Agra,5.8,36.4,27.5
2020-07-20,Agra,4.5,33.3,26.9
2020-07-21,Agra,2.9,34.0,26.3
2020-07-22,Agra,5.9,32.3,26.5
2020-07-23,Agra,0.6,33.3,24.6
2020-07-24,Agra,1.9,33.7,26.0
2020-07-25,Agra,1.9,33.8,26.8
2020-07-26,Agra,0.1,34.7,26.9
2020-07-27,Agra,2.9,35.1,28.4
2020-07-28,Agra,4.4,34.6,27.4
2020-07-29,Agra,9.8,29.7,25.9
2020-07-30,Agra,0.2,33.4,25.3
2020-07-31,Agra,12.8,32.8,27.1
2020-08-01,Agra,3.6,34.0,27.8
2020-08-02,Agra,1.6,35.1,27.7
2020-08-03,Agra,2.1,35.9,27.6
2020-08-04,Agra,5.4,35.8,27.1
2020-08-05,Agra,4.9,33.3,27.4
2020-08-06,Agra,5.9,33.5,26.5
2020-08-07,Agra,1.1,32.7,26.3
2020-08-08,Agra,1.7,34.2,26.7
2020-08-09,Agra,10.2,33.2,27.5
2020-08-10,Agra,10.6,32.6,26.5
2020-08-11,Agra,14.5,32.4,26.5
2020-08-12,Agra,8.6,32.7,27.0
2020-08-13,Agra,18.8,28.2,26.6
2020-08-14,Agra,16.6,32.3,25.7
2020-08-15,Agra,3.5,32.7,26.2
2020-08-16,Agra,9.3,32.5,26.0
2020-08-17,Agra,2.0,33.7,26.8
2020-08-18,Agra,3.0,33.9,27.3
2020-08-19,Agra,26.4,30.7,26.5
2020-08-20,Agra,8.6,32.3,25.8
2020-08-21,Agra,3.4,31.8,26.6
2020-08-22,Agra,8.8,30.7,26.7
2020-08-23,Agra,2.5,31.1,25.9
2020-08-24,Agra,3.4,31.5,25.6
2020-08-25,Agra,4.6,31.0,25.6
2020-08-26,Agra,0.8,32.3,26.4
2020-08-27,Agra,7.2,31.9,26.1
2020-08-28,Agra,8.2,31.5,26.5
2020-08-29,Agra,3.8,31.8,26.1
2020-08-30,Agra,3.8,31.0,25.4
2020-08-31,Agra,0.2,31.9,24.9
2020-09-01,Agra,0.1,31.7,25.2
2020-09-02,Agra,0.5,31.9,25.9
2020-09-03,Agra,11.6,31.6,26.2
2020-09-04,Agra,4.8,32.6,26.0
2020-09-05,Agra,5.1,32.3,25.6
2020-09-06,Agra,0.8,32.9,25.6
2020-09-07,Agra,0.3,33.6,26.0
2020-09-08,Agra,2.4,32.1,26.2
2020-09-09,Agra,0.1,34.5,26.6
2020-09-10,Agra,0.0,34.8,25.9
2020-09-11,Agra,0.0,35.0,26.4
2020-09-12,Agra,0.0,35.0,26.5
2020-09-13,Agra,0.0,34.4,26.3
2020-09-14,Agra,0.0,34.3,26.5
2020-09-15,Agra,0.0,36.1,26.6
2020-09-16,Agra,0.0,35.9,26.5
2020-09-17,Agra,0.0,37.1,27.3
2020-09-18,Agra,0.0,36.8,28.3
2020-09-19,Agra,0.0,36.8,28.1
2020-09-20,Agra,0.0,36.4,26.8
2020-09-21,Agra,0.9,35.4,26.9
2020-09-22,Agra,0.8,34.8,27.3
2020-09-23,Agra,0.8,34.5,27.2
2020-09-24,Agra,0.0,35.8,26.2
2020-09-25,Agra,0.0,37.3,24.5
2020-09-26,Agra,0.0,36.1,24.7
2020-09-27,Agra,0.0,33.9,26.4
2020-09-28,Agra,0.0,36.3,24.7
2020-09-29,Agra,0.0,35.9,23.3
2020-09-30,Agra,0.0,35.7,23.1
2020-10-01,Agra,0.0,36.3,22.2
2020-10-02,Agra,0.0,36.4,22.4
2020-10-03,Agra,0.0,35.8,22.1
2020-10-04,Agra,0.0,35.1,20.3
2020-10-05,Agra,0.0,35.1,19.6
2020-10-06,Agra,0.0,35.1,19.7
2020-10-07,Agra,0.0,35.7,19.9
2020-10-08,Agra,0.0,35.0,20.4
2020-10-09,Agra,0.0,34.2,20.6
2020-10-10,Agra,0.0,34.6,20.8
2020-10-11,Agra,0.0,34.5,21.3
2020-10-12,Agra,0.0,34.0,21.2
2020-10-13,Agra,0.0,34.7,22.5
2020-10-14,Agra,0.0,34.8,25.2
2020-10-15,Agra,0.0,35.4,25.2
2020-10-16,Agra,0.0,35.2,23.0
2020-10-17,Agra,0.0,34.7,22.4
2020-10-18,Agra,0.0,34.5,22.6
2020-10-19,Agra,0.0,33.1,23.1
2020-10-20,Agra,0.0,33.9,19.5
2020-10-21,Agra,0.0,34.3,18.0
2020-10-22,Agra,0.0,33.0,20.3
2020-10-23,Agra,0.0,33.3,19.2
2020-10-24,Agra,0.0,33.7,19.4
2020-10-25,Agra,0.0,33.8,18.3
2020-10-26,Agra,0.0,33.8,18.7
2020-10-27,Agra,0.0,32.3,17.9
2020-10-28,Agra,0.0,31.1,15.1
2020-10-29,Agra,0.0,31.4,17.0
2020-10-30,Agra,0.0,31.1,17.3
2020-10-31,Agra,0.0,31.0,16.7
2020-11-01,Agra,0.0,30.5,15.3
2020-11-02,Agra,0.0,30.5,14.2
2020-11-03,Agra,0.0,30.9,13.4
2020-11-04,Agra,0.0,29.6,12.5
2020-11-05,Agra,0.0,31.0,13.9
2020-11-06,Agra,0.0,31.2,16.5
2020-11-07,Agra,0.0,31.0,14.0
2020-11-08,Agra,0.0,30.1,15.4
2020-11-09,Agra,0.0,29.7,15.7
2020-11-10,Agra,0.0,28.0,14.7
2020-11-11,Agra,0.0,28.6,14.6
2020-11-12,Agra,0.0,28.9,15.2
2020-11-13,Agra,0.0,28.6,14.6
2020-11-14,Agra,0.0,29.3,14.6
2020-11-15,Agra,5.9,29.8,17.1
2020-11-16,Agra,1.4,25.0,17.5
2020-11-17,Agra,0.0,26.6,15.9
2020-11-18,Agra,0.0,25.8,15.0
2020-11-19,Agra,0.0,24.9,16.1
2020-11-20,Agra,0.0,25.0,12.2
2020-11-21,Agra,0.0,24.4,12.0
2020-11-22,Agra,0.0,24.0,10.7
2020-11-23,Agra,0.0,24.3,12.0
2020-11-24,Agra,0.0,24.4,10.1
2020-11-25,Agra,0.0,24.5,12.3
2020-11-26,Agra,2.2,21.8,14.4
2020-11-27,Agra,0.0,25.8,13.1
2020-11-28,Agra,0.0,25.4,12.0
2020-11-29,Agra,0.0,25.0,10.7
2020-11-30,Agra,0.0,25.8,10.0
2020-12-01,Agra,0.0,26.1,10.3
2020-12-02,Agra,0.0,27.2,11.4
2020-12-03,Agra,0.0,27.3,10.3
2020-12-04,Agra,0.0,27.9,12.3
2020-12-05,Agra,0.0,28.8,12.5
2020-12-06,Agra,0.0,28.8,12.8
2020-12-07,Agra,0.0,28.1,13.9
2020-12-08,Agra,0.0,27.7,12.9
2020-12-09,Agra,0.0,28.5,14.0
2020-12-10,Agra,0.0,28.9,14.6
2020-12-11,Agra,0.0,25.4,14.2
2020-12-12,Agra,1.0,23.0,15.2
2020-12-13,Agra,0.0,23.9,13.8
2020-12-14,Agra,0.0,21.8,10.7
2020-12-15,Agra,0.0,20.4,9.4
2020-12-16,Agra,0.0,20.6,10.4
2020-12-17,Agra,0.0,17.5,7.5
2020-12-18,Agra,0.0,18.9,6.3
2020-12-19,Agra,0.0,21.1,6.7
2020-12-20,Agra,0.0,22.0,6.5
2020-12-21,Agra,0.0,21.2,7.2
2020-12-22,Agra,0.0,22.1,9.5
2020-12-23,Agra,0.0,22.8,7.2
2020-12-24,Agra,0.0,23.3,8.1
2020-12-25,Agra,0.0,22.2,8.2
2020-12-26,Agra,0.0,22.7,7.4
2020-12-27,Agra,0.0,23.9,7.0
2020-12-28,Agra,0.0,19.9,9.5
2020-12-29,Agra,0.0,18.5,5.4
2020-12-30,Agra,0.0,18.0,5.7
2020-12-31,Agra,0.0,18.2,5.1
2021-01-01,Agra,0.0,20.2,5.0
2021-01-02,Agra,1.1,20.9,10.4
2021-01-03,Agra,6.8,21.6,12.8
2021-01-04,Agra,0.9,25.0,14.6
2021-01-05,Agra,0.0,24.6,14.6
2021-01-06,Agra,5.3,22.1,15.4
2021-01-07,Agra,0.0,22.0,12.8
2021-01-08,Agra,9.7,19.5,10.3
2021-01-09,Agra,0.0,21.7,12.7
2021-01-10,Agra,0.0,20.2,10.8
2021-01-11,Agra,0.0,18.2,8.2
2021-01-12,Agra,0.0,19.5,5.7
2021-01-13,Agra,0.0,19.4,5.5
2021-01-14,Agra,0.0,19.6,5.3
2021-01-15,Agra,0.0,19.6,5.0
2021-01-16,Agra,0.0,20.2,6.5
2021-01-17,Agra,0.0,21.4,7.4
2021-01-18,Agra,1.1,19.8,11.8
2021-01-19,Agra,0.0,22.1,9.7
2021-01-20,Agra,0.0,21.6,10.4
2021-01-21,Agra,0.0,22.5,9.2
2021-01-22,Agra,0.0,22.8,7.5
2021-01-23,Agra,0.0,22.9,9.2
2021-01-24,Agra,0.0,20.9,9.3
2021-01-25,Agra,0.0,18.0,7.0
2021-01-26,Agra,0.0,18.1,6.1
2021-01-27,Agra,0.0,19.6,6.5
2021-01-28,Agra,0.0,19.0,5.4
2021-01-29,Agra,0.0,18.9,6.1
2021-01-30,Agra,0.0,20.1,6.4
2021-01-31,Agra,0.0,21.2,7.0
2021-02-01,Agra,0.0,23.1,6.8
2021-02-02,Agra,0.0,24.7,7.9
2021-02-03,Agra,0.0,25.8,10.3
2021-02-04,Agra,0.0,24.7,14.1
2021-02-05,Agra,0.9,21.8,12.0
2021-02-06,Agra,0.0,21.1,10.3
2021-02-07,Agra,0.0,22.4,9.4
2021-02-08,Agra,0.0,23.5,8.8
2021-02-09,Agra,0.0,25.9,9.4
2021-02-10,Agra,0.0,26.7,11.7
2021-02-11,Agra,0.0,26.3,10.1
2021-02-12,Agra,0.0,24.5,11.6
2021-02-13,Agra,0.0,25.8,10.5
2021-02-14,Agra,0.0,26.4,11.3
2021-02-15,Agra,0.0,28.3,12.5
2021-02-16,Agra,0.8,28.0,14.3
2021-02-17,Agra,0.0,27.3,12.1
2021-02-18,Agra,0.0,26.5,12.4
2021-02-19,Agra,0.0,26.7,12.4
2021-02-20,Agra,0.0,26.6,12.3
2021-02-21,Agra,0.0,27.2,11.2
2021-02-22,Agra,0.0,28.7,12.2
2021-02-23,Agra,0.0,29.7,12.9
2021-02-24,Agra,0.0,31.0,12.8
2021-02-25,Agra,0.0,31.3,14.1
2021-02-26,Agra,0.0,32.2,15.1
2021-02-27,Agra,0.0,32.3,19.3
2021-02-28,Agra,0.0,30.5,18.3
2021-03-01,Agra,0.0,29.3,15.9
2021-03-02,Agra,0.0,28.7,14.0
2021-03-03,Agra,0.0,30.5,13.0
2021-03-04,Agra,0.0,32.4,13.5
2021-03-05,Agra,0.0,31.4,15.6
2021-03-06,Agra,0.0,32.5,15.0
2021-03-07,Agra,0.0,34.1,17.2
2021-03-08,Agra,0.0,33.5,19.3
2021-03-09,Agra,0.0,33.6,20.4
2021-03-10,Agra,0.0,33.2,19.6
2021-03-11,Agra,0.0,34.0,17.6
2021-03-12,Agra,0.0,31.0,20.6
2021-03-13,Agra,0.2,30.9,18.6
2021-03-14,Agra,0.0,31.6,17.3
2021-03-15,Agra,0.0,33.2,17.7
2021-03-16,Agra,0.0,33.5,18.7
2021-03-17,Agra,0.0,34.3,17.5
2021-03-18,Agra,0.0,34.0,19.0
2021-03-19,Agra,0.4,33.0,19.8
2021-03-20,Agra,0.0,33.5,19.3
2021-03-21,Agra,0.0,34.4,18.7
2021-03-22,Agra,0.1,33.9,18.9
2021-03-23,Agra,0.1,31.5,20.1
2021-03-24,Agra,0.2,31.7,19.3
2021-03-25,Agra,0.0,32.0,18.6
2021-03-26,Agra,0.0,32.5,17.6
2021-03-27,Agra,0.0,34.0,18.4
2021-03-28,Agra,0.0,36.1,19.1
2021-03-29,Agra,0.0,38.0,20.2
2021-03-30,Agra,0.0,39.2,21.9
2021-03-31,Agra,0.0,36.3,23.2
2021-04-01,Agra,0.0,35.5,20.4
2021-04-02,Agra,0.0,34.5,17.2
2021-04-03,Agra,0.0,34.4,17.8
2021-04-04,Agra,0.0,35.9,18.4
2021-04-05,Agra,0.0,38.9,19.9
2021-04-06,Agra,0.0,40.4,22.7
2021-04-07,Agra,0.0,38.3,24.8
2021-04-08,Agra,0.0,36.6,23.5
2021-04-09,Agra,0.0,37.0,20.9
2021-04-10,Agra,0.0,37.2,20.2
2021-04-11,Agra,0.0,37.9,20.3
2021-04-12,Agra,0.0,38.8,21.5
2021-04-13,Agra,0.0,39.9,22.4
2021-04-14,Agra,0.0,39.7,22.6
2021-04-15,Agra,0.0,39.7,23.3
2021-04-16,Agra,0.0,39.8,23.2
2021-04-17,Agra,0.0,35.7,22.8
2021-04-18,Agra,0.0,36.8,22.7
2021-04-19,Agra,0.0,38.9,21.9
2021-04-20,Agra,0.0,38.6,22.4
2021-04-21,Agra,0.0,35.7,24.1
2021-04-22,Agra,0.0,34.5,22.1
2021-04-23,Agra,0.0,38.3,23.6
2021-04-24,Agra,0.0,34.8,22.8
2021-04-25,Agra,0.0,37.6,22.2
2021-04-26,Agra,0.0,39.2,21.6
2021-04-27,Agra,0.0,41.5,23.9
2021-04-28,Agra,0.0,42.1,24.5
2021-04-29,Agra,0.0,41.5,25.4
2021-04-30,Agra,0.0,40.1,25.7
2021-05-01,Agra,0.0,40.2,25.4
2021-05-02,Agra,0.0,38.1,27.6
2021-05-03,Agra,0.0,38.4,26.4
2021-05-04,Agra,0.0,40.2,26.1
2021-05-05,Agra,0.0,39.6,27.2
2021-05-06,Agra,0.0,39.2,26.6
2021-05-07,Agra,0.6,37.3,23.7
2021-05-08,Agra,0.0,37.8,25.9
2021-05-09,Agra,0.5,37.5,26.6
2021-05-10,Agra,0.0,39.2,25.8
2021-05-11,Agra,0.0,38.7,25.7
2021-05-12,Agra,0.1,36.5,26.0
2021-05-13,Agra,1.3,35.2,24.5
2021-05-14,Agra,0.0,36.7,24.2
2021-05-15,Agra,0.0,37.1,25.8
2021-05-16,Agra,0.0,38.9,26.3
2021-05-17,Agra,0.0,35.4,25.9
2021-05-18,Agra,8.3,28.8,23.1
2021-05-19,Agra,44.0,27.4,21.7
2021-05-20,Agra,3.0,29.6,21.9
2021-05-21,Agra,0.0,33.3,21.2
2021-05-22,Agra,0.2,34.3,23.8
2021-05-23,Agra,0.0,35.1,24.3
2021-05-24,Agra,0.0,35.2,23.8
2021-05-25,Agra,0.0,36.6,24.0
2021-05-26,Agra,0.0,38.7,23.5
2021-05-27,Agra,0.0,39.8,23.6
2021-05-28,Agra,0.0,38.6,25.1
2021-05-29,Agra,0.0,38.7,25.6
2021-05-30,Agra,0.0,37.8,26.6
2021-05-31,Agra,0.0,39.3,28.6
2021-06-01,Agra,0.6,37.9,26.5
2021-06-02,Agra,0.0,37.8,25.8
2021-06-03,Agra,0.0,38.7,26.6
2021-06-04,Agra,0.0,39.6,29.0
2021-06-05,Agra,0.3,38.3,29.7
2021-06-06,Agra,0.0,40.2,28.8
2021-06-07,Agra,0.0,41.4,30.8
2021-06-08,Agra,0.0,42.8,31.7
2021-06-09,Agra,0.0,43.6,33.1
2021-06-10,Agra,0.0,39.3,31.5
2021-06-11,Agra,0.0,38.2,28.7
2021-06-12,Agra,0.0,38.6,29.4
2021-06-13,Agra,2.2,38.1,26.9
2021-06-14,Agra,0.5,36.6,26.2
2021-06-15,Agra,6.4,37.9,27.2
2021-06-16,Agra,0.1,38.4,26.8
2021-06-17,Agra,0.1,36.9,28.2
2021-06-18,Agra,0.6,34.8,27.0
2021-06-19,Agra,1.2,34.7,26.2
2021-06-20,Agra,0.3,35.5,26.1
2021-06-21,Agra,1.2,36.5,26.9
2021-06-22,Agra,0.0,39.7,27.7
2021-06-23,Agra,0.0,40.6,30.1
2021-06-24,Agra,0.0,38.7,28.3
2021-06-25,Agra,0.3,39.3,27.9
2021-06-26,Agra,0.0,38.1,27.7
2021-06-27,Agra,0.1,39.3,28.6
2021-06-28,Agra,0.0,40.2,29.5
2021-06-29,Agra,0.0,43.1,30.3
2021-06-30,Agra,0.0,43.3,32.4
2021-07-01,Agra,0.4,41.0,33.8
2021-07-02,Agra,0.2,40.6,31.9
2021-07-03,Agra,1.7,37.7,28.0
2021-07-04,Agra,0.0,40.1,29.2
2021-07-05,Agra,0.0,39.2,30.8
2021-07-06,Agra,0.0,41.6,30.8
2021-07-07,Agra,0.0,42.7,32.3
2021-07-08,Agra,0.0,41.0,33.0
2021-07-09,Agra,0.0,38.5,29.5
2021-07-10,Agra,0.6,37.0,30.2
2021-07-11,Agra,4.9,34.2,28.1
2021-07-12,Agra,2.0,32.7,27.8
2021-07-13,Agra,0.7,36.1,27.8
2021-07-14,Agra,0.2,37.3,29.3
2021-07-15,Agra,0.1,38.0,29.9
2021-07-16,Agra,0.5,38.2,30.0
2021-07-17,Agra,2.2,40.8,29.9
2021-07-18,Agra,83.5,33.4,26.8
2021-07-19,Agra,62.4,31.6,26.1
2021-07-20,Agra,24.9,31.1,26.3
2021-07-21,Agra,7.2,32.8,26.5
2021-07-22,Agra,3.6,31.9,26.0
2021-07-23,Agra,4.4,32.3,26.7
2021-07-24,Agra,0.4,34.4,27.3
2021-07-25,Agra,0.4,34.3,28.2
2021-07-26,Agra,1.2,32.6,27.6
2021-07-27,Agra,36.8,32.5,27.0
2021-07-28,Agra,42.6,28.9,25.8
2021-07-29,Agra,14.5,29.7,25.6
2021-07-30,Agra,4.3,30.8,25.5
2021-07-31,Agra,2.9,31.9,25.8
2021-08-01,Agra,27.8,32.5,25.7
2021-08-02,Agra,42.2,29.9,25.8
2021-08-03,Agra,2.8,30.2,26.1
2021-08-04,Agra,1.3,30.6,25.3
2021-08-05,Agra,4.9,31.8,25.6
2021-08-06,Agra,5.6,32.1,26.4
2021-08-07,Agra,10.5,31.4,26.6
2021-08-08,Agra,15.9,31.8,26.1
2021-08-09,Agra,9.4,29.9,26.6
2021-08-10,Agra,0.3,33.8,26.1
2021-08-11,Agra,0.0,34.1,27.4
2021-08-12,Agra,0.0,33.8,26.4
2021-08-13,Agra,0.0,34.3,27.0
2021-08-14,Agra,0.0,33.5,27.5
2021-08-15,Agra,0.0,34.0,26.6
2021-08-16,Agra,0.0,34.6,26.4
2021-08-17,Agra,0.0,35.6,26.1
2021-08-18,Agra,0.0,34.7,26.9
2021-08-19,Agra,4.4,33.7,26.8
2021-08-20,Agra,20.0,29.6,26.1
2021-08-21,Agra,23.8,30.6,25.1
2021-08-22,Agra,6.9,32.2,25.7
2021-08-23,Agra,3.0,32.8,26.9
2021-08-24,Agra,0.5,33.1,27.6
2021-08-25,Agra,0.0,34.4,28.8
2021-08-26,Agra,0.0,33.0,26.9
2021-08-27,Agra,0.0,33.4,25.7
2021-08-28,Agra,1.2,32.8,25.7
2021-08-29,Agra,8.2,30.9,26.6
2021-08-30,Agra,16.2,29.9,25.1
2021-08-31,Agra,17.4,30.7,25.3
2021-09-01,Agra,14.4,30.7,25.5
2021-09-02,Agra,7.7,32.9,25.3
2021-09-03,Agra,4.6,31.3,25.6
2021-09-04,Agra,1.8,32.4,25.8
2021-09-05,Agra,0.1,32.9,26.2
2021-09-06,Agra,0.5,33.3,26.8
2021-09-07,Agra,2.0,31.8,26.9
2021-09-08,Agra,4.3,31.4,26.6
2021-09-09,Agra,5.2,31.0,25.7
2021-09-10,Agra,9.4,29.4,25.1
2021-09-11,Agra,21.7,30.6,24.3
2021-09-12,Agra,12.3,31.8,24.6
2021-09-13,Agra,6.8,32.2,26.3
2021-09-14,Agra,1.3,33.1,26.5
2021-09-15,Agra,0.1,31.8,26.3
2021-09-16,Agra,35.4,29.0,23.5
2021-09-17,Agra,29.9,29.2,23.0
2021-09-18,Agra,2.1,31.4,24.6
2021-09-19,Agra,0.7,31.4,24.9
2021-09-20,Agra,0.0,32.2,24.7
2021-09-21,Agra,2.4,32.1,25.0
2021-09-22,Agra,16.9,29.9,24.7
2021-09-23,Agra,1.8,31.9,25.0
2021-09-24,Agra,7.5,29.3,25.4
2021-09-25,Agra,7.7,29.6,25.0
2021-09-26,Agra,2.1,30.0,24.4
2021-09-27,Agra,1.9,32.3,25.0
2021-09-28,Agra,1.9,31.9,25.9
2021-09-29,Agra,0.8,30.7,25.7
2021-09-30,Agra,0.3,31.8,25.4
2021-10-01,Agra,0.3,32.2,25.2
2021-10-02,Agra,0.1,33.0,25.6
2021-10-03,Agra,0.4,32.9,25.7
2021-10-04,Agra,0.6,33.1,26.1
2021-10-05,Agra,0.0,33.0,25.6
2021-10-06,Agra,0.0,33.0,25.9
2021-10-07,Agra,0.0,32.7,24.4
2021-10-08,Agra,0.0,33.3,22.5
2021-10-09,Agra,0.0,34.2,23.2
2021-10-10,Agra,0.0,34.3,22.3
2021-10-11,Agra,0.0,34.5,22.3
2021-10-12,Agra,0.0,34.3,22.1
2021-10-13,Agra,0.0,34.2,22.6
2021-10-14,Agra,0.0,32.4,20.5
2021-10-15,Agra,0.0,33.0,19.7
2021-10-16,Agra,0.0,33.3,21.2
2021-10-17,Agra,6.6,30.2,24.6
2021-10-18,Agra,62.0,25.3,22.3
2021-10-19,Agra,0.0,29.6,20.6
2021-10-20,Agra,0.0,30.8,20.7
2021-10-21,Agra,0.0,30.7,19.0
2021-10-22,Agra,0.0,30.5,20.1
2021-10-23,Agra,0.0,30.2,19.4
2021-10-24,Agra,0.1,29.3,20.6
2021-10-25,Agra,0.0,28.5,18.7
2021-10-26,Agra,0.0,28.3,18.5
2021-10-27,Agra,0.0,27.7,15.8
2021-10-28,Agra,0.0,27.8,15.9
2021-10-29,Agra,0.0,27.9,15.2
2021-10-30,Agra,0.0,28.6,16.2
2021-10-31,Agra,0.0,29.2,15.7
2021-11-01,Agra,0.0,29.5,14.9
2021-11-02,Agra,0.0,28.3,15.3
2021-11-03,Agra,0.0,28.2,14.6
2021-11-04,Agra,0.0,27.9,15.1
2021-11-05,Agra,0.0,27.3,14.6
2021-11-06,Agra,0.0,27.8,14.9
2021-11-07,Agra,0.0,28.4,15.1
2021-11-08,Agra,0.0,28.0,14.6
2021-11-09,Agra,0.0,27.6,14.7
2021-11-10,Agra,0.0,28.4,14.7
2021-11-11,Agra,0.0,27.6,13.0
2021-11-12,Agra,0.0,27.2,13.9
2021-11-13,Agra,0.0,27.0,13.2
2021-11-14,Agra,0.0,26.2,11.9
2021-11-15,Agra,0.0,25.5,11.4
2021-11-16,Agra,0.0,25.3,11.6
2021-11-17,Agra,0.0,24.6,10.1
2021-11-18,Agra,0.0,23.3,13.7
2021-11-19,Agra,2.8,21.6,16.2
2021-11-20,Agra,0.0,21.1,15.2
2021-11-21,Agra,0.0,26.0,14.6
2021-11-22,Agra,0.0,25.4,14.3
2021-11-23,Agra,0.0,25.2,11.1
2021-11-24,Agra,0.0,25.6,10.4
2021-11-25,Agra,0.0,24.7,11.4
2021-11-26,Agra,0.0,25.4,10.9
2021-11-27,Agra,0.0,25.8,12.6
2021-11-28,Agra,0.0,26.0,13.5
2021-11-29,Agra,0.0,25.0,13.1
2021-11-30,Agra,0.0,23.9,11.5
2021-12-01,Agra,0.0,20.2,13.1
2021-12-02,Agra,0.1,19.2,15.9
2021-12-03,Agra,0.0,24.4,13.3
2021-12-04,Agra,0.0,24.7,12.6
2021-12-05,Agra,0.0,24.5,12.8
2021-12-06,Agra,0.1,23.0,15.6
2021-12-07,Agra,0.0,23.7,13.0
2021-12-08,Agra,0.0,22.7,10.9
2021-12-09,Agra,0.0,22.4,9.5
2021-12-10,Agra,0.0,22.3,10.4
2021-12-11,Agra,0.0,21.3,9.2
2021-12-12,Agra,0.0,20.8,7.4
2021-12-13,Agra,0.0,21.0,10.2
2021-12-14,Agra,0.1,22.5,10.4
2021-12-15,Agra,0.0,21.9,12.1
2021-12-16,Agra,0.1,22.0,11.5
2021-12-17,Agra,0.1,19.2,10.6
2021-12-18,Agra,0.0,17.9,7.3
2021-12-19,Agra,0.0,17.6,6.3
2021-12-20,Agra,0.0,18.3,5.2
2021-12-21,Agra,0.0,20.0,4.9
2021-12-22,Agra,0.0,21.0,6.6
2021-12-23,Agra,0.0,21.9,7.4
2021-12-24,Agra,0.0,22.2,8.3
2021-12-25,Agra,0.0,21.6,10.4
2021-12-26,Agra,0.0,21.6,9.4
2021-12-27,Agra,0.1,21.5,11.7
2021-12-28,Agra,6.9,15.2,12.7
2021-12-29,Agra,0.0,19.2,9.7
2021-12-30,Agra,0.0,19.1,8.3
2021-12-31,Agra,0.0,17.7,7.1
2022-01-01,Agra,0.0,18.1,6.0
2022-01-02,Agra,0.0,18.9,6.5
2022-01-03,Agra,0.0,19.7,7.3
2022-01-04,Agra,0.0,21.4,7.5
2022-01-05,Agra,7.8,17.2,9.3
2022-01-06,Agra,6.6,18.4,12.8
2022-01-07,Agra,0.2,22.2,13.6
2022-01-08,Agra,55.0,20.3,14.1
2022-01-09,Agra,3.9,19.4,11.7
2022-01-10,Agra,0.0,17.9,10.2
2022-01-11,Agra,0.0,17.9,9.8
2022-01-12,Agra,0.0,17.2,8.5
2022-01-13,Agra,0.0,16.9,6.7
2022-01-14,Agra,0.0,16.7,5.2
2022-01-15,Agra,0.0,16.0,5.4
2022-01-16,Agra,0.0,15.2,4.7
2022-01-17,Agra,0.0,15.2,3.4
2022-01-18,Agra,0.0,15.2,5.8
2022-01-19,Agra,0.0,16.8,5.6
2022-01-20,Agra,0.0,18.3,6.9
2022-01-21,Agra,0.0,18.9,7.6
2022-01-22,Agra,4.5,19.2,12.7
2022-01-23,Agra,6.9,18.2,9.0
2022-01-24,Agra,0.1,16.7,7.3
2022-01-25,Agra,0.0,16.8,6.9
2022-01-26,Agra,0.0,16.6,6.3
2022-01-27,Agra,0.0,18.2,7.2
2022-01-28,Agra,0.0,18.1,6.4
2022-01-29,Agra,0.0,19.7,5.5
2022-01-30,Agra,0.0,21.4,8.0
2022-01-31,Agra,0.0,21.8,7.9
2022-02-01,Agra,0.0,22.7,8.4
2022-02-02,Agra,0.0,21.1,8.8
2022-02-03,Agra,0.9,22.4,12.2
2022-02-04,Agra,0.0,18.1,8.7
2022-02-05,Agra,0.0,18.0,6.8
2022-02-06,Agra,0.0,20.4,6.5
2022-02-07,Agra,0.0,23.1,7.0
2022-02-08,Agra,0.4,23.9,10.2
2022-02-09,Agra,20.4,18.8,11.4
2022-02-10,Agra,0.0,20.1,9.7
2022-02-11,Agra,0.0,20.8,9.2
2022-02-12,Agra,0.0,21.4,8.8
2022-02-13,Agra,0.0,22.5,7.9
2022-02-14,Agra,0.0,23.1,8.4
2022-02-15,Agra,0.0,23.4,9.6
2022-02-16,Agra,0.0,24.2,9.6
2022-02-17,Agra,0.0,25.0,11.1
2022-02-18,Agra,0.2,25.3,11.3
2022-02-19,Agra,0.0,25.0,11.3
2022-02-20,Agra,0.0,25.5,11.9
2022-02-21,Agra,0.0,24.8,10.1
2022-02-22,Agra,0.0,27.4,12.2
2022-02-23,Agra,0.0,25.7,15.1
2022-02-24,Agra,0.0,26.8,13.7
2022-02-25,Agra,0.0,27.0,13.7
2022-02-26,Agra,0.1,27.2,15.1
2022-02-27,Agra,0.0,24.8,13.3
2022-02-28,Agra,0.0,23.5,11.9
2022-03-01,Agra,0.0,25.1,10.2
2022-03-02,Agra,0.0,27.0,12.2
2022-03-03,Agra,0.0,28.1,14.5
2022-03-04,Agra,0.0,26.9,14.0
2022-03-05,Agra,0.0,26.3,13.7
2022-03-06,Agra,0.0,26.5,12.1
2022-03-07,Agra,0.0,28.0,14.8
2022-03-08,Agra,0.0,29.2,13.9
2022-03-09,Agra,0.0,30.8,14.8
2022-03-10,Agra,0.8,30.1,17.6
2022-03-11,Agra,0.0,30.2,16.6
2022-03-12,Agra,0.0,30.5,15.1
2022-03-13,Agra,0.0,32.8,15.3
2022-03-14,Agra,0.0,33.1,17.2
2022-03-15,Agra,0.0,34.8,18.0
2022-03-16,Agra,0.0,36.7,20.2
2022-03-17,Agra,0.0,34.9,19.6
2022-03-18,Agra,0.0,34.8,22.0
2022-03-19,Agra,0.0,35.7,20.4
2022-03-20,Agra,0.0,38.3,21.3
2022-03-21,Agra,0.0,36.6,21.7
2022-03-22,Agra,0.0,36.1,21.7
2022-03-23,Agra,0.0,36.3,19.3
2022-03-24,Agra,0.0,36.8,21.6
2022-03-25,Agra,0.0,35.8,20.8
2022-03-26,Agra,0.0,36.4,20.1
2022-03-27,Agra,0.0,37.9,20.4
2022-03-28,Agra,0.0,38.8,19.1
2022-03-29,Agra,0.0,39.7,20.4
2022-03-30,Agra,0.0,39.6,21.9
2022-03-31,Agra,0.0,40.0,22.0
2022-04-01,Agra,0.0,37.1,23.0
2022-04-02,Agra,0.0,38.0,19.5
2022-04-03,Agra,0.0,40.3,20.4
2022-04-04,Agra,0.0,40.3,20.8
2022-04-05,Agra,0.0,39.1,20.1
2022-04-06,Agra,0.0,39.6,20.1
2022-04-07,Agra,0.0,40.3,21.0
2022-04-08,Agra,0.0,41.6,21.1
2022-04-09,Agra,0.0,42.5,23.7
2022-04-10,Agra,0.0,42.9,23.7
2022-04-11,Agra,0.0,42.4,23.4
2022-04-12,Agra,0.0,41.2,25.8
2022-04-13,Agra,0.0,40.6,25.5
2022-04-14,Agra,0.0,40.3,24.7
2022-04-15,Agra,0.0,41.0,23.7
2022-04-16,Agra,0.0,41.2,23.4
2022-04-17,Agra,0.0,41.8,23.1
2022-04-18,Agra,0.0,42.6,24.3
2022-04-19,Agra,0.0,43.0,26.9
2022-04-20,Agra,0.0,41.8,28.1
2022-04-21,Agra,0.0,38.5,25.7
2022-04-22,Agra,0.0,39.0,23.8
2022-04-23,Agra,0.0,40.3,23.3
2022-04-24,Agra,0.0,41.1,24.6
2022-04-25,Agra,0.0,41.1,24.6
2022-04-26,Agra,0.0,41.7,25.2
2022-04-27,Agra,0.0,42.6,24.7
2022-04-28,Agra,0.0,43.6,24.9
2022-04-29,Agra,0.0,44.3,27.6
2022-04-30,Agra,0.0,43.9,28.8
2022-05-01,Agra,0.0,41.0,27.6
2022-05-02,Agra,0.0,42.7,27.0
2022-05-03,Agra,0.0,40.1,27.6
2022-05-04,Agra,0.0,41.7,26.0
2022-05-05,Agra,0.0,38.9,25.5
2022-05-06,Agra,0.0,39.7,26.2
2022-05-07,Agra,0.0,41.3,26.9
2022-05-08,Agra,0.0,42.0,26.9
2022-05-09,Agra,0.0,41.0,28.0
2022-05-10,Agra,0.0,39.7,29.0
2022-05-11,Agra,0.0,41.7,28.9
2022-05-12,Agra,0.0,43.2,29.9
2022-05-13,Agra,0.0,45.3,29.0
2022-05-14,Agra,0.0,45.3,27.9
2022-05-15,Agra,0.0,46.6,28.8
2022-05-16,Agra,0.0,44.3,31.3
2022-05-17,Agra,0.0,42.6,28.1
2022-05-18,Agra,0.0,43.0,27.6
2022-05-19,Agra,0.0,44.8,28.4
2022-05-20,Agra,0.0,45.8,28.5
2022-05-21,Agra,0.0,43.6,30.2
2022-05-22,Agra,0.0,40.8,28.1
2022-05-23,Agra,2.4,34.3,24.9
2022-05-24,Agra,5.9,34.0,22.1
2022-05-25,Agra,0.2,35.6,24.9
2022-05-26,Agra,0.0,37.9,24.9
2022-05-27,Agra,0.0,38.6,26.6
2022-05-28,Agra,0.0,40.0,27.4
2022-05-29,Agra,0.0,42.3,30.8
2022-05-30,Agra,0.0,40.9,27.1
2022-05-31,Agra,0.0,41.7,29.0
2022-06-01,Agra,0.0,42.3,26.0
2022-06-02,Agra,0.0,43.4,29.9
2022-06-03,Agra,0.0,43.0,27.9
2022-06-04,Agra,0.0,44.5,27.6
2022-06-05,Agra,0.0,44.5,28.8
2022-06-06,Agra,0.0,43.0,28.7
2022-06-07,Agra,0.0,44.1,30.4
2022-06-08,Agra,0.0,44.3,32.3
2022-06-09,Agra,0.0,43.2,30.7
2022-06-10,Agra,0.0,43.5,30.8
2022-06-11,Agra,0.0,44.5,31.8
2022-06-12,Agra,0.0,44.2,30.1
2022-06-13,Agra,0.0,43.6,33.6
2022-06-14,Agra,0.0,42.6,33.1
2022-06-15,Agra,0.0,40.5,32.0
2022-06-16,Agra,1.0,38.7,30.3
2022-06-17,Agra,0.6,38.7,28.2
2022-06-18,Agra,13.8,33.5,28.3
2022-06-19,Agra,5.2,33.1,26.3
2022-06-20,Agra,0.0,33.8,24.7
2022-06-21,Agra,0.0,35.0,25.6
2022-06-22,Agra,0.0,38.1,27.6
2022-06-23,Agra,0.0,39.1,28.9
2022-06-24,Agra,0.0,39.4,26.6
2022-06-25,Agra,0.0,40.9,26.4
2022-06-26,Agra,1.1,40.0,30.0
2022-06-27,Agra,0.1,39.1,30.2
2022-06-28,Agra,2.8,42.1,28.0
2022-06-29,Agra,0.1,42.1,30.8
2022-06-30,Agra,10.6,33.3,26.0
2022-07-01,Agra,14.9,32.9,24.8
2022-07-02,Agra,7.0,34.7,26.7
2022-07-03,Agra,11.7,34.6,26.0
2022-07-04,Agra,1.9,34.9,26.2
2022-07-05,Agra,2.0,36.6,28.0
2022-07-06,Agra,1.8,35.5,29.8
2022-07-07,Agra,0.5,36.4,29.7
2022-07-08,Agra,0.0,37.3,28.9
2022-07-09,Agra,6.7,36.9,26.5
2022-07-10,Agra,16.3,35.2,26.7
2022-07-11,Agra,0.3,36.6,28.4
2022-07-12,Agra,0.7,36.6,28.7
2022-07-13,Agra,0.2,37.4,27.6
2022-07-14,Agra,2.9,37.2,30.3
2022-07-15,Agra,0.5,38.4,28.8
2022-07-16,Agra,19.7,33.7,26.2
2022-07-17,Agra,10.0,35.4,25.8
2022-07-18,Agra,1.1,36.0,27.8
2022-07-19,Agra,0.7,36.9,29.4
2022-07-20,Agra,24.9,35.2,27.2
2022-07-21,Agra,6.7,32.2,25.9
2022-07-22,Agra,22.2,31.1,25.3
2022-07-23,Agra,14.2,31.7,25.0
2022-07-24,Agra,4.8,33.2,25.7
2022-07-25,Agra,9.1,32.1,25.6
2022-07-26,Agra,1.1,32.1,25.2
2022-07-27,Agra,11.2,32.0,25.1
2022-07-28,Agra,23.7,30.1,24.6
2022-07-29,Agra,5.1,31.2,25.6
2022-07-30,Agra,1.3,32.5,25.6
2022-07-31,Agra,0.0,33.4,26.4
2022-08-01,Agra,3.6,32.6,25.9
2022-08-02,Agra,1.1,33.0,25.6
2022-08-03,Agra,7.0,31.9,26.7
2022-08-04,Agra,12.6,30.8,26.3
2022-08-05,Agra,7.5,30.4,25.4
2022-08-06,Agra,1.6,32.6,26.0
2022-08-07,Agra,6.9,32.1,26.6
2022-08-08,Agra,7.5,32.5,25.2
2022-08-09,Agra,1.5,34.2,27.5
2022-08-10,Agra,0.0,34.4,28.5
2022-08-11,Agra,0.4,32.2,28.1
2022-08-12,Agra,6.7,31.1,26.5
2022-08-13,Agra,1.5,32.5,25.5
2022-08-14,Agra,11.5,30.9,26.3
2022-08-15,Agra,5.3,31.4,26.0
2022-08-16,Agra,9.4,29.3,25.3
2022-08-17,Agra,0.7,31.7,25.1
2022-08-18,Agra,0.2,32.3,25.8
2022-08-19,Agra,0.6,33.1,26.2
2022-08-20,Agra,15.9,30.6,25.4
2022-08-21,Agra,8.8,33.2,26.0
2022-08-22,Agra,31.0,32.3,24.7
2022-08-23,Agra,0.1,31.7,25.6
2022-08-24,Agra,0.0,32.1,25.2
2022-08-25,Agra,0.4,31.7,25.2
2022-08-26,Agra,3.0,32.5,25.4
2022-08-27,Agra,0.1,33.1,26.6
2022-08-28,Agra,0.1,33.2,26.6
2022-08-29,Agra,0.0,33.1,25.7
2022-08-30,Agra,3.4,33.6,26.3
2022-08-31,Agra,1.3,33.8,26.6
2022-09-01,Agra,0.3,34.6,27.4
2022-09-02,Agra,0.8,33.4,26.2
2022-09-03,Agra,0.1,34.9,26.9
2022-09-04,Agra,0.0,34.6,26.5
2022-09-05,Agra,0.0,33.8,25.9
2022-09-06,Agra,0.0,34.7,25.7
2022-09-07,Agra,0.0,35.1,25.6
2022-09-08,Agra,0.0,35.4,26.2
2022-09-09,Agra,0.8,33.0,27.0
2022-09-10,Agra,2.3,33.5,26.6
2022-09-11,Agra,0.0,34.4,26.6
2022-09-12,Agra,0.7,33.5,27.0
2022-09-13,Agra,8.3,30.8,25.7
2022-09-14,Agra,3.9,28.7,25.4
2022-09-15,Agra,13.2,30.0,24.5
2022-09-16,Agra,1.3,31.7,24.5
2022-09-17,Agra,1.8,33.1,23.8
2022-09-18,Agra,0.1,32.9,23.6
2022-09-19,Agra,1.4,31.6,24.3
2022-09-20,Agra,2.1,32.8,24.0
2022-09-21,Agra,22.9,29.1,24.4
2022-09-22,Agra,58.6,27.9,24.1
2022-09-23,Agra,28.2,30.0,23.6
2022-09-24,Agra,27.5,28.2,24.5
2022-09-25,Agra,0.4,32.2,24.4
2022-09-26,Agra,0.7,30.9,23.4
2022-09-27,Agra,0.0,31.8,23.8
2022-09-28,Agra,0.3,32.8,23.1
2022-09-29,Agra,0.0,33.0,22.9
2022-09-30,Agra,0.0,32.5,23.3
2022-10-01,Agra,0.6,32.8,23.6
2022-10-02,Agra,0.4,32.7,23.4
2022-10-03,Agra,0.0,33.5,22.8
2022-10-04,Agra,2.5,31.9,24.5
2022-10-05,Agra,1.3,31.4,24.7
2022-10-06,Agra,0.2,29.6,23.9
2022-10-07,Agra,3.7,28.6,23.0
2022-10-08,Agra,57.1,28.1,23.1
2022-10-09,Agra,41.9,29.6,22.8
2022-10-10,Agra,7.0,29.1,22.8
2022-10-11,Agra,0.8,28.9,21.8
2022-10-12,Agra,0.4,28.9,21.3
2022-10-13,Agra,0.0,29.6,19.7
2022-10-14,Agra,0.0,29.8,20.0
2022-10-15,Agra,0.0,29.6,19.3
2022-10-16,Agra,0.0,29.7,19.4
2022-10-17,Agra,0.0,30.3,19.2
2022-10-18,Agra,0.0,30.3,19.2
2022-10-19,Agra,0.0,30.8,18.3
2022-10-20,Agra,0.0,30.4,20.0
2022-10-21,Agra,0.0,31.3,18.2
2022-10-22,Agra,0.0,30.2,18.7
2022-10-23,Agra,0.0,29.3,17.1
2022-10-24,Agra,0.0,29.5,17.2
2022-10-25,Agra,0.0,29.5,17.0
2022-10-26,Agra,0.0,30.2,16.8
2022-10-27,Agra,0.0,30.3,17.5
2022-10-28,Agra,0.0,30.8,19.7
2022-10-29,Agra,0.0,30.3,18.5
2022-10-30,Agra,0.0,29.2,16.5
2022-10-31,Agra,0.0,29.3,16.1
2022-11-01,Agra,0.0,30.0,16.8
2022-11-02,Agra,0.0,30.4,18.5
2022-11-03,Agra,0.0,30.5,18.1
2022-11-04,Agra,0.0,31.3,17.9
2022-11-05,Agra,0.0,30.6,19.8
2022-11-06,Agra,0.0,30.2,18.9
2022-11-07,Agra,1.4,31.0,19.0
2022-11-08,Agra,0.0,29.8,17.6
2022-11-09,Agra,0.3,28.3,17.6
2022-11-10,Agra,1.6,27.6,18.2
2022-11-11,Agra,0.0,28.1,16.8
2022-11-12,Agra,0.0,27.1,16.3
2022-11-13,Agra,0.0,27.4,14.9
2022-11-14,Agra,0.0,28.0,14.4
2022-11-15,Agra,0.0,27.5,14.7
2022-11-16,Agra,0.0,26.4,15.3
2022-11-17,Agra,0.0,25.1,14.1
2022-11-18,Agra,0.0,24.8,12.6
2022-11-19,Agra,0.0,24.9,11.4
2022-11-20,Agra,0.0,25.3,12.8
2022-11-21,Agra,0.0,25.9,13.0
2022-11-22,Agra,0.0,25.6,12.4
2022-11-23,Agra,0.0,25.4,12.0
2022-11-24,Agra,0.0,25.0,10.9
2022-11-25,Agra,0.0,25.1,10.0
2022-11-26,Agra,0.0,25.0,11.0
2022-11-27,Agra,0.0,25.0,11.1
2022-11-28,Agra,0.0,25.1,10.6
2022-11-29,Agra,0.0,24.6,11.3
2022-11-30,Agra,0.0,24.2,10.4
2022-12-01,Agra,0.0,23.9,11.9
2022-12-02,Agra,0.0,23.6,10.6
2022-12-03,Agra,0.0,23.3,11.2
2022-12-04,Agra,0.0,23.5,11.1
2022-12-05,Agra,0.0,23.0,10.8
2022-12-06,Agra,0.0,23.3,10.8
2022-12-07,Agra,0.0,24.2,11.0
2022-12-08,Agra,0.0,23.8,10.4
2022-12-09,Agra,0.0,23.8,11.4
2022-12-10,Agra,0.0,25.5,10.5
2022-12-11,Agra,0.0,26.1,11.4
2022-12-12,Agra,0.0,26.0,12.3
2022-12-13,Agra,0.0,24.9,12.9
2022-12-14,Agra,0.0,23.7,12.1
2022-12-15,Agra,0.0,22.2,9.2
2022-12-16,Agra,0.0,22.2,7.6
2022-12-17,Agra,0.0,22.3,8.1
2022-12-18,Agra,0.0,22.5,8.1
2022-12-19,Agra,0.0,22.2,8.8
2022-12-20,Agra,0.0,22.6,8.8
2022-12-21,Agra,0.0,21.8,9.4
2022-12-22,Agra,0.0,21.8,9.7
2022-12-23,Agra,0.0,22.4,9.3
2022-12-24,Agra,0.0,21.2,9.3
2022-12-25,Agra,0.0,18.6,7.5
2022-12-26,Agra,0.0,18.4,6.7
2022-12-27,Agra,0.0,19.8,7.3
2022-12-28,Agra,0.0,21.0,7.4
2022-12-29,Agra,0.0,22.4,8.2
2022-12-30,Agra,0.0,21.7,10.5
2022-12-31,Agra,0.0,20.4,9.5
2023-01-01,Agra,0.0,18.8,7.1
2023-01-02,Agra,0.0,18.3,7.1
2023-01-03,Agra,0.0,17.6,6.6
2023-01-04,Agra,0.0,16.3,5.7
2023-01-05,Agra,0.0,15.2,4.8
2023-01-06,Agra,0.0,14.4,5.1
2023-01-07,Agra,0.0,16.1,4.7
2023-01-08,Agra,0.0,18.6,4.4
2023-01-09,Agra,0.0,18.8,5.6
2023-01-10,Agra,0.0,20.4,7.7
2023-01-11,Agra,0.0,20.6,5.9
2023-01-12,Agra,0.0,20.9,10.8
2023-01-13,Agra,3.1,21.7,12.0
2023-01-14,Agra,0.0,18.7,9.4
2023-01-15,Agra,0.0,15.6,6.1
2023-01-16,Agra,0.0,16.4,3.0
2023-01-17,Agra,0.0,16.6,3.9
2023-01-18,Agra,0.0,17.3,3.1
2023-01-19,Agra,0.0,18.6,5.0
2023-01-20,Agra,0.0,20.8,7.4
2023-01-21,Agra,0.0,21.7,7.0
2023-01-22,Agra,0.0,23.3,9.3
2023-01-23,Agra,4.4,22.5,9.4
2023-01-24,Agra,10.6,21.8,14.3
2023-01-25,Agra,1.5,22.1,13.2
2023-01-26,Agra,0.3,20.7,12.0
2023-01-27,Agra,0.0,19.0,8.1
2023-01-28,Agra,0.0,20.5,6.7
2023-01-29,Agra,9.6,19.5,8.9
2023-01-30,Agra,18.8,18.4,11.4
2023-01-31,Agra,0.0,20.6,10.3
2023-02-01,Agra,0.0,20.5,9.7
2023-02-02,Agra,0.0,21.7,9.2
2023-02-03,Agra,0.0,23.0,9.3
2023-02-04,Agra,0.0,23.7,10.6
2023-02-05,Agra,0.0,24.2,10.6
2023-02-06,Agra,0.0,25.8,10.9
2023-02-07,Agra,0.0,24.6,12.8
2023-02-08,Agra,0.0,23.1,10.7
2023-02-09,Agra,0.0,25.8,9.1
2023-02-10,Agra,0.0,26.8,11.9
2023-02-11,Agra,0.0,26.7,14.1
2023-02-12,Agra,0.0,23.4,11.4
2023-02-13,Agra,0.0,21.9,10.6
2023-02-14,Agra,0.0,23.6,9.3
2023-02-15,Agra,0.0,26.1,11.7
2023-02-16,Agra,0.0,26.2,11.9
2023-02-17,Agra,0.0,26.6,13.2
2023-02-18,Agra,0.0,27.5,13.2
2023-02-19,Agra,0.0,28.2,13.5
2023-02-20,Agra,0.0,31.1,14.4
2023-02-21,Agra,0.0,30.1,15.7
2023-02-22,Agra,0.0,30.1,16.4
2023-02-23,Agra,0.0,29.1,15.0
2023-02-24,Agra,0.0,27.3,13.8
2023-02-25,Agra,0.0,29.0,12.6
2023-02-26,Agra,0.0,29.6,15.3
2023-02-27,Agra,0.0,30.0,15.3
2023-02-28,Agra,0.0,29.7,14.6
2023-03-01,Agra,0.0,30.6,15.4
2023-03-02,Agra,0.0,30.3,15.3
2023-03-03,Agra,0.0,30.6,16.1
2023-03-04,Agra,0.0,30.2,17.6
2023-03-05,Agra,0.0,30.1,16.7
2023-03-06,Agra,0.0,29.3,16.9
2023-03-07,Agra,0.0,29.0,15.6
2023-03-08,Agra,2.4,28.3,16.2
2023-03-09,Agra,1.9,24.5,16.5
2023-03-10,Agra,0.0,29.0,14.7
2023-03-11,Agra,0.0,29.7,15.8
2023-03-12,Agra,0.0,30.8,15.7
2023-03-13,Agra,0.0,32.0,17.9
2023-03-14,Agra,1.0,31.9,17.5
2023-03-15,Agra,0.2,32.4,16.5
2023-03-16,Agra,0.2,32.1,18.1
2023-03-17,Agra,1.2,26.6,17.3
2023-03-18,Agra,9.5,24.0,18.0
2023-03-19,Agra,9.2,24.7,16.7
2023-03-20,Agra,9.4,24.3,16.2
2023-03-21,Agra,6.4,24.7,14.9
2023-03-22,Agra,0.0,26.9,14.7
2023-03-23,Agra,0.0,28.5,16.3
2023-03-24,Agra,3.1,28.3,17.4
2023-03-25,Agra,0.1,27.8,18.2
2023-03-26,Agra,0.0,29.7,18.1
2023-03-27,Agra,0.0,29.2,17.1
2023-03-28,Agra,0.0,30.5,16.4
2023-03-29,Agra,0.0,32.5,17.9
2023-03-30,Agra,0.7,32.3,18.8
2023-03-31,Agra,16.0,27.1,17.2
2023-04-01,Agra,0.0,27.4,16.0
2023-04-02,Agra,0.0,29.9,16.3
2023-04-03,Agra,0.0,32.8,16.9
2023-04-04,Agra,0.0,30.1,18.1
2023-04-05,Agra,0.0,32.4,17.2
2023-04-06,Agra,0.0,32.2,18.2
2023-04-07,Agra,0.0,33.4,19.1
2023-04-08,Agra,0.0,33.8,18.7
2023-04-09,Agra,0.0,34.4,19.6
2023-04-10,Agra,0.0,35.1,17.6
2023-04-11,Agra,0.0,36.8,19.3
2023-04-12,Agra,0.0,37.4,21.8
2023-04-13,Agra,0.0,37.7,21.7
2023-04-14,Agra,0.0,38.6,22.7
2023-04-15,Agra,0.0,39.7,22.8
2023-04-16,Agra,0.0,39.9,23.8
2023-04-17,Agra,0.0,40.2,24.6
2023-04-18,Agra,0.0,40.1,25.6
2023-04-19,Agra,0.0,38.5,25.7
2023-04-20,Agra,0.0,36.7,23.3
2023-04-21,Agra,0.0,36.3,24.0
2023-04-22,Agra,0.0,36.4,22.0
2023-04-23,Agra,0.4,33.5,22.1
2023-04-24,Agra,0.5,30.5,19.8
2023-04-25,Agra,0.0,33.7,19.9
2023-04-26,Agra,0.0,35.4,20.8
2023-04-27,Agra,0.7,35.6,23.4
2023-04-28,Agra,0.0,33.5,23.5
2023-04-29,Agra,1.1,32.1,23.0
2023-04-30,Agra,2.1,31.6,20.4
2023-05-01,Agra,17.0,29.1,19.8
2023-05-02,Agra,2.5,28.6,19.5
2023-05-03,Agra,10.9,28.8,20.4
2023-05-04,Agra,0.0,30.0,19.4
2023-05-05,Agra,0.0,32.8,21.4
2023-05-06,Agra,0.0,35.7,20.9
2023-05-07,Agra,0.0,37.1,21.5
2023-05-08,Agra,0.0,38.0,23.0
2023-05-09,Agra,0.0,37.6,21.6
2023-05-10,Agra,0.0,36.7,21.1
2023-05-11,Agra,0.0,38.6,20.2
2023-05-12,Agra,0.0,40.6,22.2
2023-05-13,Agra,0.0,41.0,23.8
2023-05-14,Agra,0.0,41.4,24.9
2023-05-15,Agra,0.0,40.3,24.3
2023-05-16,Agra,0.2,38.0,27.4
2023-05-17,Agra,0.0,40.4,26.6
2023-05-18,Agra,0.0,38.0,26.5
2023-05-19,Agra,0.0,39.2,26.4
2023-05-20,Agra,0.0,40.8,24.6
2023-05-21,Agra,0.0,43.5,27.6
2023-05-22,Agra,0.0,43.5,28.1
2023-05-23,Agra,0.0,43.7,28.6
2023-05-24,Agra,0.0,39.7,27.8
2023-05-25,Agra,5.8,35.5,25.4
2023-05-26,Agra,1.2,34.9,21.5
2023-05-27,Agra,2.4,33.3,24.3
2023-05-28,Agra,0.0,34.4,23.9
2023-05-29,Agra,2.4,33.6,23.7
2023-05-30,Agra,0.0,35.2,22.7
2023-05-31,Agra,0.2,33.3,24.1
2023-06-01,Agra,0.0,35.3,21.8
2023-06-02,Agra,0.7,34.9,22.7
2023-06-03,Agra,0.0,37.1,24.4
2023-06-04,Agra,0.0,37.9,25.4
2023-06-05,Agra,0.1,36.5,25.2
2023-06-06,Agra,0.0,39.5,25.1
2023-06-07,Agra,0.0,39.2,26.3
2023-06-08,Agra,0.0,39.9,25.6
2023-06-09,Agra,0.0,40.1,27.7
2023-06-10,Agra,0.9,39.9,29.8
2023-06-11,Agra,1.3,39.5,27.9
2023-06-12,Agra,0.0,40.7,29.4
2023-06-13,Agra,0.0,41.7,31.2
2023-06-14,Agra,0.1,40.9,32.2
2023-06-15,Agra,0.2,38.0,30.9
2023-06-16,Agra,0.0,39.1,30.4
2023-06-17,Agra,0.2,39.3,29.5
2023-06-18,Agra,0.1,39.0,28.8
2023-06-19,Agra,8.6,31.8,25.8
2023-06-20,Agra,59.2,29.6,25.4
2023-06-21,Agra,1.9,32.7,25.4
2023-06-22,Agra,20.7,34.2,26.4
2023-06-23,Agra,2.3,35.1,26.5
2023-06-24,Agra,20.2,35.4,26.3
2023-06-25,Agra,20.3,32.8,26.4
2023-06-26,Agra,0.5,33.6,26.6
2023-06-27,Agra,2.5,33.7,26.1
2023-06-28,Agra,1.2,34.1,27.4
2023-06-29,Agra,15.4,31.5,26.0
2023-06-30,Agra,5.9,31.5,25.2
2023-07-01,Agra,7.0,32.5,25.9
2023-07-02,Agra,0.4,34.5,26.2
2023-07-03,Agra,0.1,35.6,26.6
2023-07-04,Agra,1.9,35.6,28.2
2023-07-05,Agra,0.9,33.2,27.0
2023-07-06,Agra,0.1,32.8,26.4
2023-07-07,Agra,7.7,33.5,26.4
2023-07-08,Agra,13.8,31.4,26.4
2023-07-09,Agra,19.6,32.5,25.6
2023-07-10,Agra,11.3,32.8,25.8
2023-07-11,Agra,11.9,32.0,25.4
2023-07-12,Agra,8.6,32.9,25.8
2023-07-13,Agra,0.8,31.9,26.4
2023-07-14,Agra,3.0,33.6,25.9
2023-07-15,Agra,8.3,31.2,26.4
2023-07-16,Agra,33.2,32.9,25.4
2023-07-17,Agra,3.2,33.0,26.4
2023-07-18,Agra,3.1,33.0,26.8
2023-07-19,Agra,1.5,33.9,27.1
2023-07-20,Agra,0.1,35.5,27.6
2023-07-21,Agra,0.0,35.5,28.9
2023-07-22,Agra,0.2,35.0,29.3
2023-07-23,Agra,0.4,34.4,27.6
2023-07-24,Agra,7.0,34.6,26.9
2023-07-25,Agra,1.4,35.1,26.4
2023-07-26,Agra,11.6,32.0,26.4
2023-07-27,Agra,1.1,32.4,26.9
2023-07-28,Agra,4.7,33.2,26.7
2023-07-29,Agra,4.7,31.2,26.2
2023-07-30,Agra,3.7,32.9,25.2
2023-07-31,Agra,0.2,34.1,26.7
2023-08-01,Agra,0.8,34.5,27.6
2023-08-02,Agra,7.0,33.9,26.7
2023-08-03,Agra,4.1,33.4,26.5
2023-08-04,Agra,42.9,31.4,25.8
2023-08-05,Agra,22.8,32.4,25.5
2023-08-06,Agra,0.4,33.9,26.5
2023-08-07,Agra,0.0,33.2,27.1
2023-08-08,Agra,0.0,33.0,27.2
2023-08-09,Agra,0.4,33.1,26.9
2023-08-10,Agra,0.2,32.6,26.8
2023-08-11,Agra,0.0,34.1,26.8
2023-08-12,Agra,0.0,34.0,27.0
2023-08-13,Agra,0.5,33.1,27.0
2023-08-14,Agra,0.1,31.4,26.7
2023-08-15,Agra,0.4,33.3,25.6
2023-08-16,Agra,1.3,34.7,26.9
2023-08-17,Agra,0.0,35.9,28.2
2023-08-18,Agra,0.0,35.5,28.1
2023-08-19,Agra,9.4,34.2,25.6
2023-08-20,Agra,3.3,34.6,26.1
2023-08-21,Agra,0.4,35.9,27.8
2023-08-22,Agra,24.2,34.2,27.0
2023-08-23,Agra,76.3,28.0,26.0
2023-08-24,Agra,0.7,32.3,25.6
2023-08-25,Agra,0.0,33.0,25.3
2023-08-26,Agra,0.2,33.0,25.8
2023-08-27,Agra,0.0,33.6,26.0
2023-08-28,Agra,0.4,32.8,25.7
2023-08-29,Agra,0.0,33.6,25.6
2023-08-30,Agra,1.7,34.2,25.9
2023-08-31,Agra,0.0,35.2,24.8
2023-09-01,Agra,0.0,36.1,26.2
2023-09-02,Agra,0.0,36.3,26.7
2023-09-03,Agra,0.0,35.4,26.1
2023-09-04,Agra,0.0,36.1,25.4
2023-09-05,Agra,8.5,34.1,25.9
2023-09-06,Agra,2.9,33.5,26.2
2023-09-07,Agra,2.9,34.4,26.9
2023-09-08,Agra,1.9,33.4,26.4
2023-09-09,Agra,33.2,29.0,24.9
2023-09-10,Agra,43.8,29.2,24.4
2023-09-11,Agra,13.5,30.9,24.2
2023-09-12,Agra,2.2,31.7,25.1
2023-09-13,Agra,1.8,33.0,25.0
2023-09-14,Agra,4.7,32.5,25.9
2023-09-15,Agra,0.7,33.5,26.2
2023-09-16,Agra,9.3,31.2,26.0
2023-09-17,Agra,2.0,30.7,25.9
2023-09-18,Agra,18.6,31.7,24.2
2023-09-19,Agra,0.1,33.1,24.7
2023-09-20,Agra,1.3,33.6,25.7
2023-09-21,Agra,0.9,33.7,25.5
2023-09-22,Agra,1.1,32.9,25.5
2023-09-23,Agra,2.5,32.4,23.7
2023-09-24,Agra,1.4,32.6,24.7
2023-09-25,Agra,0.7,33.7,25.0
2023-09-26,Agra,0.0,33.2,25.5
2023-09-27,Agra,0.0,34.3,25.0
2023-09-28,Agra,0.0,33.3,21.7
2023-09-29,Agra,0.0,33.7,20.5
2023-09-30,Agra,0.0,34.1,21.6
2023-10-01,Agra,0.0,34.5,23.8
2023-10-02,Agra,0.0,34.8,22.9
2023-10-03,Agra,0.0,34.5,20.6
2023-10-04,Agra,0.0,34.2,19.8
2023-10-05,Agra,0.0,34.7,20.9
2023-10-06,Agra,0.0,36.2,18.8
2023-10-07,Agra,0.0,35.9,21.9
2023-10-08,Agra,0.0,36.2,22.8
2023-10-09,Agra,0.0,36.5,25.8
2023-10-10,Agra,0.0,35.6,25.2
2023-10-11,Agra,0.0,35.5,23.4
2023-10-12,Agra,0.0,35.0,20.7
2023-10-13,Agra,0.0,35.6,21.2
2023-10-14,Agra,0.0,35.5,22.5
2023-10-15,Agra,0.0,35.6,21.6
2023-10-16,Agra,0.2,32.9,22.2
2023-10-17,Agra,2.3,29.5,20.0
2023-10-18,Agra,0.0,30.2,17.8
2023-10-19,Agra,0.0,30.4,17.4
2023-10-20,Agra,0.0,31.1,17.8
2023-10-21,Agra,0.0,31.4,18.3
2023-10-22,Agra,0.0,31.2,17.9
2023-10-23,Agra,0.0,31.3,17.9
2023-10-24,Agra,0.0,31.5,18.1
2023-10-25,Agra,0.0,31.8,17.7
2023-10-26,Agra,0.0,30.7,17.6
2023-10-27,Agra,0.0,31.2,16.5
2023-10-28,Agra,0.0,30.6,16.1
2023-10-29,Agra,0.0,32.0,17.6
2023-10-30,Agra,0.0,32.9,18.0
2023-10-31,Agra,0.0,31.7,18.6
2023-11-01,Agra,0.0,30.9,18.4
2023-11-02,Agra,0.0,31.0,18.1
2023-11-03,Agra,0.3,31.0,17.1
2023-11-04,Agra,0.0,31.2,16.5
2023-11-05,Agra,0.0,30.6,17.2
2023-11-06,Agra,0.0,29.9,17.3
2023-11-07,Agra,0.0,31.2,16.7
2023-11-08,Agra,0.0,30.9,16.6
2023-11-09,Agra,0.0,31.4,16.5
2023-11-10,Agra,3.1,29.3,17.9
2023-11-11,Agra,0.0,26.4,16.2
2023-11-12,Agra,0.0,25.8,15.0
2023-11-13,Agra,0.0,26.1,14.1
2023-11-14,Agra,0.0,25.7,15.5
2023-11-15,Agra,0.0,25.8,13.8
2023-11-16,Agra,0.0,25.5,12.4
2023-11-17,Agra,0.0,25.9,13.0
2023-11-18,Agra,0.0,25.3,13.5
2023-11-19,Agra,0.0,26.1,13.7
2023-11-20,Agra,0.0,26.1,14.0
2023-11-21,Agra,0.0,26.2,14.3
2023-11-22,Agra,0.0,24.9,13.4
2023-11-23,Agra,0.0,25.0,11.5
2023-11-24,Agra,0.0,25.0,13.0
2023-11-25,Agra,0.0,25.2,11.8
2023-11-26,Agra,0.0,25.2,12.9
2023-11-27,Agra,0.9,23.7,16.1
2023-11-28,Agra,1.5,24.6,15.9
2023-11-29,Agra,0.0,24.8,14.2
2023-11-30,Agra,0.9,24.8,14.7
2023-12-01,Agra,0.1,24.2,15.5
2023-12-02,Agra,0.1,25.0,14.4
2023-12-03,Agra,8.6,24.8,14.8
2023-12-04,Agra,10.5,22.0,15.0
2023-12-05,Agra,0.0,23.1,12.9
2023-12-06,Agra,0.0,23.4,12.2
2023-12-07,Agra,0.0,24.3,13.9
2023-12-08,Agra,0.0,23.8,12.6
2023-12-09,Agra,0.0,23.9,12.3
2023-12-10,Agra,0.0,23.0,11.3
2023-12-11,Agra,0.0,22.7,10.0
2023-12-12,Agra,0.0,22.9,9.9
2023-12-13,Agra,0.0,23.0,9.5
2023-12-14,Agra,0.0,22.6,9.5
2023-12-15,Agra,0.0,22.0,8.4
2023-12-16,Agra,0.0,22.2,8.9
2023-12-17,Agra,0.0,22.8,9.3
2023-12-18,Agra,0.0,21.2,9.7
2023-12-19,Agra,0.0,21.0,8.6
2023-12-20,Agra,0.0,19.7,7.6
2023-12-21,Agra,0.0,20.3,9.3
2023-12-22,Agra,0.0,20.7,8.7
2023-12-23,Agra,0.2,21.2,9.7
2023-12-24,Agra,0.0,21.9,8.4
2023-12-25,Agra,0.0,22.4,9.9
2023-12-26,Agra,0.0,22.6,9.1
2023-12-27,Agra,0.0,22.1,8.2
2023-12-28,Agra,0.0,20.9,9.4
2023-12-29,Agra,0.0,18.5,9.3
2023-12-30,Agra,0.0,17.4,8.6
2023-12-31,Agra,0.0,18.0,7.6
2024-01-01,Agra,0.0,17.7,6.9
2024-01-02,Agra,0.0,16.1,6.4
2024-01-03,Agra,0.0,17.5,9.7
2024-01-04,Agra,0.0,18.7,9.5
2024-01-05,Agra,0.0,18.3,7.8
2024-01-06,Agra,0.0,18.0,7.3
2024-01-07,Agra,0.0,18.3,6.7
2024-01-08,Agra,0.0,18.8,6.8
2024-01-09,Agra,9.7,17.0,8.7
2024-01-10,Agra,0.0,17.1,6.5
2024-01-11,Agra,0.0,17.5,5.1
2024-01-12,Agra,0.0,18.9,4.4
2024-01-13,Agra,0.0,19.0,5.1
2024-01-14,Agra,0.0,19.5,5.3
2024-01-15,Agra,0.0,18.5,5.9
2024-01-16,Agra,0.0,17.8,4.6
2024-01-17,Agra,0.0,17.0,3.7
2024-01-18,Agra,0.0,15.8,4.8
2024-01-19,Agra,0.0,16.0,5.1
2024-01-20,Agra,0.0,15.4,3.6
2024-01-21,Agra,0.0,16.2,5.3
2024-01-22,Agra,0.0,16.2,4.9
2024-01-23,Agra,0.0,17.1,5.3
2024-01-24,Agra,0.0,19.1,8.0
2024-01-25,Agra,0.0,17.9,6.3
2024-01-26,Agra,0.0,18.3,6.8
2024-01-27,Agra,0.0,21.6,6.6
2024-01-28,Agra,0.0,22.9,8.2
2024-01-29,Agra,0.0,21.8,10.7
2024-01-30,Agra,0.0,20.8,10.4
2024-01-31,Agra,1.1,22.8,10.4
2024-02-01,Agra,1.8,22.8,13.6
2024-02-02,Agra,0.0,20.2,10.8
2024-02-03,Agra,0.0,21.1,8.1
2024-02-04,Agra,28.1,22.6,13.7
2024-02-05,Agra,0.7,20.8,12.3
2024-02-06,Agra,0.0,19.6,9.1
2024-02-07,Agra,0.0,19.7,8.8
2024-02-08,Agra,0.0,19.5,9.2
2024-02-09,Agra,0.0,20.3,7.4
2024-02-10,Agra,0.0,20.6,6.8
2024-02-11,Agra,0.0,21.2,7.2
2024-02-12,Agra,0.0,21.3,7.7
2024-02-13,Agra,0.0,23.1,9.5
2024-02-14,Agra,0.0,23.6,12.3
2024-02-15,Agra,0.0,23.5,10.6
2024-02-16,Agra,0.0,24.0,10.4
2024-02-17,Agra,0.0,25.0,8.8
2024-02-18,Agra,0.0,27.0,10.9
2024-02-19,Agra,0.0,28.6,14.1
2024-02-20,Agra,2.7,27.2,15.8
2024-02-21,Agra,0.5,25.0,14.0
2024-02-22,Agra,0.9,24.7,12.5
2024-02-23,Agra,0.0,23.4,10.4
2024-02-24,Agra,0.0,23.8,9.5
2024-02-25,Agra,0.0,24.7,10.8
2024-02-26,Agra,0.0,23.6,11.8
2024-02-27,Agra,0.0,24.1,11.9
2024-02-28,Agra,0.0,24.1,12.1
2024-02-29,Agra,0.0,26.2,11.1
2024-03-01,Agra,0.0,27.7,12.4
2024-03-02,Agra,7.6,26.5,16.5
2024-03-03,Agra,3.0,22.3,16.0
2024-03-04,Agra,0.0,23.3,13.3
2024-03-05,Agra,0.0,22.2,9.1
2024-03-06,Agra,0.0,22.6,10.1
2024-03-07,Agra,0.0,24.7,10.3
2024-03-08,Agra,0.0,26.0,11.3
2024-03-09,Agra,0.0,25.6,12.2
2024-03-10,Agra,0.0,27.2,10.7
2024-03-11,Agra,0.0,29.5,13.6
2024-03-12,Agra,0.0,29.7,14.6
2024-03-13,Agra,0.0,30.3,14.7
2024-03-14,Agra,0.0,29.9,15.3
2024-03-15,Agra,0.0,28.5,15.9
2024-03-16,Agra,0.0,27.9,13.2
2024-03-17,Agra,0.0,29.1,12.8
2024-03-18,Agra,0.0,28.9,13.2
2024-03-19,Agra,0.0,29.7,12.7
2024-03-20,Agra,0.0,30.5,13.6
2024-03-21,Agra,0.0,29.5,16.2
2024-03-22,Agra,0.0,32.1,17.3
2024-03-23,Agra,0.0,34.8,18.6
2024-03-24,Agra,0.0,34.9,19.4
2024-03-25,Agra,0.0,33.4,18.0
2024-03-26,Agra,0.0,34.9,18.1
2024-03-27,Agra,0.0,36.0,20.6
2024-03-28,Agra,0.0,37.9,21.4
2024-03-29,Agra,0.0,37.8,22.2
2024-03-30,Agra,0.0,36.1,23.5
2024-03-31,Agra,0.0,36.0,19.7
2024-04-01,Agra,0.0,34.2,19.9
2024-04-02,Agra,0.0,33.9,18.4
2024-04-03,Agra,0.0,36.3,18.9
2024-04-04,Agra,0.0,36.7,19.9
2024-04-05,Agra,0.0,36.3,22.3
2024-04-06,Agra,0.0,36.0,21.6
2024-04-07,Agra,0.0,36.1,19.7
2024-04-08,Agra,0.0,37.4,19.5
2024-04-09,Agra,0.0,38.2,19.9
2024-04-10,Agra,0.0,38.1,20.0
2024-04-11,Agra,0.0,37.6,20.3
2024-04-12,Agra,0.0,38.4,23.0
2024-04-13,Agra,0.0,37.6,23.0
2024-04-14,Agra,0.0,36.7,22.8
2024-04-15,Agra,0.3,37.2,24.5
2024-04-16,Agra,0.0,37.4,25.7
2024-04-17,Agra,0.0,37.0,24.5
2024-04-18,Agra,0.0,39.2,25.1
2024-04-19,Agra,0.0,39.9,25.3
2024-04-20,Agra,0.0,38.1,25.4
2024-04-21,Agra,0.0,36.9,24.7
2024-04-22,Agra,0.0,38.4,23.5
2024-04-23,Agra,0.0,39.1,23.4
2024-04-24,Agra,0.0,39.1,23.4
2024-04-25,Agra,0.0,39.8,23.0
2024-04-26,Agra,0.0,40.9,24.2
2024-04-27,Agra,0.0,40.0,27.3
2024-04-28,Agra,0.0,39.7,23.3
2024-04-29,Agra,0.0,40.4,25.3
2024-04-30,Agra,0.0,37.9,25.3
2024-05-01,Agra,0.0,35.7,21.9
2024-05-02,Agra,0.0,35.8,20.1
2024-05-03,Agra,0.0,39.2,21.4
2024-05-04,Agra,0.0,40.3,25.6
2024-05-05,Agra,0.0,42.0,27.9
2024-05-06,Agra,0.0,41.6,25.4
2024-05-07,Agra,0.0,43.2,25.9
2024-05-08,Agra,0.0,39.3,28.2
2024-05-09,Agra,0.0,39.9,27.3
2024-05-10,Agra,0.0,40.5,27.3
2024-05-11,Agra,0.0,39.8,27.2
2024-05-12,Agra,0.0,39.2,26.4
2024-05-13,Agra,0.0,41.0,26.3
2024-05-14,Agra,0.0,41.1,23.6
2024-05-15,Agra,0.0,42.3,27.2
2024-05-16,Agra,0.0,43.5,27.0
2024-05-17,Agra,0.0,44.2,27.4
2024-05-18,Agra,0.0,45.0,27.6
2024-05-19,Agra,0.0,45.2,28.3
2024-05-20,Agra,0.0,44.5,28.7
2024-05-21,Agra,0.0,43.1,28.2
2024-05-22,Agra,0.0,42.3,30.1
2024-05-23,Agra,0.1,42.0,30.5
2024-05-24,Agra,0.0,41.1,30.2
2024-05-25,Agra,0.0,43.6,30.1
2024-05-26,Agra,0.0,46.0,30.0
2024-05-27,Agra,0.0,46.9,28.7
2024-05-28,Agra,0.0,46.3,29.4
2024-05-29,Agra,0.0,46.5,30.6
2024-05-30,Agra,0.0,46.1,32.6
2024-05-31,Agra,0.0,46.4,31.6
2024-06-01,Agra,0.0,45.2,29.8
2024-06-02,Agra,0.0,43.0,32.2
2024-06-03,Agra,0.0,43.6,29.1
2024-06-04,Agra,0.0,44.7,31.1
2024-06-05,Agra,0.0,43.0,31.2
2024-06-06,Agra,0.0,41.6,31.4
2024-06-07,Agra,0.0,43.4,28.4
2024-06-08,Agra,0.0,43.0,29.7
2024-06-09,Agra,0.0,42.9,30.0
2024-06-10,Agra,0.0,44.0,28.4
2024-06-11,Agra,0.0,42.0,33.1
2024-06-12,Agra,0.0,44.7,32.5
2024-06-13,Agra,0.0,45.4,33.3
2024-06-14,Agra,0.1,41.6,34.4
2024-06-15,Agra,0.0,44.4,32.6
2024-06-16,Agra,0.0,44.5,33.2
2024-06-17,Agra,0.0,44.8,34.6
2024-06-18,Agra,0.0,44.5,35.3
2024-06-19,Agra,0.0,44.2,31.8
2024-06-20,Agra,2.4,39.9,27.3
2024-06-21,Agra,1.1,38.6,27.9
2024-06-22,Agra,13.3,36.7,26.4
2024-06-23,Agra,9.5,37.0,27.5
2024-06-24,Agra,1.0,37.0,28.8
2024-06-25,Agra,14.7,34.1,27.2
2024-06-26,Agra,25.1,36.0,28.1
2024-06-27,Agra,34.9,33.3,26.5
2024-06-28,Agra,16.9,32.0,26.2
2024-06-29,Agra,23.2,33.1,26.0
2024-06-30,Agra,10.3,33.3,26.3
2024-07-01,Agra,17.6,33.6,26.2
2024-07-02,Agra,7.4,33.5,26.6
2024-07-03,Agra,16.9,33.1,26.0
2024-07-04,Agra,32.6,29.7,26.0
2024-07-05,Agra,8.8,32.4,25.5
2024-07-06,Agra,11.4,32.8,26.2
2024-07-07,Agra,2.6,34.2,25.9
2024-07-08,Agra,1.1,33.0,25.3
2024-07-09,Agra,3.4,34.5,25.7
2024-07-10,Agra,6.9,34.2,26.6
2024-07-11,Agra,0.4,34.1,28.0
2024-07-12,Agra,0.0,34.6,28.2
2024-07-13,Agra,0.1,34.9,25.8
2024-07-14,Agra,0.7,34.5,27.0
2024-07-15,Agra,5.4,32.6,27.1
2024-07-16,Agra,5.0,34.9,26.8
2024-07-17,Agra,0.7,34.1,28.4
2024-07-18,Agra,0.9,33.6,27.6
2024-07-19,Agra,6.6,33.3,26.9
2024-07-20,Agra,8.8,34.8,26.3
2024-07-21,Agra,1.9,34.3,27.3
2024-07-22,Agra,7.6,34.3,28.3
2024-07-23,Agra,3.9,33.2,27.0
2024-07-24,Agra,4.0,34.2,26.3
2024-07-25,Agra,33.1,33.4,25.9
2024-07-26,Agra,3.0,32.9,26.7
2024-07-27,Agra,18.1,32.6,26.2
2024-07-28,Agra,18.7,34.8,26.6
2024-07-29,Agra,0.8,34.6,28.3
2024-07-30,Agra,6.6,34.9,28.4
2024-07-31,Agra,3.9,34.8,27.2
2024-08-01,Agra,32.3,31.3,25.6
2024-08-02,Agra,2.6,32.6,25.5
2024-08-03,Agra,10.7,33.0,25.6
2024-08-04,Agra,9.4,31.6,25.7
2024-08-05,Agra,1.4,32.7,26.2
2024-08-06,Agra,0.4,32.4,26.2
2024-08-07,Agra,4.1,29.8,26.2
2024-08-08,Agra,14.1,29.5,25.6
2024-08-09,Agra,8.2,29.1,25.3
2024-08-10,Agra,32.9,31.0,25.0
2024-08-11,Agra,15.7,31.0,25.1
2024-08-12,Agra,16.1,31.0,24.9
2024-08-13,Agra,4.8,31.3,25.1
2024-08-14,Agra,12.3,31.5,25.4
2024-08-15,Agra,17.7,31.5,25.8
2024-08-16,Agra,4.7,32.3,25.6
2024-08-17,Agra,0.2,32.7,25.6
2024-08-18,Agra,9.9,33.0,26.5
2024-08-19,Agra,7.5,32.8,26.2
2024-08-20,Agra,13.1,30.6,25.9
2024-08-21,Agra,0.4,32.6,25.4
2024-08-22,Agra,7.7,32.5,25.8
2024-08-23,Agra,1.0,32.0,25.5
2024-08-24,Agra,26.7,31.2,25.4
2024-08-25,Agra,1.6,32.1,26.0
2024-08-26,Agra,5.8,31.5,25.7
2024-08-27,Agra,6.3,29.7,24.6
2024-08-28,Agra,7.7,30.9,24.6
2024-08-29,Agra,0.0,32.2,25.5
2024-08-30,Agra,3.7,32.1,25.0
2024-08-31,Agra,1.1,32.6,25.4
2024-09-01,Agra,4.7,33.3,26.5
2024-09-02,Agra,2.0,32.3,25.9
2024-09-03,Agra,5.7,32.6,26.3
2024-09-04,Agra,6.4,31.9,24.9
2024-09-05,Agra,5.1,30.4,26.0
2024-09-06,Agra,23.6,31.1,24.6
2024-09-07,Agra,10.0,32.2,24.5
2024-09-08,Agra,21.1,31.6,24.9
2024-09-09,Agra,0.3,32.8,24.7
2024-09-10,Agra,1.5,32.7,25.7
2024-09-11,Agra,75.8,28.8,25.0
2024-09-12,Agra,156.3,26.0,24.4
2024-09-13,Agra,6.3,30.3,23.5
2024-09-14,Agra,0.0,31.3,23.4
2024-09-15,Agra,0.0,31.9,23.6
2024-09-16,Agra,0.0,32.2,23.7
2024-09-17,Agra,0.2,31.9,25.0
2024-09-18,Agra,60.2,26.0,22.7
2024-09-19,Agra,0.8,28.9,23.6
2024-09-20,Agra,0.1,30.4,22.3
2024-09-21,Agra,0.0,32.2,25.0
2024-09-22,Agra,0.0,33.2,25.4
2024-09-23,Agra,0.0,34.3,27.0
2024-09-24,Agra,0.0,33.8,25.3
2024-09-25,Agra,2.3,33.0,26.9
2024-09-26,Agra,0.7,31.5,25.5
2024-09-27,Agra,1.3,30.2,24.8
2024-09-28,Agra,0.5,29.2,24.7
2024-09-29,Agra,0.9,30.4,24.1
2024-09-30,Agra,0.0,32.3,24.0
2024-10-01,Agra,0.0,33.8,24.4
2024-10-02,Agra,0.0,35.1,25.2
2024-10-03,Agra,0.0,35.0,24.3
2024-10-04,Agra,0.0,33.6,23.7
2024-10-05,Agra,0.0,33.4,23.9
2024-10-06,Agra,0.0,33.7,22.9
2024-10-07,Agra,0.0,33.0,23.0
2024-10-08,Agra,0.0,32.8,21.9
2024-10-09,Agra,0.0,33.0,22.2
2024-10-10,Agra,0.0,32.4,21.2
2024-10-11,Agra,0.0,32.2,21.5
2024-10-12,Agra,0.0,32.0,22.1
2024-10-13,Agra,0.0,32.2,23.4
2024-10-14,Agra,0.0,31.6,23.1
2024-10-15,Agra,0.0,31.8,20.2
2024-10-16,Agra,0.0,32.8,20.1
2024-10-17,Agra,0.0,33.2,21.4
2024-10-18,Agra,0.0,33.3,21.2
2024-10-19,Agra,0.0,34.1,20.6
2024-10-20,Agra,0.0,33.7,21.2
2024-10-21,Agra,0.0,32.7,21.2
2024-10-22,Agra,0.0,32.3,20.6
2024-10-23,Agra,0.0,31.8,19.6
2024-10-24,Agra,0.0,31.7,20.6
2024-10-25,Agra,0.0,31.3,20.5
2024-10-26,Agra,0.0,31.5,19.3
2024-10-27,Agra,0.0,31.1,19.9
2024-10-28,Agra,0.0,31.3,20.3
2024-10-29,Agra,0.0,32.5,21.0
2024-10-30,Agra,0.0,33.4,21.8
2024-10-31,Agra,0.0,33.1,21.0
2024-11-01,Agra,0.0,32.1,19.2
2024-11-02,Agra,0.0,32.3,18.6
2024-11-03,Agra,0.0,31.6,19.0
2024-11-04,Agra,0.0,29.9,17.1
2024-11-05,Agra,0.0,29.5,17.8
2024-11-06,Agra,0.0,29.9,17.8
2024-11-07,Agra,0.0,29.7,18.7
2024-11-08,Agra,0.0,29.9,18.5
2024-11-09,Agra,0.0,30.3,18.5
2024-11-10,Agra,0.0,31.2,18.8
2024-11-11,Agra,0.0,30.5,18.9
2024-11-12,Agra,0.0,30.9,18.0
2024-11-13,Agra,0.0,30.4,18.9
2024-11-14,Agra,0.0,29.5,18.2
2024-11-15,Agra,0.0,29.6,17.6
2024-11-16,Agra,0.0,29.1,17.3
2024-11-17,Agra,0.0,29.5,17.3
2024-11-18,Agra,0.0,26.2,17.0
2024-11-19,Agra,0.0,25.8,14.4
2024-11-20,Agra,0.0,25.3,13.0
2024-11-21,Agra,0.0,25.3,13.0
2024-11-22,Agra,0.0,25.5,13.0
2024-11-23,Agra,0.0,26.3,13.6
2024-11-24,Agra,0.0,27.2,14.5
2024-11-25,Agra,0.0,26.6,15.0
2024-11-26,Agra,0.0,25.7,13.5
2024-11-27,Agra,0.0,26.0,13.2
2024-11-28,Agra,0.0,24.5,12.4
2024-11-29,Agra,0.0,23.9,12.1
2024-11-30,Agra,0.0,24.1,12.0
2024-12-01,Agra,0.0,24.5,12.5
2024-12-02,Agra,0.0,25.2,13.1
2024-12-03,Agra,0.0,25.8,13.6
2024-12-04,Agra,0.0,25.4,14.0
2024-12-05,Agra,0.0,24.1,12.6
2024-12-06,Agra,0.0,24.3,10.9
2024-12-07,Agra,0.0,23.8,11.1
2024-12-08,Agra,0.1,22.8,11.1
2024-12-09,Agra,0.1,20.7,11.1
2024-12-10,Agra,0.0,20.4,10.1
2024-12-11,Agra,0.0,20.1,7.9
2024-12-12,Agra,0.0,20.2,7.5
2024-12-13,Agra,0.0,20.2,9.1
2024-12-14,Agra,0.0,20.3,8.2
2024-12-15,Agra,0.0,20.5,7.2
2024-12-16,Agra,0.0,20.0,6.7
2024-12-17,Agra,0.0,20.7,6.7
2024-12-18,Agra,0.0,20.5,7.0
2024-12-19,Agra,0.0,21.3,7.6
2024-12-20,Agra,0.0,22.4,10.3
2024-12-21,Agra,0.0,22.8,9.2
2024-12-22,Agra,0.0,22.0,8.7
2024-12-23,Agra,1.3,19.5,11.5
2024-12-24,Agra,1.9,18.9,13.1
2024-12-25,Agra,0.0,21.5,12.8
2024-12-26,Agra,0.0,22.2,12.0
2024-12-27,Agra,10.9,24.9,15.2
2024-12-28,Agra,9.2,19.8,14.3
2024-12-29,Agra,0.0,19.4,11.9
2024-12-30,Agra,0.0,18.5,9.1
2024-12-31,Agra,0.0,16.5,7.9
2025-01-01,Agra,0.0,16.6,7.2
2025-01-02,Agra,0.0,19.9,8.2
2025-01-03,Agra,0.0,20.5,7.7
2025-01-04,Agra,0.0,20.5,8.9
2025-01-05,Agra,0.0,19.2,7.9
2025-01-06,Agra,0.0,17.3,8.3
2025-01-07,Agra,0.0,17.5,9.7
2025-01-08,Agra,0.0,18.8,7.9
2025-01-09,Agra,0.0,19.4,7.1
2025-01-10,Agra,0.0,18.9,7.5
2025-01-11,Agra,6.1,19.5,8.6
2025-01-12,Agra,3.5,19.9,12.2
2025-01-13,Agra,0.0,19.0,10.2
2025-01-14,Agra,0.0,18.8,9.2
2025-01-15,Agra,0.8,19.2,7.6
2025-01-16,Agra,9.3,17.2,11.4
2025-01-17,Agra,0.0,19.3,9.5
2025-01-18,Agra,0.0,18.8,7.3
2025-01-19,Agra,0.0,22.4,7.6
2025-01-20,Agra,0.0,23.4,12.9
2025-01-21,Agra,0.0,23.2,12.9
2025-01-22,Agra,0.0,23.5,11.4
2025-01-23,Agra,3.5,19.8,13.6
2025-01-24,Agra,0.0,20.9,10.8
2025-01-25,Agra,0.0,20.8,9.2
2025-01-26,Agra,0.0,20.7,7.6
2025-01-27,Agra,0.0,20.9,7.2
2025-01-28,Agra,0.0,21.8,7.8
2025-01-29,Agra,0.0,23.6,10.2
2025-01-30,Agra,0.0,24.4,10.7
2025-01-31,Agra,0.0,25.8,11.5
2025-02-01,Agra,0.0,25.6,13.0
2025-02-02,Agra,0.0,24.9,13.1
2025-02-03,Agra,0.0,24.3,12.2
2025-02-04,Agra,3.7,25.1,14.4
2025-02-05,Agra,0.0,22.8,13.8
2025-02-06,Agra,0.0,21.8,9.9
2025-02-07,Agra,0.0,21.6,10.0
2025-02-08,Agra,0.0,23.7,10.2
2025-02-09,Agra,0.0,25.6,10.4
2025-02-10,Agra,0.0,27.6,11.4
2025-02-11,Agra,0.0,29.0,12.8
2025-02-12,Agra,0.0,26.5,13.5
2025-02-13,Agra,0.0,25.7,12.9
2025-02-14,Agra,0.0,27.0,12.5
2025-02-15,Agra,0.0,28.2,13.1
2025-02-16,Agra,0.0,27.6,14.3
2025-02-17,Agra,0.0,28.3,15.8
2025-02-18,Agra,0.0,25.2,15.2
2025-02-19,Agra,1.5,28.0,14.6
2025-02-20,Agra,1.1,27.1,16.6
2025-02-21,Agra,0.0,27.6,15.3
2025-02-22,Agra,0.0,26.6,14.2
2025-02-23,Agra,0.0,26.5,14.1
2025-02-24,Agra,0.0,27.8,13.5
2025-02-25,Agra,0.0,28.9,14.9
2025-02-26,Agra,0.0,30.3,16.2
2025-02-27,Agra,0.0,28.8,18.3
2025-02-28,Agra,0.6,29.8,19.8
2025-03-01,Agra,0.4,28.1,17.3
2025-03-02,Agra,0.0,28.8,17.2
2025-03-03,Agra,0.0,28.3,15.3
2025-03-04,Agra,0.0,27.7,18.9
2025-03-05,Agra,0.0,24.3,13.9
2025-03-06,Agra,0.0,27.8,13.2
2025-03-07,Agra,0.0,30.0,13.6
2025-03-08,Agra,0.0,30.9,16.3
2025-03-09,Agra,0.0,32.1,17.5
2025-03-10,Agra,0.0,32.8,18.8
2025-03-11,Agra,0.0,34.6,18.8
2025-03-12,Agra,0.0,34.3,20.0
2025-03-13,Agra,0.5,33.9,21.6
2025-03-14,Agra,0.0,34.5,19.7
2025-03-15,Agra,0.0,34.2,21.1
2025-03-16,Agra,0.0,31.6,20.0
2025-03-17,Agra,0.0,30.3,18.9
2025-03-18,Agra,0.0,30.0,17.1
2025-03-19,Agra,0.0,32.5,17.0
2025-03-20,Agra,0.0,34.3,19.9
2025-03-21,Agra,0.0,32.8,19.6
2025-03-22,Agra,0.0,31.3,18.3
2025-03-23,Agra,0.0,33.2,16.8
2025-03-24,Agra,0.0,34.4,18.7
2025-03-25,Agra,0.0,36.1,19.9
2025-03-26,Agra,0.0,38.5,21.5
2025-03-27,Agra,0.0,38.4,22.0
2025-03-28,Agra,0.0,33.5,23.0
2025-03-29,Agra,0.0,31.4,17.3
2025-03-30,Agra,0.0,33.3,18.3
2025-03-31,Agra,0.0,34.7,17.8
2025-04-01,Agra,0.0,34.8,19.3
2025-04-02,Agra,0.0,36.1,20.3
2025-04-03,Agra,0.0,36.9,21.7
2025-04-04,Agra,0.0,38.0,22.6
2025-04-05,Agra,0.0,37.0,22.3
2025-04-06,Agra,0.0,39.1,23.1
2025-04-07,Agra,0.0,40.9,25.0
2025-04-08,Agra,0.0,40.8,25.6
2025-04-09,Agra,0.0,40.7,26.7
2025-04-10,Agra,0.0,39.4,25.8
2025-04-11,Agra,0.4,36.4,23.3
2025-04-12,Agra,0.0,36.6,22.3
2025-04-13,Agra,0.0,36.9,23.8
2025-04-14,Agra,0.0,36.8,24.3
2025-04-15,Agra,0.0,37.5,24.6
2025-04-16,Agra,0.0,38.8,25.0
2025-04-17,Agra,0.0,41.2,26.2
2025-04-18,Agra,0.0,42.3,25.9
2025-04-19,Agra,0.0,41.0,27.6
2025-04-20,Agra,0.0,41.3,27.1
2025-04-21,Agra,0.0,41.4,26.8
2025-04-22,Agra,0.0,41.2,25.7
2025-04-23,Agra,0.0,40.9,24.5
2025-04-24,Agra,0.0,42.0,24.9
2025-04-25,Agra,0.0,43.0,25.5
2025-04-26,Agra,0.0,41.8,26.3
2025-04-27,Agra,0.0,40.3,27.5
2025-04-28,Agra,0.0,41.3,25.6
2025-04-29,Agra,0.0,39.4,25.6
2025-04-30,Agra,0.0,38.3,26.7
2025-05-01,Agra,0.0,38.9,25.7
2025-05-02,Agra,4.1,31.0,23.4
2025-05-03,Agra,0.0,37.4,24.2
2025-05-04,Agra,0.0,36.5,26.1
2025-05-05,Agra,0.0,38.0,25.2
2025-05-06,Agra,0.0,35.6,23.7
2025-05-07,Agra,1.4,33.2,23.6
2025-05-08,Agra,0.6,33.0,24.4
2025-05-09,Agra,0.1,35.9,24.0
2025-05-10,Agra,0.8,38.4,26.1
2025-05-11,Agra,0.0,39.6,25.6
2025-05-12,Agra,0.0,39.9,26.6
2025-05-13,Agra,0.0,40.8,27.8
2025-05-14,Agra,0.0,42.7,28.4
2025-05-15,Agra,0.0,42.5,28.2
2025-05-16,Agra,0.0,43.7,28.0
2025-05-17,Agra,0.0,41.8,28.9
2025-05-18,Agra,0.0,43.3,29.4
2025-05-19,Agra,0.0,41.4,28.5
2025-05-20,Agra,0.0,45.0,29.2
2025-05-21,Agra,0.0,42.8,28.6
2025-05-22,Agra,0.0,38.2,27.3
2025-05-23,Agra,0.0,39.5,27.9
2025-05-24,Agra,0.0,39.3,29.6
2025-05-25,Agra,0.1,36.7,26.4
2025-05-26,Agra,12.6,36.5,24.4
2025-05-27,Agra,1.4,36.2,25.9
2025-05-28,Agra,0.0,37.4,27.6
2025-05-29,Agra,0.4,38.0,27.4
2025-05-30,Agra,0.1,37.4,27.5
2025-05-31,Agra,0.0,38.8,27.5
2025-06-01,Agra,0.0,37.6,27.4
2025-06-02,Agra,1.4,37.1,26.6
2025-06-03,Agra,0.0,35.5,26.2
2025-06-04,Agra,3.1,36.6,23.8
2025-06-05,Agra,0.0,37.0,24.6
2025-06-06,Agra,0.3,37.2,25.7
2025-06-07,Agra,0.0,40.9,27.5
2025-06-08,Agra,0.0,42.6,28.9
2025-06-09,Agra,0.0,43.7,29.2
2025-06-10,Agra,0.0,43.0,29.9
2025-06-11,Agra,0.0,42.8,30.8
2025-06-12,Agra,0.0,43.3,32.0
2025-06-13,Agra,0.0,43.1,32.5
2025-06-14,Agra,0.0,42.7,32.3
2025-06-15,Agra,0.0,38.6,30.3
2025-06-16,Agra,14.6,36.2,25.9
2025-06-17,Agra,4.9,39.3,26.8
2025-06-18,Agra,0.2,34.8,26.5
2025-06-19,Agra,30.6,31.8,25.1
2025-06-20,Agra,14.7,31.3,26.1
2025-06-21,Agra,3.2,34.9,26.1
2025-06-22,Agra,2.3,35.5,27.5
2025-06-23,Agra,5.7,34.8,26.3
2025-06-24,Agra,1.6,35.2,26.3
2025-06-25,Agra,1.2,34.0,26.8
2025-06-26,Agra,15.3,34.9,26.0
2025-06-27,Agra,1.3,34.6,27.7
2025-06-28,Agra,1.1,34.6,26.6
2025-06-29,Agra,4.0,34.7,27.0
2025-06-30,Agra,10.8,33.2,26.5
2025-07-01,Agra,5.5,32.5,25.3
2025-07-02,Agra,9.6,33.2,26.4
2025-07-03,Agra,0.7,33.1,26.1
2025-07-04,Agra,1.4,34.4,26.1
2025-07-05,Agra,9.7,34.1,26.4
2025-07-06,Agra,11.4,34.0,26.0
2025-07-07,Agra,4.3,34.2,25.6
2025-07-08,Agra,4.0,34.8,27.1
2025-07-09,Agra,2.2,32.8,27.1
2025-07-10,Agra,4.3,30.7,26.1
2025-07-11,Agra,7.3,32.7,25.1
2025-07-12,Agra,13.1,33.2,26.4
2025-07-13,Agra,16.1,31.8,25.8
2025-07-14,Agra,6.4,32.3,25.5
2025-07-15,Agra,6.5,32.8,26.1
2025-07-16,Agra,4.9,32.6,26.0
2025-07-17,Agra,3.2,31.9,25.9
2025-07-18,Agra,9.8,29.6,26.3
2025-07-19,Agra,0.0,32.9,25.3
2025-07-20,Agra,0.0,33.8,26.0
2025-07-21,Agra,0.4,33.2,27.0
2025-07-22,Agra,0.7,34.1,27.0
2025-07-23,Agra,5.6,31.4,26.9
2025-07-24,Agra,0.2,34.1,26.3
2025-07-25,Agra,0.4,35.1,26.9
2025-07-26,Agra,9.3,33.2,27.0
2025-07-27,Agra,2.2,33.9,27.4
2025-07-28,Agra,2.3,34.4,27.3
2025-07-29,Agra,17.6,30.7,26.5
2025-07-30,Agra,28.1,30.8,26.1
2025-07-31,Agra,28.2,31.9,25.4
2025-08-01,Agra,4.7,33.0,25.7
2025-08-02,Agra,0.2,33.2,26.1
2025-08-03,Agra,10.0,30.7,26.2
2025-08-04,Agra,4.0,30.0,25.7
2025-08-05,Agra,0.1,31.6,26.6
2025-08-06,Agra,0.9,33.2,26.2
2025-08-07,Agra,0.0,33.8,26.3
2025-08-08,Agra,0.1,32.6,27.0
2025-08-09,Agra,0.7,31.3,26.0
2025-08-10,Agra,17.0,32.3,24.6
2025-08-11,Agra,8.6,33.0,26.5
2025-08-12,Agra,0.6,33.2,26.9
2025-08-13,Agra,5.7,33.7,26.7
2025-08-14,Agra,14.9,31.6,26.1
2025-08-15,Agra,1.8,32.9,26.1
2025-08-16,Agra,1.1,32.7,27.0
2025-08-17,Agra,0.1,33.3,27.3
2025-08-18,Agra,3.2,32.7,27.2
2025-08-19,Agra,0.8,33.0,26.8
2025-08-20,Agra,0.1,32.7,26.8
2025-08-21,Agra,11.1,32.2,24.9
2025-08-22,Agra,12.3,32.0,25.3
2025-08-23,Agra,36.5,31.9,26.0
2025-08-24,Agra,19.1,31.7,24.6
2025-08-25,Agra,59.7,30.6,24.8
2025-08-26,Agra,3.0,31.9,24.9
2025-08-27,Agra,5.3,32.7,25.1
2025-08-28,Agra,0.8,32.9,25.8
2025-08-29,Agra,1.1,32.3,26.8
2025-08-30,Agra,9.6,32.8,26.4
2025-08-31,Agra,9.7,30.5,25.1
2025-09-01,Agra,30.5,30.9,24.8
2025-09-02,Agra,3.6,29.8,24.7
2025-09-03,Agra,3.9,30.1,24.6
2025-09-04,Agra,3.0,32.8,25.1
2025-09-05,Agra,20.4,29.3,25.4
2025-09-06,Agra,5.0,32.4,24.6
2025-09-07,Agra,5.1,31.9,24.5
2025-09-08,Agra,0.0,32.7,25.3
2025-09-09,Agra,0.0,32.9,25.3
2025-09-10,Agra,0.0,33.4,25.8
2025-09-11,Agra,0.0,32.5,25.1
2025-09-12,Agra,0.0,32.4,24.6
2025-09-13,Agra,0.5,32.9,24.8
2025-09-14,Agra,0.0,33.9,25.5
2025-09-15,Agra,0.2,34.0,26.0
2025-09-16,Agra,0.1,33.9,25.8
2025-09-17,Agra,1.8,33.0,25.4
2025-09-18,Agra,3.4,32.7,24.7
2025-09-19,Agra,0.1,33.4,25.4
2025-09-20,Agra,0.0,34.7,25.9
2025-09-21,Agra,0.0,35.0,24.3
2025-09-22,Agra,0.0,35.6,24.7
2025-09-23,Agra,0.0,35.7,25.1
2025-09-24,Agra,0.0,35.1,25.3
2025-09-25,Agra,0.0,35.1,25.2
2025-09-26,Agra,0.0,35.6,24.7
2025-09-27,Agra,2.4,34.6,26.3
2025-09-28,Agra,2.2,35.0,27.1
2025-09-29,Agra,1.0,34.6,27.0
2025-09-30,Agra,19.5,33.0,23.8
2025-10-01,Agra,30.7,29.7,24.0
2025-10-02,Agra,8.3,31.3,23.7
2025-10-03,Agra,0.2,31.6,24.7
2025-10-04,Agra,0.1,32.3,24.2
2025-10-05,Agra,0.0,33.3,23.8
2025-10-06,Agra,1.6,30.2,23.7
2025-10-07,Agra,11.6,29.2,21.6
2025-10-08,Agra,1.7,28.2,20.2
2025-10-09,Agra,0.0,29.2,20.0
2025-10-10,Agra,0.0,29.4,19.8
2025-10-11,Agra,0.0,29.5,19.0
2025-10-12,Agra,0.0,30.5,21.0
2025-10-13,Agra,0.0,30.9,21.0
2025-10-14,Agra,0.0,30.8,20.0
2025-10-15,Agra,0.0,31.1,19.8
2025-10-16,Agra,0.0,31.2,19.8
2025-10-17,Agra,0.0,31.5,19.1
2025-10-18,Agra,0.0,31.3,19.3
2025-10-19,Agra,0.0,31.6,21.3
2025-10-20,Agra,0.0,30.5,20.6
2025-10-21,Agra,0.2,29.8,21.2
2025-10-22,Agra,0.0,31.3,21.1
2025-10-23,Agra,0.0,31.6,21.3
2025-10-24,Agra,0.0,30.7,19.0
2025-10-25,Agra,0.0,30.7,18.7
2025-10-26,Agra,0.0,30.1,19.8
2025-10-27,Agra,2.9,25.6,20.7
2025-10-28,Agra,11.6,21.5,19.3
2025-10-29,Agra,0.5,28.2,19.2
2025-10-30,Agra,5.0,27.2,21.0
2025-10-31,Agra,0.5,26.2,20.9
2025-11-01,Agra,0.0,29.9,20.9
2025-11-02,Agra,0.0,29.7,20.3
2025-11-03,Agra,0.0,30.6,17.7
2025-11-04,Agra,0.2,27.0,18.5
2025-11-05,Agra,0.0,29.9,18.8
2025-11-06,Agra,0.0,25.9,16.9
2025-11-07,Agra,0.0,26.4,14.1
2025-11-08,Agra,0.0,26.0,13.2
2025-11-09,Agra,0.0,25.7,12.3
2025-11-10,Agra,0.0,26.4,12.1
2025-11-11,Agra,0.0,26.1,12.7
2025-11-12,Agra,0.0,26.7,12.7
2025-11-13,Agra,0.0,26.0,12.4
2025-11-14,Agra,0.0,25.4,11.9
2025-11-15,Agra,0.0,25.4,11.7
2025-11-16,Agra,0.0,25.4,12.1
2025-11-17,Agra,0.0,24.9,11.4
2025-11-18,Agra,0.0,24.4,11.6
2025-11-19,Agra,0.0,24.7,11.6
2025-11-20,Agra,0.0,24.5,12.7
2025-11-21,Agra,0.0,24.9,12.8
2025-11-22,Agra,0.0,25.3,12.8
2025-11-23,Agra,0.0,25.2,12.5
2025-11-24,Agra,0.0,24.2,11.7
2025-11-25,Agra,0.0,23.3,11.4
2025-11-26,Agra,0.0,22.6,10.5
2025-11-27,Agra,0.0,23.0,11.2
2025-11-28,Agra,0.0,23.1,10.5
2025-11-29,Agra,0.0,24.8,12.6
2025-11-30,Agra,0.0,24.1,12.6
2025-12-01,Agra,0.0,24.0,11.2
2025-12-02,Agra,0.0,25.0,13.2
2025-12-03,Agra,0.0,22.5,12.9
2025-12-04,Agra,0.0,21.7,9.6
2025-12-05,Agra,0.0,21.4,8.4
2025-12-06,Agra,0.0,22.0,9.0
2025-12-07,Agra,0.0,22.8,10.2
2025-12-08,Agra,0.0,23.9,10.7
2025-12-09,Agra,0.0,24.0,10.6
2025-12-10,Agra,0.0,23.7,10.8
2025-12-11,Agra,0.0,24.5,9.7
2025-12-12,Agra,0.0,23.6,10.0
2025-12-13,Agra,0.0,23.4,9.8
2025-12-14,Agra,0.0,22.0,10.1
2025-12-15,Agra,0.0,21.3,9.8
2025-12-16,Agra,0.0,22.6,9.5
2025-12-17,Agra,0.0,22.7,10.3
2025-12-18,Agra,0.0,21.9,10.9
2025-12-19,Agra,0.0,21.0,10.6
2025-12-20,Agra,0.0,19.9,8.1
2025-12-21,Agra,0.0,18.9,10.0
2025-12-22,Agra,0.0,18.5,10.6
2025-12-23,Agra,0.0,22.7,10.1
2025-12-24,Agra,0.0,20.9,12.3
2025-12-25,Agra,0.0,20.7,8.6
2025-12-26,Agra,0.0,20.4,8.6
2025-12-27,Agra,0.0,19.9,8.7
2025-12-28,Agra,0.0,20.2,8.9
2025-12-29,Agra,0.0,18.6,9.3
2025-12-30,Agra,0.0,19.2,8.5
2025-12-31,Agra,0.0,19.9,9.0
2019-01-01,Kolar,0.0,26.0,11.7
2019-01-02,Kolar,0.0,25.7,10.6
2019-01-03,Kolar,0.0,27.0,10.7
2019-01-04,Kolar,0.0,26.3,12.2
2019-01-05,Kolar,0.0,25.6,11.1
2019-01-06,Kolar,0.0,26.3,12.3
2019-01-07,Kolar,0.0,26.5,12.3
2019-01-08,Kolar,0.0,27.7,13.0
2019-01-09,Kolar,0.0,28.2,12.4
2019-01-10,Kolar,0.0,27.6,12.4
2019-01-11,Kolar,0.0,27.7,14.9
2019-01-12,Kolar,0.0,27.6,15.6
2019-01-13,Kolar,0.0,28.2,15.2
2019-01-14,Kolar,0.0,27.9,13.7
2019-01-15,Kolar,0.0,27.4,11.4
2019-01-16,Kolar,0.0,27.6,12.6
2019-01-17,Kolar,0.0,27.8,14.8
2019-01-18,Kolar,0.0,27.3,16.5
2019-01-19,Kolar,0.0,28.1,13.7
2019-01-20,Kolar,0.0,27.4,12.1
2019-01-21,Kolar,0.0,28.4,13.1
2019-01-22,Kolar,0.0,28.3,14.0
2019-01-23,Kolar,0.0,28.7,16.3
2019-01-24,Kolar,0.0,29.1,17.4
2019-01-25,Kolar,0.0,28.3,16.4
2019-01-26,Kolar,0.2,27.9,18.3
2019-01-27,Kolar,2.5,26.5,18.4
2019-01-28,Kolar,10.1,24.6,17.6
2019-01-29,Kolar,3.2,25.9,16.7
2019-01-30,Kolar,0.0,26.0,15.3
2019-01-31,Kolar,0.0,25.8,15.7
2019-02-01,Kolar,0.0,26.3,15.5
2019-02-02,Kolar,0.0,27.3,16.2
2019-02-03,Kolar,0.0,28.2,15.7
2019-02-04,Kolar,0.0,28.1,15.7
2019-02-05,Kolar,0.0,28.4,17.7
2019-02-06,Kolar,0.0,29.3,16.1
2019-02-07,Kolar,0.0,30.5,17.0
2019-02-08,Kolar,0.0,31.4,17.6
2019-02-09,Kolar,5.8,29.1,18.9
2019-02-10,Kolar,0.2,28.4,19.7
2019-02-11,Kolar,0.3,28.1,18.8
2019-02-12,Kolar,0.0,27.8,17.0
2019-02-13,Kolar,0.0,28.1,15.3
2019-02-14,Kolar,0.0,29.4,14.9
2019-02-15,Kolar,0.0,29.0,17.4
2019-02-16,Kolar,0.0,31.0,18.6
2019-02-17,Kolar,0.0,32.0,19.5
2019-02-18,Kolar,0.0,32.0,19.3
2019-02-19,Kolar,0.4,30.2,21.2
2019-02-20,Kolar,0.0,30.7,19.0
2019-02-21,Kolar,0.0,30.0,16.8
2019-02-22,Kolar,0.0,31.1,15.7
2019-02-23,Kolar,0.0,32.6,15.1
2019-02-24,Kolar,0.0,32.7,16.3
2019-02-25,Kolar,0.0,33.2,16.4
2019-02-26,Kolar,0.0,34.0,18.4
2019-02-27,Kolar,0.0,33.5,19.5
2019-02-28,Kolar,0.0,32.7,19.7
2019-03-01,Kolar,0.0,32.3,20.7
2019-03-02,Kolar,0.1,31.1,19.8
2019-03-03,Kolar,0.0,31.9,18.0
2019-03-04,Kolar,0.0,32.1,19.1
2019-03-05,Kolar,0.1,32.9,21.3
2019-03-06,Kolar,0.0,34.8,22.4
2019-03-07,Kolar,0.0,35.8,20.7
2019-03-08,Kolar,0.0,34.4,20.6
2019-03-09,Kolar,3.2,31.3,21.3
2019-03-10,Kolar,0.0,32.9,20.9
2019-03-11,Kolar,0.0,33.2,20.2
2019-03-12,Kolar,0.0,33.7,19.6
2019-03-13,Kolar,0.0,33.0,19.3
2019-03-14,Kolar,0.0,33.2,18.5
2019-03-15,Kolar,0.0,33.0,20.1
2019-03-16,Kolar,0.0,31.8,17.3
2019-03-17,Kolar,0.0,32.1,15.9
2019-03-18,Kolar,0.0,33.0,16.1
2019-03-19,Kolar,0.0,33.9,18.3
2019-03-20,Kolar,0.0,33.1,19.8
2019-03-21,Kolar,0.0,34.0,19.5
2019-03-22,Kolar,0.0,34.5,19.4
2019-03-23,Kolar,0.0,34.1,20.4
2019-03-24,Kolar,0.0,34.4,21.5
2019-03-25,Kolar,0.0,34.2,19.6
2019-03-26,Kolar,0.0,34.1,20.1
2019-03-27,Kolar,0.0,35.0,19.7
2019-03-28,Kolar,0.0,35.8,19.1
2019-03-29,Kolar,0.0,34.7,21.0
2019-03-30,Kolar,0.0,35.0,21.3
2019-03-31,Kolar,0.0,35.8,20.9
2019-04-01,Kolar,0.0,35.9,22.4
2019-04-02,Kolar,0.0,34.7,21.4
2019-04-03,Kolar,0.0,33.6,21.4
2019-04-04,Kolar,0.0,34.2,20.5
2019-04-05,Kolar,0.0,35.1,19.8
2019-04-06,Kolar,0.0,35.1,20.5
2019-04-07,Kolar,0.0,36.0,21.4
2019-04-08,Kolar,0.0,34.1,21.6
2019-04-09,Kolar,0.0,34.3,22.5
2019-04-10,Kolar,0.0,34.4,22.2
2019-04-11,Kolar,0.0,34.8,20.7
2019-04-12,Kolar,0.0,35.3,21.3
2019-04-13,Kolar,0.0,35.2,21.1
2019-04-14,Kolar,0.0,35.2,21.4
2019-04-15,Kolar,0.0,35.0,21.3
2019-04-16,Kolar,0.0,35.1,21.5
2019-04-17,Kolar,1.8,34.3,22.6
2019-04-18,Kolar,4.0,34.6,21.5
2019-04-19,Kolar,2.8,34.8,21.1
2019-04-20,Kolar,3.7,32.7,21.0
2019-04-21,Kolar,0.8,32.4,20.6
2019-04-22,Kolar,0.5,32.3,22.5
2019-04-23,Kolar,0.0,32.6,21.3
2019-04-24,Kolar,0.0,33.1,20.6
2019-04-25,Kolar,0.0,34.6,21.3
2019-04-26,Kolar,0.0,34.9,19.7
2019-04-27,Kolar,0.0,35.7,21.7
2019-04-28,Kolar,0.0,34.9,20.6
2019-04-29,Kolar,0.0,34.5,22.1
2019-04-30,Kolar,0.2,34.3,22.1
2019-05-01,Kolar,1.4,34.7,23.0
2019-05-02,Kolar,0.0,36.1,23.2
2019-05-03,Kolar,0.0,35.4,22.0
2019-05-04,Kolar,0.0,34.0,21.8
2019-05-05,Kolar,0.0,34.6,23.5
2019-05-06,Kolar,0.0,34.5,23.5
2019-05-07,Kolar,10.1,33.8,23.8
2019-05-08,Kolar,0.4,33.3,22.2
2019-05-09,Kolar,0.0,34.3,22.3
2019-05-10,Kolar,0.0,34.6,23.5
2019-05-11,Kolar,0.0,34.3,24.7
2019-05-12,Kolar,0.3,34.4,23.5
2019-05-13,Kolar,2.8,33.4,23.0
2019-05-14,Kolar,0.0,34.9,23.7
2019-05-15,Kolar,0.1,34.3,23.4
2019-05-16,Kolar,0.0,34.6,23.5
2019-05-17,Kolar,0.3,33.7,22.7
2019-05-18,Kolar,0.0,34.8,23.4
2019-05-19,Kolar,0.0,35.2,23.3
2019-05-20,Kolar,0.0,35.1,24.1
2019-05-21,Kolar,0.0,34.9,23.6
2019-05-22,Kolar,0.0,34.3,22.5
2019-05-23,Kolar,0.0,34.5,23.1
2019-05-24,Kolar,0.0,34.3,22.2
2019-05-25,Kolar,2.5,34.3,22.5
2019-05-26,Kolar,0.1,34.8,22.4
2019-05-27,Kolar,0.0,34.7,22.2
2019-05-28,Kolar,1.6,32.3,24.3
2019-05-29,Kolar,0.5,34.5,23.8
2019-05-30,Kolar,2.6,34.2,23.4
2019-05-31,Kolar,4.1,33.8,22.2
2019-06-01,Kolar,1.4,32.6,22.0
2019-06-02,Kolar,10.3,31.2,23.1
2019-06-03,Kolar,9.6,32.6,22.4
2019-06-04,Kolar,2.7,32.0,22.2
2019-06-05,Kolar,5.1,31.5,22.0
2019-06-06,Kolar,0.1,32.7,21.7
2019-06-07,Kolar,16.4,33.1,22.2
2019-06-08,Kolar,3.1,31.1,21.8
2019-06-09,Kolar,0.0,32.1,21.9
2019-06-10,Kolar,0.7,30.8,21.6
2019-06-11,Kolar,0.2,30.8,22.2
2019-06-12,Kolar,0.0,29.0,22.3
2019-06-13,Kolar,2.5,28.8,21.8
2019-06-14,Kolar,0.8,29.8,21.6
2019-06-15,Kolar,0.2,31.3,21.3
2019-06-16,Kolar,0.5,31.6,21.3
2019-06-17,Kolar,0.0,31.6,21.4
2019-06-18,Kolar,0.0,30.9,22.5
2019-06-19,Kolar,0.4,31.3,21.4
2019-06-20,Kolar,0.3,30.5,22.1
2019-06-21,Kolar,0.3,31.0,21.0
2019-06-22,Kolar,0.3,29.2,21.9
2019-06-23,Kolar,0.2,29.8,21.7
2019-06-24,Kolar,0.5,31.2,21.0
2019-06-25,Kolar,1.1,30.3,21.5
2019-06-26,Kolar,3.3,29.0,22.0
2019-06-27,Kolar,3.6,29.5,20.9
2019-06-28,Kolar,0.0,31.6,20.6
2019-06-29,Kolar,0.0,31.1,20.9
2019-06-30,Kolar,0.4,30.3,21.8
2019-07-01,Kolar,0.0,30.8,21.3
2019-07-02,Kolar,0.1,31.2,21.8
2019-07-03,Kolar,0.0,29.7,21.6
2019-07-04,Kolar,0.5,31.4,21.7
2019-07-05,Kolar,1.0,29.5,22.0
2019-07-06,Kolar,0.4,29.8,22.0
2019-07-07,Kolar,0.0,31.0,21.7
2019-07-08,Kolar,0.1,31.8,21.2
2019-07-09,Kolar,0.9,31.3,21.7
2019-07-10,Kolar,0.8,28.8,21.8
2019-07-11,Kolar,0.5,30.9,21.3
2019-07-12,Kolar,1.2,30.7,20.4
2019-07-13,Kolar,3.0,31.7,21.2
2019-07-14,Kolar,2.9,31.1,20.6
2019-07-15,Kolar,2.3,30.9,21.0
2019-07-16,Kolar,0.2,30.9,20.9
2019-07-17,Kolar,0.9,30.4,21.4
2019-07-18,Kolar,7.1,31.2,21.3
2019-07-19,Kolar,1.5,27.9,21.0
2019-07-20,Kolar,1.0,29.9,20.6
2019-07-21,Kolar,4.3,29.4,21.0
2019-07-22,Kolar,5.9,26.6,20.7
2019-07-23,Kolar,1.9,26.0,20.0
2019-07-24,Kolar,3.2,29.7,20.5
2019-07-25,Kolar,6.8,29.5,20.5
2019-07-26,Kolar,2.7,26.8,20.8
2019-07-27,Kolar,0.2,28.9,20.3
2019-07-28,Kolar,0.7,27.7,20.6
2019-07-29,Kolar,0.0,26.9,20.6
2019-07-30,Kolar,0.0,28.4,20.5
2019-07-31,Kolar,0.1,29.8,20.0
2019-08-01,Kolar,0.7,30.1,20.1
2019-08-02,Kolar,0.1,27.4,20.9
2019-08-03,Kolar,0.0,30.5,21.4
2019-08-04,Kolar,0.0,30.1,21.2
2019-08-05,Kolar,4.9,25.3,21.5
2019-08-06,Kolar,5.1,25.9,20.8
2019-08-07,Kolar,2.0,29.2,21.5
2019-08-08,Kolar,2.4,29.0,21.9
2019-08-09,Kolar,1.7,28.3,21.5
2019-08-10,Kolar,1.0,25.5,21.7
2019-08-11,Kolar,0.7,27.9,21.0
2019-08-12,Kolar,0.9,29.1,20.6
2019-08-13,Kolar,2.3,29.9,21.0
2019-08-14,Kolar,2.5,29.6,20.9
2019-08-15,Kolar,6.4,28.8,20.9
2019-08-16,Kolar,6.1,29.4,20.7
2019-08-17,Kolar,6.5,25.4,20.3
2019-08-18,Kolar,4.3,28.2,21.1
2019-08-19,Kolar,9.2,29.4,20.6
2019-08-20,Kolar,12.3,28.1,20.5
2019-08-21,Kolar,1.4,27.4,20.4
2019-08-22,Kolar,6.5,27.0,20.8
2019-08-23,Kolar,0.2,27.1,20.6
2019-08-24,Kolar,1.4,26.8,19.8
2019-08-25,Kolar,0.1,28.1,20.9
2019-08-26,Kolar,0.7,28.5,20.4
2019-08-27,Kolar,3.0,28.4,20.2
2019-08-28,Kolar,2.9,29.3,20.1
2019-08-29,Kolar,3.0,29.9,20.4
2019-08-30,Kolar,0.4,28.3,20.4
2019-08-31,Kolar,0.8,28.1,20.5
2019-09-01,Kolar,1.1,26.1,20.6
2019-09-02,Kolar,11.9,29.0,20.9
2019-09-03,Kolar,0.7,26.3,21.0
2019-09-04,Kolar,1.7,28.5,21.0
2019-09-05,Kolar,2.9,28.6,20.8
2019-09-06,Kolar,1.2,28.4,20.9
2019-09-07,Kolar,0.6,28.5,21.0
2019-09-08,Kolar,0.9,28.5,21.2
2019-09-09,Kolar,1.0,29.8,20.9
2019-09-10,Kolar,4.5,30.1,20.9
2019-09-11,Kolar,2.5,29.6,20.7
2019-09-12,Kolar,0.6,30.1,20.2
2019-09-13,Kolar,0.9,29.1,20.1
2019-09-14,Kolar,7.5,30.8,20.5
2019-09-15,Kolar,8.0,29.8,20.5
2019-09-16,Kolar,5.2,29.1,20.3
2019-09-17,Kolar,7.3,24.5,20.4
2019-09-18,Kolar,9.8,28.7,20.7
2019-09-19,Kolar,13.7,27.7,20.7
2019-09-20,Kolar,0.4,27.9,20.3
2019-09-21,Kolar,6.9,29.1,20.9
2019-09-22,Kolar,27.3,27.6,20.7
2019-09-23,Kolar,11.4,27.6,20.0
2019-09-24,Kolar,13.6,28.3,20.1
2019-09-25,Kolar,5.5,27.1,20.4
2019-09-26,Kolar,0.7,25.8,20.1
2019-09-27,Kolar,1.2,28.7,20.0
2019-09-28,Kolar,0.6,28.4,20.4
2019-09-29,Kolar,0.2,27.9,19.8
2019-09-30,Kolar,0.6,28.1,20.0
2019-10-01,Kolar,7.5,29.4,20.4
2019-10-02,Kolar,1.1,29.4,19.1
2019-10-03,Kolar,2.9,28.2,20.1
2019-10-04,Kolar,20.9,28.6,19.9
2019-10-05,Kolar,4.8,27.9,19.1
2019-10-06,Kolar,3.5,27.4,18.6
2019-10-07,Kolar,7.9,28.0,20.0
2019-10-08,Kolar,3.7,27.6,19.1
2019-10-09,Kolar,1.9,27.3,19.5
2019-10-10,Kolar,2.6,27.2,19.8
2019-10-11,Kolar,1.2,28.0,19.5
2019-10-12,Kolar,1.0,28.4,20.0
2019-10-13,Kolar,8.0,28.0,20.6
2019-10-14,Kolar,2.2,28.7,19.7
2019-10-15,Kolar,6.4,26.8,20.7
2019-10-16,Kolar,9.4,25.7,20.5
2019-10-17,Kolar,3.7,25.7,19.6
2019-10-18,Kolar,3.4,26.9,20.0
2019-10-19,Kolar,1.6,26.6,19.8
2019-10-20,Kolar,4.9,26.6,20.2
2019-10-21,Kolar,9.2,25.8,20.2
2019-10-22,Kolar,9.8,24.2,19.7
2019-10-23,Kolar,6.1,26.0,19.9
2019-10-24,Kolar,4.1,27.0,20.2
2019-10-25,Kolar,1.3,27.4,20.0
2019-10-26,Kolar,2.0,27.0,19.2
2019-10-27,Kolar,2.8,27.0,18.5
2019-10-28,Kolar,2.9,27.0,19.4
2019-10-29,Kolar,3.0,24.6,19.2
2019-10-30,Kolar,32.4,22.9,19.8
2019-10-31,Kolar,6.3,25.1,19.9
2019-11-01,Kolar,1.0,26.4,19.0
2019-11-02,Kolar,0.9,27.0,20.2
2019-11-03,Kolar,0.3,27.3,19.4
2019-11-04,Kolar,0.0,28.0,17.8
2019-11-05,Kolar,0.1,28.6,18.0
2019-11-06,Kolar,0.9,28.0,18.1
2019-11-07,Kolar,1.3,28.2,19.0
2019-11-08,Kolar,2.8,28.0,19.6
2019-11-09,Kolar,1.7,28.3,20.2
2019-11-10,Kolar,0.4,28.2,18.7
2019-11-11,Kolar,0.3,28.3,19.1
2019-11-12,Kolar,0.0,27.6,18.2
2019-11-13,Kolar,0.0,27.5,18.1
2019-11-14,Kolar,3.8,25.9,18.4
2019-11-15,Kolar,3.2,27.2,19.7
2019-11-16,Kolar,1.1,27.1,19.7
2019-11-17,Kolar,0.0,28.6,18.4
2019-11-18,Kolar,2.4,26.9,19.3
2019-11-19,Kolar,0.6,28.4,19.8
2019-11-20,Kolar,8.6,25.4,20.2
2019-11-21,Kolar,0.9,26.9,19.8
2019-11-22,Kolar,0.0,26.5,18.3
2019-11-23,Kolar,0.0,27.6,16.0
2019-11-24,Kolar,0.0,27.1,16.2
2019-11-25,Kolar,0.1,27.7,16.9
2019-11-26,Kolar,0.0,26.7,16.7
2019-11-27,Kolar,2.8,26.1,19.9
2019-11-28,Kolar,2.0,25.7,19.9
2019-11-29,Kolar,1.9,26.7,19.4
2019-11-30,Kolar,7.0,25.5,18.5
2019-12-01,Kolar,12.7,22.5,19.7
2019-12-02,Kolar,1.1,24.2,18.9
2019-12-03,Kolar,0.5,23.3,19.0
2019-12-04,Kolar,1.3,24.5,17.4
2019-12-05,Kolar,0.7,24.1,17.0
2019-12-06,Kolar,0.2,25.4,15.9
2019-12-07,Kolar,4.1,23.1,14.3
2019-12-08,Kolar,1.2,23.9,18.5
2019-12-09,Kolar,0.0,24.9,17.5
2019-12-10,Kolar,0.1,24.0,17.3
2019-12-11,Kolar,0.0,25.5,16.0
2019-12-12,Kolar,0.0,26.0,16.1
2019-12-13,Kolar,0.1,25.6,16.8
2019-12-14,Kolar,6.7,23.4,18.6
2019-12-15,Kolar,0.0,25.7,17.9
2019-12-16,Kolar,2.0,24.8,16.7
2019-12-17,Kolar,0.2,26.3,17.5
2019-12-18,Kolar,0.3,25.4,15.8
2019-12-19,Kolar,0.1,26.0,17.0
2019-12-20,Kolar,0.0,26.1,15.7
2019-12-21,Kolar,0.0,26.3,18.2
2019-12-22,Kolar,0.0,25.3,17.4
2019-12-23,Kolar,0.0,26.4,16.2
2019-12-24,Kolar,1.0,25.3,17.7
2019-12-25,Kolar,0.2,24.1,18.7
2019-12-26,Kolar,0.0,27.6,18.2
2019-12-27,Kolar,0.0,27.7,18.1
2019-12-28,Kolar,0.0,25.1,16.5
2019-12-29,Kolar,0.0,26.1,17.2
2019-12-30,Kolar,0.1,24.7,17.1
2019-12-31,Kolar,0.5,25.5,17.9
2020-01-01,Kolar,0.8,26.0,18.5
2020-01-02,Kolar,2.0,25.8,19.2
2020-01-03,Kolar,0.0,28.0,18.9
2020-01-04,Kolar,0.1,28.8,19.2
2020-01-05,Kolar,0.1,28.3,19.9
2020-01-06,Kolar,2.1,26.0,19.3
2020-01-07,Kolar,0.4,25.5,18.2
2020-01-08,Kolar,0.0,26.7,17.9
2020-01-09,Kolar,0.0,28.3,17.9
2020-01-10,Kolar,0.0,26.4,16.2
2020-01-11,Kolar,0.0,25.9,15.7
2020-01-12,Kolar,0.0,25.6,15.5
2020-01-13,Kolar,0.0,27.9,17.4
2020-01-14,Kolar,0.0,28.2,16.3
2020-01-15,Kolar,0.0,25.8,15.4
2020-01-16,Kolar,0.0,26.8,14.9
2020-01-17,Kolar,0.0,28.2,16.2
2020-01-18,Kolar,1.0,26.1,18.4
2020-01-19,Kolar,0.0,27.7,18.5
2020-01-20,Kolar,0.0,29.1,17.1
2020-01-21,Kolar,0.0,27.9,16.0
2020-01-22,Kolar,0.0,27.5,15.8
2020-01-23,Kolar,0.0,27.7,17.2
2020-01-24,Kolar,0.0,29.0,16.1
2020-01-25,Kolar,0.0,28.7,13.1
2020-01-26,Kolar,0.0,30.5,14.4
2020-01-27,Kolar,0.0,30.1,15.4
2020-01-28,Kolar,0.0,30.4,16.9
2020-01-29,Kolar,0.0,31.1,18.1
2020-01-30,Kolar,0.0,31.2,16.5
2020-01-31,Kolar,0.0,30.3,17.4
2020-02-01,Kolar,0.0,28.6,17.5
2020-02-02,Kolar,0.0,27.6,17.7
2020-02-03,Kolar,0.0,28.3,15.5
2020-02-04,Kolar,0.0,27.7,16.3
2020-02-05,Kolar,0.1,27.9,18.0
2020-02-06,Kolar,0.0,29.0,15.7
2020-02-07,Kolar,0.0,28.6,16.9
2020-02-08,Kolar,0.0,29.2,17.6
2020-02-09,Kolar,0.7,26.2,18.1
2020-02-10,Kolar,0.7,27.9,18.1
2020-02-11,Kolar,0.0,27.9,16.2
2020-02-12,Kolar,0.0,27.8,17.6
2020-02-13,Kolar,0.0,29.4,18.2
2020-02-14,Kolar,0.0,29.8,15.9
2020-02-15,Kolar,0.0,30.4,15.5
2020-02-16,Kolar,0.0,29.9,15.3
2020-02-17,Kolar,0.0,29.6,14.5
2020-02-18,Kolar,0.0,29.1,14.5
2020-02-19,Kolar,0.0,29.1,14.8
2020-02-20,Kolar,0.0,28.8,15.8
2020-02-21,Kolar,0.0,29.5,15.6
2020-02-22,Kolar,0.0,28.5,18.2
2020-02-23,Kolar,0.0,28.6,17.8
2020-02-24,Kolar,0.0,29.0,17.6
2020-02-25,Kolar,0.0,30.3,18.0
2020-02-26,Kolar,0.0,29.6,18.6
2020-02-27,Kolar,0.0,29.3,18.8
2020-02-28,Kolar,0.0,29.4,18.0
2020-02-29,Kolar,0.0,30.1,17.6
2020-03-01,Kolar,0.0,29.1,18.3
2020-03-02,Kolar,0.0,29.6,17.3
2020-03-03,Kolar,0.1,30.6,17.9
2020-03-04,Kolar,0.4,30.3,19.6
2020-03-05,Kolar,1.1,29.8,19.4
2020-03-06,Kolar,2.1,29.5,20.2
2020-03-07,Kolar,2.1,29.6,19.3
2020-03-08,Kolar,1.2,29.5,20.4
2020-03-09,Kolar,1.0,29.4,19.1
2020-03-10,Kolar,0.0,31.5,18.9
2020-03-11,Kolar,0.0,32.0,19.3
2020-03-12,Kolar,0.0,32.4,19.8
2020-03-13,Kolar,0.0,31.8,17.2
2020-03-14,Kolar,0.0,31.9,17.4
2020-03-15,Kolar,0.0,32.0,19.4
2020-03-16,Kolar,0.0,31.8,19.4
2020-03-17,Kolar,0.0,31.8,18.1
2020-03-18,Kolar,0.0,33.2,17.5
2020-03-19,Kolar,0.0,33.5,18.6
2020-03-20,Kolar,0.9,32.1,20.3
2020-03-21,Kolar,0.0,32.6,20.0
2020-03-22,Kolar,0.3,30.2,20.2
2020-03-23,Kolar,0.5,31.2,20.2
2020-03-24,Kolar,0.0,33.2,19.7
2020-03-25,Kolar,0.0,32.1,18.5
2020-03-26,Kolar,0.0,32.5,18.7
2020-03-27,Kolar,0.0,32.3,18.6
2020-03-28,Kolar,0.0,33.1,17.1
2020-03-29,Kolar,0.0,33.2,17.7
2020-03-30,Kolar,0.0,33.4,18.1
2020-03-31,Kolar,0.0,33.2,17.4
2020-04-01,Kolar,0.0,33.9,18.5
2020-04-02,Kolar,0.0,34.4,19.9
2020-04-03,Kolar,0.0,34.1,20.1
2020-04-04,Kolar,0.0,34.4,18.9
2020-04-05,Kolar,0.0,34.4,20.0
2020-04-06,Kolar,0.3,34.1,21.7
2020-04-07,Kolar,1.8,32.8,21.6
2020-04-08,Kolar,1.8,32.3,21.8
2020-04-09,Kolar,1.3,31.3,21.7
2020-04-10,Kolar,0.0,32.0,21.4
2020-04-11,Kolar,0.0,31.9,20.1
2020-04-12,Kolar,0.0,32.8,18.2
2020-04-13,Kolar,0.0,33.5,20.0
2020-04-14,Kolar,0.0,33.5,17.9
2020-04-15,Kolar,0.0,33.9,17.3
2020-04-16,Kolar,0.0,33.7,19.7
2020-04-17,Kolar,0.0,33.9,20.7
2020-04-18,Kolar,0.0,34.0,21.0
2020-04-19,Kolar,0.0,33.9,21.2
2020-04-20,Kolar,0.0,33.2,20.0
2020-04-21,Kolar,0.0,34.3,19.6
2020-04-22,Kolar,0.0,34.0,21.0
2020-04-23,Kolar,0.0,35.3,22.2
2020-04-24,Kolar,2.2,33.1,22.8
2020-04-25,Kolar,10.1,33.1,23.4
2020-04-26,Kolar,0.2,32.8,21.8
2020-04-27,Kolar,6.0,33.2,22.8
2020-04-28,Kolar,3.6,31.8,22.6
2020-04-29,Kolar,10.3,28.9,20.8
2020-04-30,Kolar,0.0,32.3,19.9
2020-05-01,Kolar,0.0,33.1,21.3
2020-05-02,Kolar,0.6,33.2,21.7
2020-05-03,Kolar,0.0,34.0,22.3
2020-05-04,Kolar,0.0,34.1,22.3
2020-05-05,Kolar,0.0,34.2,22.0
2020-05-06,Kolar,0.0,34.8,22.4
2020-05-07,Kolar,0.0,34.1,22.4
2020-05-08,Kolar,0.0,33.5,22.8
2020-05-09,Kolar,0.0,33.8,22.2
2020-05-10,Kolar,0.0,34.3,21.1
2020-05-11,Kolar,0.0,33.2,21.3
2020-05-12,Kolar,0.0,33.4,21.5
2020-05-13,Kolar,0.1,32.4,21.1
2020-05-14,Kolar,0.0,33.8,21.2
2020-05-15,Kolar,0.0,34.2,21.2
2020-05-16,Kolar,0.3,32.9,21.9
2020-05-17,Kolar,2.0,34.1,22.1
2020-05-18,Kolar,5.2,32.9,23.2
2020-05-19,Kolar,0.0,32.3,22.6
2020-05-20,Kolar,0.0,33.8,22.3
2020-05-21,Kolar,0.0,34.2,21.9
2020-05-22,Kolar,0.0,34.2,22.5
2020-05-23,Kolar,0.0,36.2,22.9
2020-05-24,Kolar,0.0,34.2,23.0
2020-05-25,Kolar,0.0,34.1,21.9
2020-05-26,Kolar,0.1,34.1,22.7
2020-05-27,Kolar,0.0,33.9,22.9
2020-05-28,Kolar,0.5,34.5,22.8
2020-05-29,Kolar,2.7,34.2,22.3
2020-05-30,Kolar,1.0,32.0,22.4
2020-05-31,Kolar,0.1,32.2,22.5
2020-06-01,Kolar,10.9,31.4,21.8
2020-06-02,Kolar,5.5,29.6,21.5
2020-06-03,Kolar,0.2,30.8,21.6
2020-06-04,Kolar,1.8,30.2,21.4
2020-06-05,Kolar,5.4,30.4,21.3
2020-06-06,Kolar,4.8,30.0,20.9
2020-06-07,Kolar,0.8,28.7,21.2
2020-06-08,Kolar,0.2,30.7,21.3
2020-06-09,Kolar,0.0,31.5,21.7
2020-06-10,Kolar,0.2,28.4,22.3
2020-06-11,Kolar,6.2,27.8,21.4
2020-06-12,Kolar,0.2,26.6,21.0
2020-06-13,Kolar,0.0,30.2,20.7
2020-06-14,Kolar,0.4,30.2,21.5
2020-06-15,Kolar,0.1,29.9,22.3
2020-06-16,Kolar,0.0,29.8,21.7
2020-06-17,Kolar,0.0,28.0,21.7
2020-06-18,Kolar,0.0,28.7,21.7
2020-06-19,Kolar,2.1,31.7,21.2
2020-06-20,Kolar,1.6,31.0,20.9
2020-06-21,Kolar,1.3,31.0,21.2
2020-06-22,Kolar,1.0,31.0,20.8
2020-06-23,Kolar,5.0,31.8,20.7
2020-06-24,Kolar,10.2,30.6,21.4
2020-06-25,Kolar,16.0,29.9,20.7
2020-06-26,Kolar,8.0,29.5,20.7
2020-06-27,Kolar,2.2,28.8,21.0
2020-06-28,Kolar,20.1,29.4,21.4
2020-06-29,Kolar,10.0,29.0,21.1
2020-06-30,Kolar,7.5,28.9,20.7
2020-07-01,Kolar,0.9,29.1,20.9
2020-07-02,Kolar,2.4,25.9,21.4
2020-07-03,Kolar,15.3,28.0,21.2
2020-07-04,Kolar,5.3,27.6,20.7
2020-07-05,Kolar,2.2,27.2,20.9
2020-07-06,Kolar,1.3,27.4,20.8
2020-07-07,Kolar,1.1,28.5,20.9
2020-07-08,Kolar,3.9,28.0,20.9
2020-07-09,Kolar,19.1,27.4,20.1
2020-07-10,Kolar,12.0,25.6,20.3
2020-07-11,Kolar,1.0,28.4,19.9
2020-07-12,Kolar,3.7,28.9,20.5
2020-07-13,Kolar,7.6,27.6,20.6
2020-07-14,Kolar,7.7,26.8,20.7
2020-07-15,Kolar,4.8,27.6,20.6
2020-07-16,Kolar,3.1,27.4,20.4
2020-07-17,Kolar,0.5,26.2,20.4
2020-07-18,Kolar,16.0,28.1,20.3
2020-07-19,Kolar,6.8,27.8,20.6
2020-07-20,Kolar,5.8,27.9,20.1
2020-07-21,Kolar,1.6,28.3,20.6
2020-07-22,Kolar,0.0,29.5,21.1
2020-07-23,Kolar,11.6,28.5,20.9
2020-07-24,Kolar,8.8,27.2,20.5
2020-07-25,Kolar,13.0,28.7,20.2
2020-07-26,Kolar,2.5,28.0,20.4
2020-07-27,Kolar,0.2,28.2,19.9
2020-07-28,Kolar,6.0,27.5,20.6
2020-07-29,Kolar,10.4,26.6,20.4
2020-07-30,Kolar,3.6,28.0,20.4
2020-07-31,Kolar,8.2,28.7,20.2
2020-08-01,Kolar,1.2,27.9,20.8
2020-08-02,Kolar,4.1,25.9,20.5
2020-08-03,Kolar,2.2,25.7,20.8
2020-08-04,Kolar,2.7,25.9,21.1
2020-08-05,Kolar,0.2,26.9,21.3
2020-08-06,Kolar,0.7,27.5,21.4
2020-08-07,Kolar,1.6,26.0,21.7
2020-08-08,Kolar,2.6,27.0,21.1
2020-08-09,Kolar,3.9,24.9,20.7
2020-08-10,Kolar,1.8,26.1,20.2
2020-08-11,Kolar,1.2,27.5,20.6
2020-08-12,Kolar,0.0,26.9,20.4
2020-08-13,Kolar,0.0,27.9,20.5
2020-08-14,Kolar,0.0,26.7,20.2
2020-08-15,Kolar,0.0,25.8,20.3
2020-08-16,Kolar,1.5,26.8,20.4
2020-08-17,Kolar,0.4,27.9,20.6
2020-08-18,Kolar,0.8,27.1,20.2
2020-08-19,Kolar,0.7,28.1,19.5
2020-08-20,Kolar,0.3,27.0,20.4
2020-08-21,Kolar,0.8,28.3,19.8
2020-08-22,Kolar,2.7,29.1,19.7
2020-08-23,Kolar,7.2,28.6,20.8
2020-08-24,Kolar,9.6,26.3,20.8
2020-08-25,Kolar,0.0,29.2,20.7
2020-08-26,Kolar,0.4,28.6,20.7
2020-08-27,Kolar,0.4,28.7,20.2
2020-08-28,Kolar,0.0,29.3,19.4
2020-08-29,Kolar,0.2,29.9,19.9
2020-08-30,Kolar,5.1,30.1,20.7
2020-08-31,Kolar,22.1,28.7,20.7
2020-09-01,Kolar,13.9,27.1,20.5
2020-09-02,Kolar,19.4,27.0,20.5
2020-09-03,Kolar,10.7,28.2,19.4
2020-09-04,Kolar,2.2,28.2,20.6
2020-09-05,Kolar,2.9,27.9,21.0
2020-09-06,Kolar,9.9,28.6,21.3
2020-09-07,Kolar,7.6,28.6,20.8
2020-09-08,Kolar,7.9,28.7,20.8
2020-09-09,Kolar,27.9,28.5,20.1
2020-09-10,Kolar,12.3,27.4,20.6
2020-09-11,Kolar,1.0,26.2,20.4
2020-09-12,Kolar,6.5,24.8,20.5
2020-09-13,Kolar,12.2,23.3,20.0
2020-09-14,Kolar,5.5,25.5,20.0
2020-09-15,Kolar,3.4,26.5,19.6
2020-09-16,Kolar,5.2,27.5,19.9
2020-09-17,Kolar,0.3,27.9,20.0
2020-09-18,Kolar,6.9,26.9,20.4
2020-09-19,Kolar,6.0,24.5,20.4
2020-09-20,Kolar,13.6,23.6,20.3
2020-09-21,Kolar,4.5,24.3,20.6
2020-09-22,Kolar,0.0,27.7,20.4
2020-09-23,Kolar,0.0,28.1,18.9
2020-09-24,Kolar,0.0,28.8,19.2
2020-09-25,Kolar,13.8,27.6,20.4
2020-09-26,Kolar,3.4,25.8,20.3
2020-09-27,Kolar,2.4,26.3,20.0
2020-09-28,Kolar,3.6,27.4,19.5
2020-09-29,Kolar,14.2,27.5,20.1
2020-09-30,Kolar,6.1,25.4,20.1
2020-10-01,Kolar,0.0,26.7,19.7
2020-10-02,Kolar,2.0,27.9,19.8
2020-10-03,Kolar,0.5,27.9,20.4
2020-10-04,Kolar,0.9,27.9,20.0
2020-10-05,Kolar,0.8,27.9,19.6
2020-10-06,Kolar,0.2,28.8,19.8
2020-10-07,Kolar,0.4,28.8,20.2
2020-10-08,Kolar,0.1,30.0,19.3
2020-10-09,Kolar,6.5,29.2,20.7
2020-10-10,Kolar,15.0,28.3,20.0
2020-10-11,Kolar,11.3,24.9,19.9
2020-10-12,Kolar,6.7,24.9,20.0
2020-10-13,Kolar,1.6,26.4,20.4
2020-10-14,Kolar,0.0,26.1,19.5
2020-10-15,Kolar,0.4,28.2,19.4
2020-10-16,Kolar,1.1,27.9,19.4
2020-10-17,Kolar,0.5,27.6,18.7
2020-10-18,Kolar,1.4,27.2,20.3
2020-10-19,Kolar,4.4,26.2,20.5
2020-10-20,Kolar,3.7,25.5,20.4
2020-10-21,Kolar,4.5,24.8,20.4
2020-10-22,Kolar,8.8,27.1,19.9
2020-10-23,Kolar,14.5,27.7,20.0
2020-10-24,Kolar,1.4,27.0,17.6
2020-10-25,Kolar,0.6,27.3,19.6
2020-10-26,Kolar,0.0,28.3,19.3
2020-10-27,Kolar,0.1,27.4,17.5
2020-10-28,Kolar,0.0,27.7,17.3
2020-10-29,Kolar,0.2,26.2,16.9
2020-10-30,Kolar,0.0,27.5,17.6
2020-10-31,Kolar,1.0,27.6,18.1
2020-11-01,Kolar,0.1,28.1,18.6
2020-11-02,Kolar,0.0,29.3,19.2
2020-11-03,Kolar,0.1,28.4,18.6
2020-11-04,Kolar,2.2,28.5,18.9
2020-11-05,Kolar,5.4,28.1,18.8
2020-11-06,Kolar,0.9,27.5,20.2
2020-11-07,Kolar,1.5,27.2,19.9
2020-11-08,Kolar,1.4,27.6,19.6
2020-11-09,Kolar,0.0,27.1,17.1
2020-11-10,Kolar,0.0,26.9,13.9
2020-11-11,Kolar,0.0,27.7,14.0
2020-11-12,Kolar,8.1,27.9,19.0
2020-11-13,Kolar,4.9,26.1,20.0
2020-11-14,Kolar,0.4,27.4,19.6
2020-11-15,Kolar,17.6,26.0,18.5
2020-11-16,Kolar,39.2,23.4,19.9
2020-11-17,Kolar,2.8,25.5,19.8
2020-11-18,Kolar,0.9,26.2,19.3
2020-11-19,Kolar,0.8,25.9,19.0
2020-11-20,Kolar,0.0,26.6,16.8
2020-11-21,Kolar,0.0,26.4,14.6
2020-11-22,Kolar,0.0,26.6,13.9
2020-11-23,Kolar,0.2,26.3,14.9
2020-11-24,Kolar,0.7,26.3,18.7
2020-11-25,Kolar,4.2,23.2,18.0
2020-11-26,Kolar,80.9,20.1,18.6
2020-11-27,Kolar,1.2,21.3,17.5
2020-11-28,Kolar,0.4,24.8,15.7
2020-11-29,Kolar,2.0,25.8,18.8
2020-11-30,Kolar,0.3,25.3,18.3
2020-12-01,Kolar,0.0,24.6,15.6
2020-12-02,Kolar,0.0,25.4,16.2
2020-12-03,Kolar,35.7,21.2,18.0
2020-12-04,Kolar,11.5,21.9,19.4
2020-12-05,Kolar,7.0,23.7,19.5
2020-12-06,Kolar,5.8,24.6,18.5
2020-12-07,Kolar,11.2,25.3,19.2
2020-12-08,Kolar,3.3,24.4,19.4
2020-12-09,Kolar,4.4,24.5,18.6
2020-12-10,Kolar,0.0,24.5,15.5
2020-12-11,Kolar,0.0,24.8,15.8
2020-12-12,Kolar,0.0,24.3,14.8
2020-12-13,Kolar,0.0,24.9,14.0
2020-12-14,Kolar,0.0,24.4,15.8
2020-12-15,Kolar,0.0,24.6,13.2
2020-12-16,Kolar,1.2,23.7,17.7
2020-12-17,Kolar,1.1,24.4,18.7
2020-12-18,Kolar,0.0,25.1,16.9
2020-12-19,Kolar,0.1,24.4,17.6
2020-12-20,Kolar,0.4,24.1,16.7
2020-12-21,Kolar,0.0,23.2,14.4
2020-12-22,Kolar,0.0,24.5,13.5
2020-12-23,Kolar,0.0,25.1,14.6
2020-12-24,Kolar,0.0,25.3,15.4
2020-12-25,Kolar,0.0,24.9,14.4
2020-12-26,Kolar,0.0,24.2,14.3
2020-12-27,Kolar,0.0,26.1,14.6
2020-12-28,Kolar,0.0,25.8,14.2
2020-12-29,Kolar,0.0,26.3,14.5
2020-12-30,Kolar,0.0,27.2,16.6
2020-12-31,Kolar,0.6,23.8,17.5
2021-01-01,Kolar,0.3,24.0,16.4
2021-01-02,Kolar,0.6,24.7,14.2
2021-01-03,Kolar,0.0,25.8,17.1
2021-01-04,Kolar,0.0,24.5,18.3
2021-01-05,Kolar,4.5,23.5,17.7
2021-01-06,Kolar,8.2,23.8,19.1
2021-01-07,Kolar,3.5,23.8,19.3
2021-01-08,Kolar,5.5,25.4,19.3
2021-01-09,Kolar,1.0,24.4,18.6
2021-01-10,Kolar,0.0,24.8,17.7
2021-01-11,Kolar,0.1,23.4,18.3
2021-01-12,Kolar,0.0,25.6,17.0
2021-01-13,Kolar,0.0,25.5,15.6
2021-01-14,Kolar,0.9,25.7,15.0
2021-01-15,Kolar,0.0,25.7,16.6
2021-01-16,Kolar,0.0,26.3,15.7
2021-01-17,Kolar,0.0,26.1,15.5
2021-01-18,Kolar,0.0,24.7,14.2
2021-01-19,Kolar,0.0,25.2,14.0
2021-01-20,Kolar,0.0,27.1,13.9
2021-01-21,Kolar,0.0,28.0,17.3
2021-01-22,Kolar,0.0,27.6,18.6
2021-01-23,Kolar,0.0,26.8,17.4
2021-01-24,Kolar,0.0,26.7,14.7
2021-01-25,Kolar,0.0,26.7,15.2
2021-01-26,Kolar,0.0,27.6,15.1
2021-01-27,Kolar,0.0,27.0,14.0
2021-01-28,Kolar,0.0,26.0,14.8
2021-01-29,Kolar,0.0,27.0,16.7
2021-01-30,Kolar,0.0,28.1,17.0
2021-01-31,Kolar,0.0,27.9,16.8
2021-02-01,Kolar,0.0,27.6,16.1
2021-02-02,Kolar,0.0,27.1,15.7
2021-02-03,Kolar,0.0,26.7,16.9
2021-02-04,Kolar,0.0,26.5,14.0
2021-02-05,Kolar,0.0,27.5,14.6
2021-02-06,Kolar,0.0,28.0,14.0
2021-02-07,Kolar,0.0,27.4,13.3
2021-02-08,Kolar,0.0,27.4,13.5
2021-02-09,Kolar,0.0,26.1,14.9
2021-02-10,Kolar,0.0,27.6,13.5
2021-02-11,Kolar,0.0,27.8,14.0
2021-02-12,Kolar,0.0,28.3,12.2
2021-02-13,Kolar,0.0,28.3,11.8
2021-02-14,Kolar,0.0,29.0,13.8
2021-02-15,Kolar,0.0,30.0,14.7
2021-02-16,Kolar,0.0,29.3,14.9
2021-02-17,Kolar,0.0,29.4,16.1
2021-02-18,Kolar,0.2,28.4,16.2
2021-02-19,Kolar,4.3,27.5,16.7
2021-02-20,Kolar,7.3,24.7,16.9
2021-02-21,Kolar,5.3,22.0,17.6
2021-02-22,Kolar,0.6,25.9,17.3
2021-02-23,Kolar,0.0,28.3,16.3
2021-02-24,Kolar,0.0,28.6,17.0
2021-02-25,Kolar,0.0,30.2,16.8
2021-02-26,Kolar,0.0,31.0,15.9
2021-02-27,Kolar,0.0,31.6,16.8
2021-02-28,Kolar,0.0,31.0,17.3
2021-03-01,Kolar,0.0,30.7,16.0
2021-03-02,Kolar,0.0,30.7,16.7
2021-03-03,Kolar,0.0,30.3,15.8
2021-03-04,Kolar,0.0,29.0,14.4
2021-03-05,Kolar,0.0,30.1,13.5
2021-03-06,Kolar,0.0,32.4,15.2
2021-03-07,Kolar,0.0,32.1,15.5
2021-03-08,Kolar,0.0,30.8,16.8
2021-03-09,Kolar,0.0,30.9,15.7
2021-03-10,Kolar,0.0,30.7,17.9
2021-03-11,Kolar,0.0,30.8,19.3
2021-03-12,Kolar,0.0,30.0,15.6
2021-03-13,Kolar,0.0,30.2,15.8
2021-03-14,Kolar,0.0,30.6,15.6
2021-03-15,Kolar,0.0,31.0,15.8
2021-03-16,Kolar,0.0,32.0,17.4
2021-03-17,Kolar,0.0,31.7,16.6
2021-03-18,Kolar,0.0,31.4,17.2
2021-03-19,Kolar,0.0,31.6,15.9
2021-03-20,Kolar,0.0,31.6,16.3
2021-03-21,Kolar,0.0,32.3,16.8
2021-03-22,Kolar,0.0,32.2,18.0
2021-03-23,Kolar,0.0,32.5,17.7
2021-03-24,Kolar,0.0,32.5,17.4
2021-03-25,Kolar,0.0,33.0,18.3
2021-03-26,Kolar,0.0,33.0,17.7
2021-03-27,Kolar,0.0,33.2,18.8
2021-03-28,Kolar,0.0,33.9,19.4
2021-03-29,Kolar,0.0,34.5,19.6
2021-03-30,Kolar,0.0,34.4,20.4
2021-03-31,Kolar,0.0,35.7,21.6
2021-04-01,Kolar,0.0,35.1,21.6
2021-04-02,Kolar,0.0,34.9,20.7
2021-04-03,Kolar,0.0,34.3,21.0
2021-04-04,Kolar,0.0,33.5,22.2
2021-04-05,Kolar,0.1,32.8,21.8
2021-04-06,Kolar,0.0,33.6,19.1
2021-04-07,Kolar,0.0,33.8,18.8
2021-04-08,Kolar,0.0,34.2,19.0
2021-04-09,Kolar,0.0,33.8,19.2
2021-04-10,Kolar,0.0,32.8,18.4
2021-04-11,Kolar,0.0,32.9,18.9
2021-04-12,Kolar,0.3,32.1,20.5
2021-04-13,Kolar,0.0,32.6,20.1
2021-04-14,Kolar,17.4,29.6,20.9
2021-04-15,Kolar,6.2,27.9,20.0
2021-04-16,Kolar,0.4,30.7,19.0
2021-04-17,Kolar,0.0,33.1,20.4
2021-04-18,Kolar,0.0,32.9,21.3
2021-04-19,Kolar,0.0,33.6,21.7
2021-04-20,Kolar,1.4,32.1,22.3
2021-04-21,Kolar,0.0,32.2,21.5
2021-04-22,Kolar,0.6,32.9,20.5
2021-04-23,Kolar,5.2,32.0,21.3
2021-04-24,Kolar,6.9,31.4,21.2
2021-04-25,Kolar,0.0,33.3,20.7
2021-04-26,Kolar,0.0,33.8,20.5
2021-04-27,Kolar,0.0,33.4,20.8
2021-04-28,Kolar,0.0,33.8,20.7
2021-04-29,Kolar,0.0,33.5,21.4
2021-04-30,Kolar,0.0,33.2,21.0
2021-05-01,Kolar,0.0,33.3,21.1
2021-05-02,Kolar,0.0,33.1,21.1
2021-05-03,Kolar,0.0,32.1,21.7
2021-05-04,Kolar,6.1,31.0,21.5
2021-05-05,Kolar,0.0,33.7,19.9
2021-05-06,Kolar,0.0,33.7,21.4
2021-05-07,Kolar,0.0,33.0,22.0
2021-05-08,Kolar,0.0,33.7,21.7
2021-05-09,Kolar,0.0,33.9,21.6
2021-05-10,Kolar,1.5,32.6,22.8
2021-05-11,Kolar,1.2,33.1,22.8
2021-05-12,Kolar,2.6,33.6,22.0
2021-05-13,Kolar,0.3,34.0,21.5
2021-05-14,Kolar,0.2,33.8,21.3
2021-05-15,Kolar,4.0,27.9,20.9
2021-05-16,Kolar,4.1,27.4,20.6
2021-05-17,Kolar,3.8,32.4,20.5
2021-05-18,Kolar,0.3,32.8,21.2
2021-05-19,Kolar,100.9,32.0,21.0
2021-05-20,Kolar,17.0,31.0,21.7
2021-05-21,Kolar,13.5,28.8,21.6
2021-05-22,Kolar,0.8,27.4,21.1
2021-05-23,Kolar,0.0,30.4,21.3
2021-05-24,Kolar,1.2,30.5,21.6
2021-05-25,Kolar,3.6,30.0,21.9
2021-05-26,Kolar,0.0,30.4,21.0
2021-05-27,Kolar,0.0,31.1,20.3
2021-05-28,Kolar,0.0,31.2,20.1
2021-05-29,Kolar,0.1,31.4,20.7
2021-05-30,Kolar,0.4,31.6,20.9
2021-05-31,Kolar,1.8,32.1,21.4
2021-06-01,Kolar,3.1,32.1,21.3
2021-06-02,Kolar,16.9,30.3,21.4
2021-06-03,Kolar,11.5,29.3,21.2
2021-06-04,Kolar,45.4,29.3,21.4
2021-06-05,Kolar,13.8,26.7,20.4
2021-06-06,Kolar,0.7,28.3,20.0
2021-06-07,Kolar,0.1,29.7,20.4
2021-06-08,Kolar,0.0,30.1,20.7
2021-06-09,Kolar,1.4,29.5,20.3
2021-06-10,Kolar,0.4,29.5,20.3
2021-06-11,Kolar,0.0,29.3,20.8
2021-06-12,Kolar,0.9,29.4,21.3
2021-06-13,Kolar,2.0,28.1,21.1
2021-06-14,Kolar,1.1,26.1,21.3
2021-06-15,Kolar,1.7,27.2,20.8
2021-06-16,Kolar,1.4,28.6,20.9
2021-06-17,Kolar,0.3,28.7,21.0
2021-06-18,Kolar,0.5,28.9,21.0
2021-06-19,Kolar,0.0,27.5,20.7
2021-06-20,Kolar,0.2,30.0,20.8
2021-06-21,Kolar,0.0,30.2,20.0
2021-06-22,Kolar,0.0,30.4,20.7
2021-06-23,Kolar,0.7,30.8,21.3
2021-06-24,Kolar,0.3,30.6,21.1
2021-06-25,Kolar,0.0,31.2,20.7
2021-06-26,Kolar,6.8,29.4,21.3
2021-06-27,Kolar,9.0,24.9,20.2
2021-06-28,Kolar,0.0,28.9,19.7
2021-06-29,Kolar,0.8,31.0,20.3
2021-06-30,Kolar,1.7,31.1,22.0
2021-07-01,Kolar,16.0,31.0,21.9
2021-07-02,Kolar,9.8,30.0,21.2
2021-07-03,Kolar,8.2,29.7,21.0
2021-07-04,Kolar,12.3,28.4,20.8
2021-07-05,Kolar,2.8,28.9,20.6
2021-07-06,Kolar,3.1,29.9,20.4
2021-07-07,Kolar,10.0,28.9,20.7
2021-07-08,Kolar,1.0,29.3,20.7
2021-07-09,Kolar,10.5,27.9,20.7
2021-07-10,Kolar,2.7,26.3,20.6
2021-07-11,Kolar,0.0,27.0,20.5
2021-07-12,Kolar,1.5,27.2,20.5
2021-07-13,Kolar,4.0,27.4,21.1
2021-07-14,Kolar,8.2,25.1,20.5
2021-07-15,Kolar,13.1,25.2,19.6
2021-07-16,Kolar,12.4,26.3,20.2
2021-07-17,Kolar,14.4,27.2,20.5
2021-07-18,Kolar,7.6,23.2,20.4
2021-07-19,Kolar,0.5,27.9,20.4
2021-07-20,Kolar,1.0,27.4,20.0
2021-07-21,Kolar,1.8,26.4,20.7
2021-07-22,Kolar,9.9,24.2,20.3
2021-07-23,Kolar,4.9,26.4,20.0
2021-07-24,Kolar,1.3,28.3,20.5
2021-07-25,Kolar,0.7,28.8,21.1
2021-07-26,Kolar,0.3,28.1,20.4
2021-07-27,Kolar,0.1,28.6,19.8
2021-07-28,Kolar,0.0,28.7,20.1
2021-07-29,Kolar,0.3,28.1,20.3
2021-07-30,Kolar,0.2,28.9,20.3
2021-07-31,Kolar,0.6,29.0,20.1
2021-08-01,Kolar,0.1,28.7,20.3
2021-08-02,Kolar,1.0,29.2,19.5
2021-08-03,Kolar,0.1,29.0,20.1
2021-08-04,Kolar,1.2,29.1,20.6
2021-08-05,Kolar,1.3,28.7,19.9
2021-08-06,Kolar,0.7,29.4,20.6
2021-08-07,Kolar,1.9,29.4,20.3
2021-08-08,Kolar,1.5,29.7,20.3
2021-08-09,Kolar,1.9,29.8,20.7
2021-08-10,Kolar,0.6,28.6,20.7
2021-08-11,Kolar,1.2,29.3,20.9
2021-08-12,Kolar,2.8,28.5,21.0
2021-08-13,Kolar,1.6,29.0,20.2
2021-08-14,Kolar,0.0,29.0,20.0
2021-08-15,Kolar,0.7,27.9,19.8
2021-08-16,Kolar,0.0,28.2,20.3
2021-08-17,Kolar,0.4,27.7,20.6
2021-08-18,Kolar,0.4,29.6,20.1
2021-08-19,Kolar,0.0,28.3,20.7
2021-08-20,Kolar,0.0,29.6,20.5
2021-08-21,Kolar,5.1,29.3,20.9
2021-08-22,Kolar,7.7,29.2,19.6
2021-08-23,Kolar,10.0,28.6,19.2
2021-08-24,Kolar,5.4,28.9,19.7
2021-08-25,Kolar,8.2,28.1,20.2
2021-08-26,Kolar,3.3,29.3,20.3
2021-08-27,Kolar,12.6,28.2,20.6
2021-08-28,Kolar,6.2,25.2,20.6
2021-08-29,Kolar,17.4,25.5,20.3
2021-08-30,Kolar,1.0,27.2,20.2
2021-08-31,Kolar,0.0,28.8,19.8
2021-09-01,Kolar,0.4,28.6,20.4
2021-09-02,Kolar,19.1,28.0,20.3
2021-09-03,Kolar,14.6,26.6,20.2
2021-09-04,Kolar,7.5,26.1,20.2
2021-09-05,Kolar,6.7,26.6,20.3
2021-09-06,Kolar,4.2,26.8,20.5
2021-09-07,Kolar,0.9,26.7,20.0
2021-09-08,Kolar,0.2,28.1,20.3
2021-09-09,Kolar,0.2,28.5,19.8
2021-09-10,Kolar,0.0,28.8,19.5
2021-09-11,Kolar,1.6,28.5,20.1
2021-09-12,Kolar,2.4,27.0,20.7
2021-09-13,Kolar,0.2,28.0,20.7
2021-09-14,Kolar,0.0,28.8,21.0
2021-09-15,Kolar,0.4,29.1,19.5
2021-09-16,Kolar,0.7,28.9,19.7
2021-09-17,Kolar,0.9,29.2,20.1
2021-09-18,Kolar,0.1,29.6,19.9
2021-09-19,Kolar,2.6,30.1,21.0
2021-09-20,Kolar,0.9,29.0,20.5
2021-09-21,Kolar,1.9,29.5,20.6
2021-09-22,Kolar,0.0,29.0,20.3
2021-09-23,Kolar,1.5,29.4,20.6
2021-09-24,Kolar,2.3,29.5,20.2
2021-09-25,Kolar,7.5,28.6,20.4
2021-09-26,Kolar,0.1,28.1,20.2
2021-09-27,Kolar,0.5,28.4,20.3
2021-09-28,Kolar,0.1,28.2,20.0
2021-09-29,Kolar,1.0,29.1,19.2
2021-09-30,Kolar,3.2,28.0,20.3
2021-10-01,Kolar,13.6,27.7,19.6
2021-10-02,Kolar,7.3,28.3,20.3
2021-10-03,Kolar,3.1,28.6,20.7
2021-10-04,Kolar,4.4,28.9,20.2
2021-10-05,Kolar,5.6,28.6,20.4
2021-10-06,Kolar,28.2,26.4,20.3
2021-10-07,Kolar,4.4,28.5,19.8
2021-10-08,Kolar,15.5,27.3,20.7
2021-10-09,Kolar,6.5,27.0,19.9
2021-10-10,Kolar,17.3,27.8,20.3
2021-10-11,Kolar,13.0,27.0,20.0
2021-10-12,Kolar,12.0,27.1,20.0
2021-10-13,Kolar,12.9,27.6,19.6
2021-10-14,Kolar,7.4,28.1,19.7
2021-10-15,Kolar,8.4,27.8,19.6
2021-10-16,Kolar,13.9,28.3,19.9
2021-10-17,Kolar,3.7,28.8,19.8
2021-10-18,Kolar,1.4,28.4,20.4
2021-10-19,Kolar,1.0,27.7,20.3
2021-10-20,Kolar,7.1,29.0,20.2
2021-10-21,Kolar,18.9,28.3,19.4
2021-10-22,Kolar,3.1,27.8,18.7
2021-10-23,Kolar,1.7,28.0,19.3
2021-10-24,Kolar,6.0,27.6,18.9
2021-10-25,Kolar,0.2,27.4,18.4
2021-10-26,Kolar,0.6,27.6,18.4
2021-10-27,Kolar,0.0,27.0,17.9
2021-10-28,Kolar,0.0,27.0,16.9
2021-10-29,Kolar,7.7,26.6,18.9
2021-10-30,Kolar,1.7,26.7,19.6
2021-10-31,Kolar,3.5,26.4,19.4
2021-11-01,Kolar,12.0,24.2,19.9
2021-11-02,Kolar,3.4,23.6,19.8
2021-11-03,Kolar,3.6,24.3,19.8
2021-11-04,Kolar,0.9,26.2,19.5
2021-11-05,Kolar,11.7,25.0,18.9
2021-11-06,Kolar,2.0,26.0,19.4
2021-11-07,Kolar,9.2,22.5,19.3
2021-11-08,Kolar,4.7,22.7,18.9
2021-11-09,Kolar,0.1,24.9,18.0
2021-11-10,Kolar,7.6,22.5,17.3
2021-11-11,Kolar,27.0,18.9,17.7
2021-11-12,Kolar,10.6,23.4,18.4
2021-11-13,Kolar,18.3,25.2,19.5
2021-11-14,Kolar,11.4,26.0,19.4
2021-11-15,Kolar,22.5,26.5,19.9
2021-11-16,Kolar,11.6,26.8,20.2
2021-11-17,Kolar,6.5,26.2,19.5
2021-11-18,Kolar,68.7,21.2,19.7
2021-11-19,Kolar,26.6,22.1,19.3
2021-11-20,Kolar,15.0,26.2,20.0
2021-11-21,Kolar,12.3,26.4,19.4
2021-11-22,Kolar,4.5,26.4,18.3
2021-11-23,Kolar,1.4,26.7,19.5
2021-11-24,Kolar,3.0,26.3,18.3
2021-11-25,Kolar,0.1,25.7,19.1
2021-11-26,Kolar,0.1,24.9,18.2
2021-11-27,Kolar,8.9,21.5,18.6
2021-11-28,Kolar,13.8,23.7,19.9
2021-11-29,Kolar,2.4,23.7,19.5
2021-11-30,Kolar,3.2,25.3,19.2
2021-12-01,Kolar,3.2,25.3,18.6
2021-12-02,Kolar,1.2,25.5,19.4
2021-12-03,Kolar,0.3,26.0,17.7
2021-12-04,Kolar,1.9,26.5,16.9
2021-12-05,Kolar,0.2,26.8,18.4
2021-12-06,Kolar,0.7,25.7,18.0
2021-12-07,Kolar,0.0,26.8,17.4
2021-12-08,Kolar,0.0,26.8,17.2
2021-12-09,Kolar,1.0,26.8,19.8
2021-12-10,Kolar,0.1,26.0,18.2
2021-12-11,Kolar,3.0,25.1,19.0
2021-12-12,Kolar,0.7,25.0,17.9
2021-12-13,Kolar,2.8,24.1,18.7
2021-12-14,Kolar,1.4,24.3,18.4
2021-12-15,Kolar,0.1,24.8,17.6
2021-12-16,Kolar,0.0,25.5,16.4
2021-12-17,Kolar,0.0,25.2,17.2
2021-12-18,Kolar,0.0,24.7,15.3
2021-12-19,Kolar,0.0,23.4,13.5
2021-12-20,Kolar,0.0,23.7,12.4
2021-12-21,Kolar,0.0,24.2,13.1
2021-12-22,Kolar,0.0,25.1,13.4
2021-12-23,Kolar,0.0,25.6,13.3
2021-12-24,Kolar,0.0,25.7,12.2
2021-12-25,Kolar,0.0,26.8,13.0
2021-12-26,Kolar,0.0,26.4,12.9
2021-12-27,Kolar,0.0,25.1,15.4
2021-12-28,Kolar,0.2,25.5,16.0
2021-12-29,Kolar,0.2,26.0,16.6
2021-12-30,Kolar,3.3,24.5,15.7
2021-12-31,Kolar,5.7,24.5,18.1
2022-01-01,Kolar,3.9,25.1,18.2
2022-01-02,Kolar,0.0,25.3,16.2
2022-01-03,Kolar,0.0,25.2,16.2
2022-01-04,Kolar,0.0,25.3,16.2
2022-01-05,Kolar,0.0,25.3,14.1
2022-01-06,Kolar,0.0,26.0,16.9
2022-01-07,Kolar,0.1,26.4,17.6
2022-01-08,Kolar,0.2,26.8,17.7
2022-01-09,Kolar,0.0,26.6,17.7
2022-01-10,Kolar,0.1,26.6,16.6
2022-01-11,Kolar,0.0,27.2,17.2
2022-01-12,Kolar,0.1,27.3,18.0
2022-01-13,Kolar,0.1,28.1,18.0
2022-01-14,Kolar,0.1,26.9,17.8
2022-01-15,Kolar,1.3,28.1,17.1
2022-01-16,Kolar,2.2,25.5,18.0
2022-01-17,Kolar,1.0,25.0,17.0
2022-01-18,Kolar,0.0,26.3,16.8
2022-01-19,Kolar,0.0,26.1,16.7
2022-01-20,Kolar,0.0,27.3,13.1
2022-01-21,Kolar,0.0,29.7,14.6
2022-01-22,Kolar,0.0,29.6,14.9
2022-01-23,Kolar,0.0,29.3,15.4
2022-01-24,Kolar,0.0,27.7,14.2
2022-01-25,Kolar,0.0,27.2,15.0
2022-01-26,Kolar,0.6,26.3,16.7
2022-01-27,Kolar,2.2,25.6,17.9
2022-01-28,Kolar,0.4,25.7,17.1
2022-01-29,Kolar,0.2,25.8,15.5
2022-01-30,Kolar,0.0,27.4,17.4
2022-01-31,Kolar,0.0,28.4,18.3
2022-02-01,Kolar,0.0,28.4,18.7
2022-02-02,Kolar,0.0,28.9,15.5
2022-02-03,Kolar,0.0,28.5,15.9
2022-02-04,Kolar,0.0,29.5,16.2
2022-02-05,Kolar,0.0,28.7,17.0
2022-02-06,Kolar,0.3,27.7,19.0
2022-02-07,Kolar,0.1,27.9,18.6
2022-02-08,Kolar,0.0,28.3,15.1
2022-02-09,Kolar,0.0,27.3,15.7
2022-02-10,Kolar,0.0,27.9,15.6
2022-02-11,Kolar,0.0,28.0,14.1
2022-02-12,Kolar,0.0,28.2,15.4
2022-02-13,Kolar,0.0,27.6,15.4
2022-02-14,Kolar,0.0,27.9,16.5
2022-02-15,Kolar,0.0,27.3,17.7
2022-02-16,Kolar,0.0,28.4,16.0
2022-02-17,Kolar,0.0,28.6,14.9
2022-02-18,Kolar,0.0,28.3,15.0
2022-02-19,Kolar,0.0,28.6,15.8
2022-02-20,Kolar,0.0,29.4,15.2
2022-02-21,Kolar,0.0,30.6,15.9
2022-02-22,Kolar,0.0,30.3,17.6
2022-02-23,Kolar,0.0,28.6,17.3
2022-02-24,Kolar,0.0,28.2,16.0
2022-02-25,Kolar,0.0,29.4,13.3
2022-02-26,Kolar,0.0,28.1,15.0
2022-02-27,Kolar,0.0,28.7,17.4
2022-02-28,Kolar,0.0,28.8,14.4
2022-03-01,Kolar,0.0,29.4,16.1
2022-03-02,Kolar,0.0,29.7,15.6
2022-03-03,Kolar,0.0,29.3,14.1
2022-03-04,Kolar,0.0,30.4,15.2
2022-03-05,Kolar,0.0,29.8,14.7
2022-03-06,Kolar,0.0,29.9,15.0
2022-03-07,Kolar,3.9,26.3,17.8
2022-03-08,Kolar,0.0,29.6,16.7
2022-03-09,Kolar,0.0,31.2,15.7
2022-03-10,Kolar,0.0,31.6,17.1
2022-03-11,Kolar,0.0,31.6,15.9
2022-03-12,Kolar,0.0,31.6,16.3
2022-03-13,Kolar,0.0,30.8,16.5
2022-03-14,Kolar,0.0,32.2,16.9
2022-03-15,Kolar,0.0,32.4,17.7
2022-03-16,Kolar,0.0,32.8,17.6
2022-03-17,Kolar,0.0,33.6,18.9
2022-03-18,Kolar,0.0,34.4,19.4
2022-03-19,Kolar,0.0,32.4,19.3
2022-03-20,Kolar,0.2,30.5,22.0
2022-03-21,Kolar,0.0,32.3,21.5
2022-03-22,Kolar,0.2,30.5,21.0
2022-03-23,Kolar,0.2,33.3,20.4
2022-03-24,Kolar,0.0,32.6,20.6
2022-03-25,Kolar,0.6,32.3,20.0
2022-03-26,Kolar,0.0,32.5,20.2
2022-03-27,Kolar,0.0,33.1,20.9
2022-03-28,Kolar,0.0,33.6,20.4
2022-03-29,Kolar,0.0,33.6,21.0
2022-03-30,Kolar,0.1,33.7,22.1
2022-03-31,Kolar,0.0,33.6,21.9
2022-04-01,Kolar,0.0,33.6,20.9
2022-04-02,Kolar,0.0,32.8,20.3
2022-04-03,Kolar,0.0,33.0,19.6
2022-04-04,Kolar,0.0,32.5,19.6
2022-04-05,Kolar,0.0,32.4,19.4
2022-04-06,Kolar,0.0,33.2,19.0
2022-04-07,Kolar,0.0,33.9,18.9
2022-04-08,Kolar,0.0,32.6,20.4
2022-04-09,Kolar,0.0,33.2,20.1
2022-04-10,Kolar,0.0,32.9,20.2
2022-04-11,Kolar,0.0,33.0,20.1
2022-04-12,Kolar,0.0,32.1,20.0
2022-04-13,Kolar,1.1,31.6,21.6
2022-04-14,Kolar,17.3,33.0,20.4
2022-04-15,Kolar,0.1,34.4,21.0
2022-04-16,Kolar,0.9,34.0,21.1
2022-04-17,Kolar,1.8,33.1,20.2
2022-04-18,Kolar,0.1,32.4,19.9
2022-04-19,Kolar,0.0,33.3,19.6
2022-04-20,Kolar,0.0,33.7,20.2
2022-04-21,Kolar,0.0,33.5,21.2
2022-04-22,Kolar,0.0,32.9,19.7
2022-04-23,Kolar,0.0,32.1,20.1
2022-04-24,Kolar,0.0,32.8,19.4
2022-04-25,Kolar,0.0,33.9,20.8
2022-04-26,Kolar,0.0,34.3,21.2
2022-04-27,Kolar,0.0,34.5,21.0
2022-04-28,Kolar,0.0,34.1,21.2
2022-04-29,Kolar,0.0,36.5,20.8
2022-04-30,Kolar,0.1,34.8,22.5
2022-05-01,Kolar,0.0,35.2,22.2
2022-05-02,Kolar,1.1,34.7,23.2
2022-05-03,Kolar,1.0,34.6,21.5
2022-05-04,Kolar,0.1,34.0,22.0
2022-05-05,Kolar,0.5,33.4,20.8
2022-05-06,Kolar,3.8,33.5,20.8
2022-05-07,Kolar,0.0,33.8,21.5
2022-05-08,Kolar,0.2,34.5,21.2
2022-05-09,Kolar,0.3,32.9,21.7
2022-05-10,Kolar,1.7,27.9,22.0
2022-05-11,Kolar,1.2,26.1,22.2
2022-05-12,Kolar,7.1,27.0,20.5
2022-05-13,Kolar,4.8,28.0,20.9
2022-05-14,Kolar,22.6,30.9,20.8
2022-05-15,Kolar,5.7,30.7,21.2
2022-05-16,Kolar,18.0,29.4,21.5
2022-05-17,Kolar,22.7,29.0,20.8
2022-05-18,Kolar,24.1,28.8,21.0
2022-05-19,Kolar,0.2,26.6,20.0
2022-05-20,Kolar,1.1,27.6,19.4
2022-05-21,Kolar,0.0,28.7,19.4
2022-05-22,Kolar,0.1,29.6,21.1
2022-05-23,Kolar,0.0,30.8,20.1
2022-05-24,Kolar,0.1,30.3,20.5
2022-05-25,Kolar,2.2,30.3,21.2
2022-05-26,Kolar,2.4,31.0,21.1
2022-05-27,Kolar,0.0,30.7,20.6
2022-05-28,Kolar,0.2,31.1,20.2
2022-05-29,Kolar,0.5,31.4,20.7
2022-05-30,Kolar,1.0,30.9,20.9
2022-05-31,Kolar,1.0,31.1,20.0
2022-06-01,Kolar,0.2,31.0,20.3
2022-06-02,Kolar,2.9,32.0,20.7
2022-06-03,Kolar,0.1,32.8,20.6
2022-06-04,Kolar,2.5,33.5,20.6
2022-06-05,Kolar,0.4,33.0,21.2
2022-06-06,Kolar,7.6,31.5,20.2
2022-06-07,Kolar,0.9,30.3,20.6
2022-06-08,Kolar,0.2,31.0,20.3
2022-06-09,Kolar,0.1,31.1,20.6
2022-06-10,Kolar,0.2,30.4,20.7
2022-06-11,Kolar,1.2,30.3,20.4
2022-06-12,Kolar,2.1,30.6,20.4
2022-06-13,Kolar,0.3,30.9,20.3
2022-06-14,Kolar,1.4,31.0,20.7
2022-06-15,Kolar,1.4,28.8,21.1
2022-06-16,Kolar,19.2,29.4,20.1
2022-06-17,Kolar,9.1,28.9,20.0
2022-06-18,Kolar,9.4,27.7,20.3
2022-06-19,Kolar,6.9,29.0,20.3
2022-06-20,Kolar,0.5,28.9,20.0
2022-06-21,Kolar,2.9,28.2,20.8
2022-06-22,Kolar,1.7,27.3,21.1
2022-06-23,Kolar,0.2,28.5,20.2
2022-06-24,Kolar,0.8,29.3,19.9
2022-06-25,Kolar,1.3,28.1,20.5
2022-06-26,Kolar,0.6,29.6,21.0
2022-06-27,Kolar,0.1,29.2,20.2
2022-06-28,Kolar,0.0,28.6,20.6
2022-06-29,Kolar,0.8,28.9,20.4
2022-06-30,Kolar,1.6,29.6,20.3
2022-07-01,Kolar,1.7,30.3,20.9
2022-07-02,Kolar,0.8,29.9,20.9
2022-07-03,Kolar,2.0,29.4,21.4
2022-07-04,Kolar,2.2,26.2,21.1
2022-07-05,Kolar,1.5,25.2,20.6
2022-07-06,Kolar,3.5,25.1,20.7
2022-07-07,Kolar,18.7,26.3,20.4
2022-07-08,Kolar,2.3,26.8,20.7
2022-07-09,Kolar,4.9,26.4,20.2
2022-07-10,Kolar,1.8,25.3,20.4
2022-07-11,Kolar,1.2,26.8,20.2
2022-07-12,Kolar,0.7,28.1,20.0
2022-07-13,Kolar,0.4,26.6,20.6
2022-07-14,Kolar,1.2,27.3,20.6
2022-07-15,Kolar,0.7,29.0,20.6
2022-07-16,Kolar,9.9,28.3,20.7
2022-07-17,Kolar,2.0,28.5,20.9
2022-07-18,Kolar,4.5,28.4,20.8
2022-07-19,Kolar,6.1,28.5,19.6
2022-07-20,Kolar,12.4,29.8,20.2
2022-07-21,Kolar,6.6,28.7,20.3
2022-07-22,Kolar,8.7,27.9,20.4
2022-07-23,Kolar,0.2,28.0,20.0
2022-07-24,Kolar,0.9,27.7,19.0
2022-07-25,Kolar,0.4,28.7,19.6
2022-07-26,Kolar,4.4,27.5,20.3
2022-07-27,Kolar,3.1,29.3,19.0
2022-07-28,Kolar,1.6,29.4,19.1
2022-07-29,Kolar,2.4,30.4,19.2
2022-07-30,Kolar,5.7,30.3,19.2
2022-07-31,Kolar,29.6,30.0,19.8
2022-08-01,Kolar,32.4,29.1,20.3
2022-08-02,Kolar,39.7,28.1,20.2
2022-08-03,Kolar,8.7,26.3,19.9
2022-08-04,Kolar,33.9,26.8,20.2
2022-08-05,Kolar,8.2,24.2,20.3
2022-08-06,Kolar,9.6,24.1,20.0
2022-08-07,Kolar,5.1,25.2,20.5
2022-08-08,Kolar,1.0,27.0,20.8
2022-08-09,Kolar,0.0,27.3,20.6
2022-08-10,Kolar,1.5,27.3,19.9
2022-08-11,Kolar,0.8,28.0,20.1
2022-08-12,Kolar,0.2,27.7,20.6
2022-08-13,Kolar,0.0,27.8,20.0
2022-08-14,Kolar,0.0,28.0,19.8
2022-08-15,Kolar,0.2,29.1,19.3
2022-08-16,Kolar,0.2,29.0,19.4
2022-08-17,Kolar,0.2,29.4,19.6
2022-08-18,Kolar,0.3,29.5,20.2
2022-08-19,Kolar,0.9,29.4,20.3
2022-08-20,Kolar,0.1,28.8,20.1
2022-08-21,Kolar,0.7,28.6,20.4
2022-08-22,Kolar,1.0,29.1,19.8
2022-08-23,Kolar,1.7,29.3,19.7
2022-08-24,Kolar,1.8,28.6,19.8
2022-08-25,Kolar,16.6,28.3,19.9
2022-08-26,Kolar,25.4,27.6,19.8
2022-08-27,Kolar,15.1,28.3,19.8
2022-08-28,Kolar,5.7,27.8,19.6
2022-08-29,Kolar,32.5,27.0,19.8
2022-08-30,Kolar,3.0,28.1,20.0
2022-08-31,Kolar,5.3,28.4,20.4
2022-09-01,Kolar,4.8,27.6,19.6
2022-09-02,Kolar,0.6,27.5,19.3
2022-09-03,Kolar,1.5,28.9,19.2
2022-09-04,Kolar,12.6,29.3,20.0
2022-09-05,Kolar,6.6,29.4,19.6
2022-09-06,Kolar,8.2,29.2,19.5
2022-09-07,Kolar,3.9,27.7,19.9
2022-09-08,Kolar,8.2,25.2,20.2
2022-09-09,Kolar,2.6,27.8,19.8
2022-09-10,Kolar,2.4,28.0,20.7
2022-09-11,Kolar,0.3,28.1,20.2
2022-09-12,Kolar,0.4,28.0,20.0
2022-09-13,Kolar,1.7,27.7,19.2
2022-09-14,Kolar,1.3,28.2,19.6
2022-09-15,Kolar,0.0,27.6,19.5
2022-09-16,Kolar,0.0,29.1,18.7
2022-09-17,Kolar,1.2,28.6,19.4
2022-09-18,Kolar,0.3,28.4,19.2
2022-09-19,Kolar,0.1,28.6,19.4
2022-09-20,Kolar,0.0,28.1,18.3
2022-09-21,Kolar,0.3,28.2,18.9
2022-09-22,Kolar,0.0,28.5,18.8
2022-09-23,Kolar,0.0,28.8,18.4
2022-09-24,Kolar,0.2,29.5,19.2
2022-09-25,Kolar,0.1,29.2,19.6
2022-09-26,Kolar,4.8,28.0,20.8
2022-09-27,Kolar,2.1,28.8,20.5
2022-09-28,Kolar,2.8,28.9,20.8
2022-09-29,Kolar,0.2,29.1,20.1
2022-09-30,Kolar,3.6,27.2,20.0
2022-10-01,Kolar,1.5,25.9,20.1
2022-10-02,Kolar,2.0,27.7,20.1
2022-10-03,Kolar,0.4,28.3,19.4
2022-10-04,Kolar,0.4,27.9,19.5
2022-10-05,Kolar,3.0,28.1,19.7
2022-10-06,Kolar,4.5,26.9,19.9
2022-10-07,Kolar,3.3,27.5,18.5
2022-10-08,Kolar,2.0,28.0,19.1
2022-10-09,Kolar,11.2,27.0,19.4
2022-10-10,Kolar,4.6,26.8,20.0
2022-10-11,Kolar,14.0,26.4,19.6
2022-10-12,Kolar,15.6,26.8,19.1
2022-10-13,Kolar,13.3,27.5,19.1
2022-10-14,Kolar,7.5,27.9,19.1
2022-10-15,Kolar,13.7,27.4,19.7
2022-10-16,Kolar,9.6,27.1,20.1
2022-10-17,Kolar,3.4,27.1,19.8
2022-10-18,Kolar,2.2,27.8,19.2
2022-10-19,Kolar,1.4,27.4,18.7
2022-10-20,Kolar,3.4,27.2,19.0
2022-10-21,Kolar,6.5,26.7,17.9
2022-10-22,Kolar,0.4,26.8,17.3
2022-10-23,Kolar,0.0,26.4,16.8
2022-10-24,Kolar,0.0,25.5,15.8
2022-10-25,Kolar,0.0,26.0,13.7
2022-10-26,Kolar,0.0,26.3,15.1
2022-10-27,Kolar,0.0,26.9,15.5
2022-10-28,Kolar,1.8,26.1,17.0
2022-10-29,Kolar,3.6,25.9,17.9
2022-10-30,Kolar,2.3,26.2,19.1
2022-10-31,Kolar,0.0,26.3,17.6
2022-11-01,Kolar,32.6,22.5,17.5
2022-11-02,Kolar,10.6,21.3,18.1
2022-11-03,Kolar,0.5,24.8,18.8
2022-11-04,Kolar,4.6,26.1,19.4
2022-11-05,Kolar,0.6,26.8,19.0
2022-11-06,Kolar,1.0,26.3,18.2
2022-11-07,Kolar,0.0,26.4,17.1
2022-11-08,Kolar,0.0,27.3,16.4
2022-11-09,Kolar,0.0,27.0,15.1
2022-11-10,Kolar,2.3,26.3,16.1
2022-11-11,Kolar,15.2,21.9,17.9
2022-11-12,Kolar,14.1,22.8,18.9
2022-11-13,Kolar,3.1,24.3,18.9
2022-11-14,Kolar,3.7,25.9,18.8
2022-11-15,Kolar,1.8,25.6,18.8
2022-11-16,Kolar,0.0,26.7,16.1
2022-11-17,Kolar,0.0,25.7,14.0
2022-11-18,Kolar,0.0,25.7,12.7
2022-11-19,Kolar,0.0,25.3,11.6
2022-11-20,Kolar,0.0,24.5,13.0
2022-11-21,Kolar,0.3,23.2,14.2
2022-11-22,Kolar,3.1,24.0,16.9
2022-11-23,Kolar,42.9,24.9,19.0
2022-11-24,Kolar,8.3,25.0,18.4
2022-11-25,Kolar,0.8,25.6,18.7
2022-11-26,Kolar,0.0,26.5,18.1
2022-11-27,Kolar,0.1,26.8,19.6
2022-11-28,Kolar,0.3,27.4,19.0
2022-11-29,Kolar,0.0,26.5,17.3
2022-11-30,Kolar,0.0,25.7,15.0
2022-12-01,Kolar,1.4,25.6,18.2
2022-12-02,Kolar,0.3,26.9,18.9
2022-12-03,Kolar,1.4,26.6,18.5
2022-12-04,Kolar,0.3,27.1,19.0
2022-12-05,Kolar,0.1,26.2,17.6
2022-12-06,Kolar,0.1,26.7,16.9
2022-12-07,Kolar,0.0,25.6,16.6
2022-12-08,Kolar,1.1,24.8,15.8
2022-12-09,Kolar,10.8,19.1,14.7
2022-12-10,Kolar,66.6,18.9,16.9
2022-12-11,Kolar,8.6,22.1,17.3
2022-12-12,Kolar,15.2,23.1,18.7
2022-12-13,Kolar,13.6,23.3,18.6
2022-12-14,Kolar,0.6,24.7,17.4
2022-12-15,Kolar,0.0,25.2,15.4
2022-12-16,Kolar,0.0,25.6,13.5
2022-12-17,Kolar,0.0,26.1,14.6
2022-12-18,Kolar,1.2,25.2,15.8
2022-12-19,Kolar,0.2,24.2,15.9
2022-12-20,Kolar,0.0,25.9,14.7
2022-12-21,Kolar,0.0,25.5,13.7
2022-12-22,Kolar,0.0,25.1,13.7
2022-12-23,Kolar,0.0,25.9,12.9
2022-12-24,Kolar,0.0,25.8,12.7
2022-12-25,Kolar,3.2,24.4,17.0
2022-12-26,Kolar,1.8,25.6,19.2
2022-12-27,Kolar,2.2,25.8,19.3
2022-12-28,Kolar,0.4,25.9,18.3
2022-12-29,Kolar,0.0,26.8,15.8
2022-12-30,Kolar,0.0,26.4,15.2
2022-12-31,Kolar,0.0,26.3,14.3
2023-01-01,Kolar,0.0,26.4,14.3
2023-01-02,Kolar,0.0,25.0,14.8
2023-01-03,Kolar,0.0,25.6,15.6
2023-01-04,Kolar,0.0,25.5,16.5
2023-01-05,Kolar,0.3,23.7,16.6
2023-01-06,Kolar,0.0,25.5,14.7
2023-01-07,Kolar,0.0,25.0,14.9
2023-01-08,Kolar,0.0,25.6,14.7
2023-01-09,Kolar,0.0,24.4,12.6
2023-01-10,Kolar,0.0,24.7,11.3
2023-01-11,Kolar,0.0,25.7,10.4
2023-01-12,Kolar,0.0,27.0,12.8
2023-01-13,Kolar,0.0,26.8,11.8
2023-01-14,Kolar,0.0,27.5,13.4
2023-01-15,Kolar,0.0,27.3,12.2
2023-01-16,Kolar,0.0,28.2,12.4
2023-01-17,Kolar,0.0,26.8,13.7
2023-01-18,Kolar,0.0,26.2,12.3
2023-01-19,Kolar,0.0,25.9,12.3
2023-01-20,Kolar,0.0,25.3,12.9
2023-01-21,Kolar,0.1,25.9,16.8
2023-01-22,Kolar,0.0,25.8,14.9
2023-01-23,Kolar,0.2,25.0,15.5
2023-01-24,Kolar,0.0,26.6,17.0
2023-01-25,Kolar,0.0,26.0,14.9
2023-01-26,Kolar,0.0,25.7,15.8
2023-01-27,Kolar,0.0,26.6,15.9
2023-01-28,Kolar,0.0,26.6,11.7
2023-01-29,Kolar,0.0,26.1,12.8
2023-01-30,Kolar,0.9,26.2,17.5
2023-01-31,Kolar,0.0,27.4,17.1
2023-02-01,Kolar,0.0,28.4,15.6
2023-02-02,Kolar,0.0,28.3,16.2
2023-02-03,Kolar,0.0,26.6,15.9
2023-02-04,Kolar,0.0,28.6,16.0
2023-02-05,Kolar,0.0,29.1,14.9
2023-02-06,Kolar,0.0,28.7,14.3
2023-02-07,Kolar,0.0,29.1,15.6
2023-02-08,Kolar,0.0,30.2,16.4
2023-02-09,Kolar,0.0,29.6,15.1
2023-02-10,Kolar,0.0,29.4,15.4
2023-02-11,Kolar,0.0,29.5,14.2
2023-02-12,Kolar,0.0,30.4,16.5
2023-02-13,Kolar,0.0,29.8,14.8
2023-02-14,Kolar,0.0,29.7,14.9
2023-02-15,Kolar,0.0,29.8,15.2
2023-02-16,Kolar,0.0,29.8,13.3
2023-02-17,Kolar,0.0,29.5,14.7
2023-02-18,Kolar,0.0,29.0,15.1
2023-02-19,Kolar,0.0,29.0,14.8
2023-02-20,Kolar,0.0,29.2,15.1
2023-02-21,Kolar,0.0,30.3,15.0
2023-02-22,Kolar,0.0,30.1,15.2
2023-02-23,Kolar,0.0,30.2,13.7
2023-02-24,Kolar,0.0,30.4,14.0
2023-02-25,Kolar,0.0,31.0,13.8
2023-02-26,Kolar,0.0,29.5,13.8
2023-02-27,Kolar,0.0,28.7,14.4
2023-02-28,Kolar,0.0,29.8,12.4
2023-03-01,Kolar,0.0,29.9,17.4
2023-03-02,Kolar,0.0,29.2,15.5
2023-03-03,Kolar,0.0,30.1,13.4
2023-03-04,Kolar,0.0,30.4,14.4
2023-03-05,Kolar,0.0,30.6,15.4
2023-03-06,Kolar,0.0,30.6,14.9
2023-03-07,Kolar,0.0,30.3,14.4
2023-03-08,Kolar,0.0,30.0,15.9
2023-03-09,Kolar,0.0,29.6,14.2
2023-03-10,Kolar,0.0,29.7,14.7
2023-03-11,Kolar,0.0,30.2,14.8
2023-03-12,Kolar,0.0,30.7,16.5
2023-03-13,Kolar,0.0,31.1,16.5
2023-03-14,Kolar,0.0,32.5,17.2
2023-03-15,Kolar,0.0,32.5,17.6
2023-03-16,Kolar,1.1,30.6,19.4
2023-03-17,Kolar,6.9,29.1,19.3
2023-03-18,Kolar,16.2,29.2,19.1
2023-03-19,Kolar,0.7,29.9,18.1
2023-03-20,Kolar,0.0,30.8,17.8
2023-03-21,Kolar,0.0,31.9,18.9
2023-03-22,Kolar,0.0,31.1,19.0
2023-03-23,Kolar,0.0,32.5,20.1
2023-03-24,Kolar,0.0,32.8,20.2
2023-03-25,Kolar,0.6,30.8,20.1
2023-03-26,Kolar,0.4,30.5,21.0
2023-03-27,Kolar,0.0,33.4,20.2
2023-03-28,Kolar,0.1,33.9,19.7
2023-03-29,Kolar,0.0,32.6,21.3
2023-03-30,Kolar,3.0,32.3,20.7
2023-03-31,Kolar,0.0,33.0,21.1
2023-04-01,Kolar,1.5,29.9,21.5
2023-04-02,Kolar,0.0,32.9,20.7
2023-04-03,Kolar,0.5,31.0,20.4
2023-04-04,Kolar,2.2,31.8,20.6
2023-04-05,Kolar,0.0,33.3,19.8
2023-04-06,Kolar,0.1,31.6,21.0
2023-04-07,Kolar,0.0,32.7,20.3
2023-04-08,Kolar,0.0,31.6,18.2
2023-04-09,Kolar,0.0,32.1,17.1
2023-04-10,Kolar,0.0,32.4,20.2
2023-04-11,Kolar,0.0,33.0,18.8
2023-04-12,Kolar,0.0,33.6,18.0
2023-04-13,Kolar,0.0,34.4,18.6
2023-04-14,Kolar,0.0,34.5,19.6
2023-04-15,Kolar,0.0,33.5,19.8
2023-04-16,Kolar,0.0,33.8,19.4
2023-04-17,Kolar,0.0,34.1,19.6
2023-04-18,Kolar,0.0,34.6,19.0
2023-04-19,Kolar,0.0,34.5,21.1
2023-04-20,Kolar,0.0,34.7,20.9
2023-04-21,Kolar,0.0,33.7,21.3
2023-04-22,Kolar,0.0,33.3,22.0
2023-04-23,Kolar,0.2,32.7,22.4
2023-04-24,Kolar,0.2,33.2,21.0
2023-04-25,Kolar,3.1,32.0,22.2
2023-04-26,Kolar,0.1,32.6,21.0
2023-04-27,Kolar,0.0,33.4,20.9
2023-04-28,Kolar,0.4,32.4,21.1
2023-04-29,Kolar,2.7,30.3,21.6
2023-04-30,Kolar,7.3,30.6,20.2
2023-05-01,Kolar,7.6,29.0,20.0
2023-05-02,Kolar,1.5,27.8,19.7
2023-05-03,Kolar,0.3,28.9,20.8
2023-05-04,Kolar,9.9,30.7,20.5
2023-05-05,Kolar,3.9,28.4,20.8
2023-05-06,Kolar,10.4,30.3,20.1
2023-05-07,Kolar,3.0,28.9,20.6
2023-05-08,Kolar,7.0,30.4,21.1
2023-05-09,Kolar,0.3,31.5,19.8
2023-05-10,Kolar,0.1,32.8,20.1
2023-05-11,Kolar,0.4,32.7,21.5
2023-05-12,Kolar,0.0,33.1,21.4
2023-05-13,Kolar,0.5,31.4,22.2
2023-05-14,Kolar,0.0,33.5,21.6
2023-05-15,Kolar,0.0,34.2,21.6
2023-05-16,Kolar,0.0,33.7,22.0
2023-05-17,Kolar,0.0,34.9,21.6
2023-05-18,Kolar,0.1,34.0,23.1
2023-05-19,Kolar,0.0,33.9,23.0
2023-05-20,Kolar,0.8,33.6,22.6
2023-05-21,Kolar,8.7,33.4,22.0
2023-05-22,Kolar,7.1,31.9,21.4
2023-05-23,Kolar,0.2,33.0,21.2
2023-05-24,Kolar,0.0,33.0,22.3
2023-05-25,Kolar,7.2,31.5,22.0
2023-05-26,Kolar,0.0,32.4,21.5
2023-05-27,Kolar,0.1,32.0,21.8
2023-05-28,Kolar,0.7,33.5,22.7
2023-05-29,Kolar,0.1,34.1,21.5
2023-05-30,Kolar,15.6,31.8,22.3
2023-05-31,Kolar,0.8,32.3,21.5
2023-06-01,Kolar,0.7,32.8,22.0
2023-06-02,Kolar,2.7,31.9,22.3
2023-06-03,Kolar,0.1,33.2,22.7
2023-06-04,Kolar,0.3,30.5,22.5
2023-06-05,Kolar,1.3,32.8,22.3
2023-06-06,Kolar,0.0,33.3,22.3
2023-06-07,Kolar,0.5,32.7,22.5
2023-06-08,Kolar,0.0,33.6,22.0
2023-06-09,Kolar,11.1,33.3,21.7
2023-06-10,Kolar,1.3,31.1,21.6
2023-06-11,Kolar,0.1,31.9,21.9
2023-06-12,Kolar,1.7,32.1,21.8
2023-06-13,Kolar,1.0,32.6,21.3
2023-06-14,Kolar,0.7,32.4,21.4
2023-06-15,Kolar,0.0,33.1,21.3
2023-06-16,Kolar,0.6,32.8,22.3
2023-06-17,Kolar,0.1,32.1,21.8
2023-06-18,Kolar,0.2,31.1,22.4
2023-06-19,Kolar,4.0,27.4,22.2
2023-06-20,Kolar,12.3,27.9,22.0
2023-06-21,Kolar,7.3,30.8,21.9
2023-06-22,Kolar,1.7,30.2,21.4
2023-06-23,Kolar,0.3,29.9,21.0
2023-06-24,Kolar,1.3,29.7,21.4
2023-06-25,Kolar,1.0,30.1,20.5
2023-06-26,Kolar,0.3,29.5,20.9
2023-06-27,Kolar,1.8,30.3,21.0
2023-06-28,Kolar,1.1,29.4,20.5
2023-06-29,Kolar,1.1,29.9,20.9
2023-06-30,Kolar,0.2,30.9,21.2
2023-07-01,Kolar,0.6,29.5,21.1
2023-07-02,Kolar,6.1,29.9,21.7
2023-07-03,Kolar,0.9,29.9,21.3
2023-07-04,Kolar,12.4,28.9,21.2
2023-07-05,Kolar,2.3,27.9,20.8
2023-07-06,Kolar,3.9,25.6,21.3
2023-07-07,Kolar,0.7,28.8,21.0
2023-07-08,Kolar,2.3,28.5,21.3
2023-07-09,Kolar,0.2,29.1,21.1
2023-07-10,Kolar,4.9,27.5,20.9
2023-07-11,Kolar,2.3,28.0,20.9
2023-07-12,Kolar,0.5,29.6,20.6
2023-07-13,Kolar,1.3,28.3,20.4
2023-07-14,Kolar,0.8,28.5,20.8
2023-07-15,Kolar,0.3,29.6,20.6
2023-07-16,Kolar,2.1,28.9,20.6
2023-07-17,Kolar,0.1,28.7,20.3
2023-07-18,Kolar,0.2,29.1,21.1
2023-07-19,Kolar,0.9,28.1,21.0
2023-07-20,Kolar,0.6,28.7,21.4
2023-07-21,Kolar,0.1,27.2,21.3
2023-07-22,Kolar,5.9,27.5,21.1
2023-07-23,Kolar,11.3,26.3,21.0
2023-07-24,Kolar,6.4,26.6,20.8
2023-07-25,Kolar,15.0,24.4,20.5
2023-07-26,Kolar,14.6,23.1,20.0
2023-07-27,Kolar,1.2,28.2,20.5
2023-07-28,Kolar,1.2,28.5,20.0
2023-07-29,Kolar,0.5,29.3,20.2
2023-07-30,Kolar,0.1,29.5,19.8
2023-07-31,Kolar,0.0,29.8,20.1
2023-08-01,Kolar,0.0,29.4,20.4
2023-08-02,Kolar,0.0,29.3,20.1
2023-08-03,Kolar,0.1,29.4,20.3
2023-08-04,Kolar,0.9,30.2,19.8
2023-08-05,Kolar,0.5,29.5,20.0
2023-08-06,Kolar,0.2,30.2,20.7
2023-08-07,Kolar,0.0,29.8,20.5
2023-08-08,Kolar,1.1,30.2,20.5
2023-08-09,Kolar,0.6,30.6,20.3
2023-08-10,Kolar,9.3,31.0,20.7
2023-08-11,Kolar,0.2,29.3,20.5
2023-08-12,Kolar,0.3,30.9,20.7
2023-08-13,Kolar,0.5,30.2,20.8
2023-08-14,Kolar,0.2,30.9,21.4
2023-08-15,Kolar,0.1,30.7,20.1
2023-08-16,Kolar,0.3,30.7,20.3
2023-08-17,Kolar,0.7,31.7,21.6
2023-08-18,Kolar,1.2,29.5,21.3
2023-08-19,Kolar,3.0,30.2,20.5
2023-08-20,Kolar,0.5,31.3,21.0
2023-08-21,Kolar,0.0,32.1,21.0
2023-08-22,Kolar,2.9,31.4,21.5
2023-08-23,Kolar,0.2,31.8,21.3
2023-08-24,Kolar,0.0,31.6,21.2
2023-08-25,Kolar,0.0,32.4,20.9
2023-08-26,Kolar,0.9,31.9,21.1
2023-08-27,Kolar,0.1,30.8,21.7
2023-08-28,Kolar,0.0,32.2,21.8
2023-08-29,Kolar,0.0,32.1,21.7
2023-08-30,Kolar,15.4,31.8,20.9
2023-08-31,Kolar,18.8,29.6,20.6
2023-09-01,Kolar,11.7,31.3,20.4
2023-09-02,Kolar,9.8,30.5,21.0
2023-09-03,Kolar,2.3,28.8,21.1
2023-09-04,Kolar,0.7,26.1,21.4
2023-09-05,Kolar,0.0,26.5,20.3
2023-09-06,Kolar,0.4,29.4,21.3
2023-09-07,Kolar,2.9,30.4,21.1
2023-09-08,Kolar,1.0,29.1,20.8
2023-09-09,Kolar,0.5,30.7,20.5
2023-09-10,Kolar,0.8,30.1,20.3
2023-09-11,Kolar,0.2,29.0,20.0
2023-09-12,Kolar,1.0,29.7,20.8
2023-09-13,Kolar,1.7,30.0,20.4
2023-09-14,Kolar,1.0,29.6,20.0
2023-09-15,Kolar,7.8,29.5,20.5
2023-09-16,Kolar,4.0,30.1,20.6
2023-09-17,Kolar,22.8,29.6,20.7
2023-09-18,Kolar,5.1,31.0,19.9
2023-09-19,Kolar,1.1,29.9,20.0
2023-09-20,Kolar,0.9,30.5,20.2
2023-09-21,Kolar,0.0,29.2,20.9
2023-09-22,Kolar,3.3,29.9,20.4
2023-09-23,Kolar,9.3,30.9,20.4
2023-09-24,Kolar,12.7,29.5,20.5
2023-09-25,Kolar,7.8,29.2,20.4
2023-09-26,Kolar,6.1,29.6,20.4
2023-09-27,Kolar,1.6,29.5,20.3
2023-09-28,Kolar,11.2,28.3,19.8
2023-09-29,Kolar,2.8,28.9,20.3
2023-09-30,Kolar,1.5,29.6,20.1
2023-10-01,Kolar,0.0,27.9,20.9
2023-10-02,Kolar,0.1,29.4,20.4
2023-10-03,Kolar,0.0,29.5,20.0
2023-10-04,Kolar,0.6,29.8,20.2
2023-10-05,Kolar,0.6,29.7,20.2
2023-10-06,Kolar,0.6,30.6,21.2
2023-10-07,Kolar,1.1,31.0,21.4
2023-10-08,Kolar,15.7,30.2,20.5
2023-10-09,Kolar,11.2,29.9,19.9
2023-10-10,Kolar,4.4,29.0,19.6
2023-10-11,Kolar,0.2,30.3,20.1
2023-10-12,Kolar,0.0,30.6,21.1
2023-10-13,Kolar,0.0,30.1,17.3
2023-10-14,Kolar,0.7,30.0,18.6
2023-10-15,Kolar,3.6,30.3,20.9
2023-10-16,Kolar,0.5,29.2,19.9
2023-10-17,Kolar,0.6,30.0,19.3
2023-10-18,Kolar,0.6,29.6,18.8
2023-10-19,Kolar,0.0,31.1,17.2
2023-10-20,Kolar,0.4,30.6,17.8
2023-10-21,Kolar,2.3,30.6,19.7
2023-10-22,Kolar,0.0,30.6,19.2
2023-10-23,Kolar,0.0,30.7,18.2
2023-10-24,Kolar,0.0,30.0,16.5
2023-10-25,Kolar,0.0,30.2,16.5
2023-10-26,Kolar,0.0,30.2,17.0
2023-10-27,Kolar,0.0,30.9,17.7
2023-10-28,Kolar,0.0,30.8,21.3
2023-10-29,Kolar,4.3,28.5,20.2
2023-10-30,Kolar,7.9,27.4,19.4
2023-10-31,Kolar,2.1,27.6,19.7
2023-11-01,Kolar,0.5,29.0,19.4
2023-11-02,Kolar,2.2,28.9,18.0
2023-11-03,Kolar,2.5,29.1,21.0
2023-11-04,Kolar,11.1,26.6,19.7
2023-11-05,Kolar,20.9,27.3,19.8
2023-11-06,Kolar,18.1,28.6,19.6
2023-11-07,Kolar,12.1,27.5,19.1
2023-11-08,Kolar,5.6,27.4,19.9
2023-11-09,Kolar,8.4,26.6,19.9
2023-11-10,Kolar,0.3,27.6,19.6
2023-11-11,Kolar,0.0,27.4,16.6
2023-11-12,Kolar,0.0,27.1,15.1
2023-11-13,Kolar,0.0,27.6,15.4
2023-11-14,Kolar,4.7,23.2,18.4
2023-11-15,Kolar,0.4,27.1,17.8
2023-11-16,Kolar,0.0,28.8,17.9
2023-11-17,Kolar,0.0,28.6,18.1
2023-11-18,Kolar,0.0,28.6,18.7
2023-11-19,Kolar,0.0,28.6,16.2
2023-11-20,Kolar,1.4,26.4,16.7
2023-11-21,Kolar,2.3,27.4,19.3
2023-11-22,Kolar,3.9,28.6,20.3
2023-11-23,Kolar,13.7,27.2,20.1
2023-11-24,Kolar,3.1,26.6,19.5
2023-11-25,Kolar,2.3,26.5,19.6
2023-11-26,Kolar,0.7,26.4,18.7
2023-11-27,Kolar,2.3,26.3,19.8
2023-11-28,Kolar,1.1,27.1,19.4
2023-11-29,Kolar,4.0,26.5,19.2
2023-11-30,Kolar,2.9,26.7,19.6
2023-12-01,Kolar,3.4,26.7,19.5
2023-12-02,Kolar,1.5,26.7,17.3
2023-12-03,Kolar,3.1,24.1,19.7
2023-12-04,Kolar,0.3,22.4,19.8
2023-12-05,Kolar,0.0,28.4,19.1
2023-12-06,Kolar,0.0,29.0,16.8
2023-12-07,Kolar,6.8,28.2,19.3
2023-12-08,Kolar,1.8,27.7,19.1
2023-12-09,Kolar,2.2,26.6,20.0
2023-12-10,Kolar,0.0,27.5,18.4
2023-12-11,Kolar,0.1,25.9,17.5
2023-12-12,Kolar,0.0,26.6,17.3
2023-12-13,Kolar,0.0,25.7,16.5
2023-12-14,Kolar,0.1,25.5,15.9
2023-12-15,Kolar,0.3,25.1,15.8
2023-12-16,Kolar,1.8,25.8,18.9
2023-12-17,Kolar,1.1,25.0,18.6
2023-12-18,Kolar,0.3,25.2,18.1
2023-12-19,Kolar,0.1,25.7,17.0
2023-12-20,Kolar,0.0,25.9,17.3
2023-12-21,Kolar,0.0,27.1,17.3
2023-12-22,Kolar,0.0,27.5,17.4
2023-12-23,Kolar,0.0,26.2,14.1
2023-12-24,Kolar,0.0,27.5,12.9
2023-12-25,Kolar,0.0,27.5,17.0
2023-12-26,Kolar,0.0,26.3,15.0
2023-12-27,Kolar,0.0,26.5,15.3
2023-12-28,Kolar,0.0,26.8,15.6
2023-12-29,Kolar,0.1,26.7,16.7
2023-12-30,Kolar,0.0,26.7,17.2
2023-12-31,Kolar,0.0,26.1,17.1
2024-01-01,Kolar,0.0,27.3,16.4
2024-01-02,Kolar,0.0,25.9,18.2
2024-01-03,Kolar,0.4,26.3,16.6
2024-01-04,Kolar,0.9,25.7,17.9
2024-01-05,Kolar,0.4,25.7,18.5
2024-01-06,Kolar,0.0,27.1,18.3
2024-01-07,Kolar,0.0,27.2,16.7
2024-01-08,Kolar,10.7,21.4,18.9
2024-01-09,Kolar,1.0,25.7,18.4
2024-01-10,Kolar,0.0,25.3,16.9
2024-01-11,Kolar,0.0,26.8,17.0
2024-01-12,Kolar,0.0,26.1,15.1
2024-01-13,Kolar,0.0,27.4,14.5
2024-01-14,Kolar,0.0,28.1,16.3
2024-01-15,Kolar,0.0,27.4,14.3
2024-01-16,Kolar,0.0,27.6,16.3
2024-01-17,Kolar,0.0,27.8,15.2
2024-01-18,Kolar,0.0,27.6,16.6
2024-01-19,Kolar,0.0,29.0,17.6
2024-01-20,Kolar,0.0,28.3,16.2
2024-01-21,Kolar,0.0,28.8,15.7
2024-01-22,Kolar,0.0,28.4,16.8
2024-01-23,Kolar,0.0,28.6,16.6
2024-01-24,Kolar,0.0,29.1,17.5
2024-01-25,Kolar,0.0,29.3,17.1
2024-01-26,Kolar,0.0,27.7,16.2
2024-01-27,Kolar,0.0,27.7,16.6
2024-01-28,Kolar,0.0,27.8,16.5
2024-01-29,Kolar,0.0,27.5,17.4
2024-01-30,Kolar,0.0,28.7,13.5
2024-01-31,Kolar,0.0,29.6,16.9
2024-02-01,Kolar,0.0,30.2,18.6
2024-02-02,Kolar,0.9,29.8,19.0
2024-02-03,Kolar,0.0,30.1,18.9
2024-02-04,Kolar,0.0,28.8,16.9
2024-02-05,Kolar,0.0,29.5,15.0
2024-02-06,Kolar,0.0,30.9,15.4
2024-02-07,Kolar,0.0,31.7,15.5
2024-02-08,Kolar,0.0,32.1,15.9
2024-02-09,Kolar,0.0,31.3,16.9
2024-02-10,Kolar,0.0,29.4,16.7
2024-02-11,Kolar,0.0,29.1,17.7
2024-02-12,Kolar,0.0,29.5,15.3
2024-02-13,Kolar,0.0,29.5,17.1
2024-02-14,Kolar,0.0,29.8,18.3
2024-02-15,Kolar,0.0,29.4,15.2
2024-02-16,Kolar,0.0,28.6,15.1
2024-02-17,Kolar,0.0,30.2,15.1
2024-02-18,Kolar,0.0,31.0,15.4
2024-02-19,Kolar,0.0,30.4,15.9
2024-02-20,Kolar,0.0,31.4,16.8
2024-02-21,Kolar,0.0,32.6,19.0
2024-02-22,Kolar,0.0,32.8,20.5
2024-02-23,Kolar,0.0,31.9,20.6
2024-02-24,Kolar,0.6,30.3,20.5
2024-02-25,Kolar,0.0,32.0,20.4
2024-02-26,Kolar,0.5,29.7,18.3
2024-02-27,Kolar,0.0,30.4,19.0
2024-02-28,Kolar,0.0,31.0,15.7
2024-02-29,Kolar,0.0,31.3,14.2
2024-03-01,Kolar,0.0,31.3,16.4
2024-03-02,Kolar,0.0,31.8,16.4
2024-03-03,Kolar,0.0,32.2,17.1
2024-03-04,Kolar,0.0,33.4,18.0
2024-03-05,Kolar,0.0,33.7,18.2
2024-03-06,Kolar,0.0,33.8,18.6
2024-03-07,Kolar,0.0,33.1,19.0
2024-03-08,Kolar,0.0,33.5,20.2
2024-03-09,Kolar,0.0,33.8,20.6
2024-03-10,Kolar,0.0,33.0,21.3
2024-03-11,Kolar,0.0,32.9,19.9
2024-03-12,Kolar,0.0,34.2,19.3
2024-03-13,Kolar,0.0,34.8,20.7
2024-03-14,Kolar,0.0,34.2,21.4
2024-03-15,Kolar,0.0,34.0,21.8
2024-03-16,Kolar,0.0,34.1,20.6
2024-03-17,Kolar,0.0,33.8,20.0
2024-03-18,Kolar,0.0,34.1,18.8
2024-03-19,Kolar,0.0,33.5,20.0
2024-03-20,Kolar,0.0,34.1,19.2
2024-03-21,Kolar,0.3,31.2,19.9
2024-03-22,Kolar,0.0,33.6,20.0
2024-03-23,Kolar,0.0,34.0,18.1
2024-03-24,Kolar,0.0,34.6,19.2
2024-03-25,Kolar,0.0,34.0,19.3
2024-03-26,Kolar,0.0,34.2,18.8
2024-03-27,Kolar,0.0,34.0,17.4
2024-03-28,Kolar,0.0,35.0,19.0
2024-03-29,Kolar,0.0,35.4,20.5
2024-03-30,Kolar,0.0,35.5,20.5
2024-03-31,Kolar,0.0,34.5,20.1
2024-04-01,Kolar,0.0,35.5,20.1
2024-04-02,Kolar,0.0,36.3,21.3
2024-04-03,Kolar,0.0,36.1,20.9
2024-04-04,Kolar,0.0,35.8,20.2
2024-04-05,Kolar,0.0,36.9,20.7
2024-04-06,Kolar,0.0,37.1,21.2
2024-04-07,Kolar,0.0,36.7,22.1
2024-04-08,Kolar,0.0,36.6,21.9
2024-04-09,Kolar,0.0,34.6,19.8
2024-04-10,Kolar,0.0,34.6,19.1
2024-04-11,Kolar,0.0,35.2,19.8
2024-04-12,Kolar,1.0,34.6,21.6
2024-04-13,Kolar,0.1,34.4,20.6
2024-04-14,Kolar,0.0,34.6,19.1
2024-04-15,Kolar,0.0,34.8,19.7
2024-04-16,Kolar,0.0,35.7,19.4
2024-04-17,Kolar,0.0,37.4,21.6
2024-04-18,Kolar,0.0,37.1,23.3
2024-04-19,Kolar,0.0,37.8,24.1
2024-04-20,Kolar,0.0,36.7,23.6
2024-04-21,Kolar,0.0,37.1,22.8
2024-04-22,Kolar,0.0,37.4,22.5
2024-04-23,Kolar,0.0,36.9,21.9
2024-04-24,Kolar,0.0,36.7,21.6
2024-04-25,Kolar,0.0,37.0,22.6
2024-04-26,Kolar,0.0,36.7,21.2
2024-04-27,Kolar,0.0,37.3,20.3
2024-04-28,Kolar,0.0,38.1,21.9
2024-04-29,Kolar,0.0,37.7,22.3
2024-04-30,Kolar,0.0,38.2,22.8
2024-05-01,Kolar,0.0,39.3,24.1
2024-05-02,Kolar,0.1,38.8,25.2
2024-05-03,Kolar,0.7,38.5,26.3
2024-05-04,Kolar,0.2,36.2,23.8
2024-05-05,Kolar,2.3,36.8,24.6
2024-05-06,Kolar,1.5,38.6,24.3
2024-05-07,Kolar,1.4,36.0,24.1
2024-05-08,Kolar,10.2,32.6,21.5
2024-05-09,Kolar,9.2,33.1,21.1
2024-05-10,Kolar,9.7,33.3,21.8
2024-05-11,Kolar,0.0,34.4,21.8
2024-05-12,Kolar,7.1,32.4,22.5
2024-05-13,Kolar,3.3,33.1,20.2
2024-05-14,Kolar,1.6,32.7,21.6
2024-05-15,Kolar,0.9,32.7,23.1
2024-05-16,Kolar,0.8,28.4,21.2
2024-05-17,Kolar,1.2,30.6,21.3
2024-05-18,Kolar,25.9,30.3,21.9
2024-05-19,Kolar,16.9,30.8,21.7
2024-05-20,Kolar,25.7,27.2,21.5
2024-05-21,Kolar,6.4,29.2,21.9
2024-05-22,Kolar,1.7,29.0,21.8
2024-05-23,Kolar,1.7,32.2,20.8
2024-05-24,Kolar,1.7,31.8,22.0
2024-05-25,Kolar,0.9,32.0,22.9
2024-05-26,Kolar,0.1,31.5,22.8
2024-05-27,Kolar,0.2,32.1,21.8
2024-05-28,Kolar,0.0,32.8,22.2
2024-05-29,Kolar,0.0,33.3,21.5
2024-05-30,Kolar,3.3,34.2,22.8
2024-05-31,Kolar,0.1,34.2,23.1
2024-06-01,Kolar,17.2,34.5,23.5
2024-06-02,Kolar,10.2,31.4,23.0
2024-06-03,Kolar,12.1,28.5,22.6
2024-06-04,Kolar,5.9,28.7,22.0
2024-06-05,Kolar,16.4,29.3,22.1
2024-06-06,Kolar,16.3,28.9,22.2
2024-06-07,Kolar,5.3,28.1,21.6
2024-06-08,Kolar,1.0,29.9,21.1
2024-06-09,Kolar,0.0,28.6,21.1
2024-06-10,Kolar,2.5,29.2,21.2
2024-06-11,Kolar,0.2,28.9,22.0
2024-06-12,Kolar,2.2,27.8,21.9
2024-06-13,Kolar,0.8,28.4,21.2
2024-06-14,Kolar,0.0,28.7,20.9
2024-06-15,Kolar,0.0,30.1,20.4
2024-06-16,Kolar,0.5,30.3,20.8
2024-06-17,Kolar,1.2,31.6,21.0
2024-06-18,Kolar,4.5,31.1,21.4
2024-06-19,Kolar,10.5,30.1,21.1
2024-06-20,Kolar,0.9,29.9,21.3
2024-06-21,Kolar,1.6,29.8,20.8
2024-06-22,Kolar,0.3,29.6,21.0
2024-06-23,Kolar,4.0,30.1,20.8
2024-06-24,Kolar,0.7,30.7,21.7
2024-06-25,Kolar,4.2,28.8,21.8
2024-06-26,Kolar,0.2,27.6,21.7
2024-06-27,Kolar,4.8,24.9,21.9
2024-06-28,Kolar,0.6,30.1,21.3
2024-06-29,Kolar,0.6,30.5,20.5
2024-06-30,Kolar,1.0,29.7,21.2
2024-07-01,Kolar,5.9,28.9,21.4
2024-07-02,Kolar,0.0,30.4,20.7
2024-07-03,Kolar,2.7,29.7,20.6
2024-07-04,Kolar,5.4,27.7,21.0
2024-07-05,Kolar,5.2,30.2,20.6
2024-07-06,Kolar,2.9,28.7,20.8
2024-07-07,Kolar,0.2,29.8,21.3
2024-07-08,Kolar,2.5,28.7,20.9
2024-07-09,Kolar,0.2,29.6,20.7
2024-07-10,Kolar,2.2,31.1,20.6
2024-07-11,Kolar,3.0,28.4,21.0
2024-07-12,Kolar,5.1,30.5,20.7
2024-07-13,Kolar,0.9,27.0,21.3
2024-07-14,Kolar,2.7,26.2,21.0
2024-07-15,Kolar,8.3,27.1,20.9
2024-07-16,Kolar,10.3,26.4,21.0
2024-07-17,Kolar,0.7,26.8,20.9
2024-07-18,Kolar,5.6,26.3,21.4
2024-07-19,Kolar,11.5,23.9,20.7
2024-07-20,Kolar,3.0,25.8,20.6
2024-07-21,Kolar,0.4,28.3,21.2
2024-07-22,Kolar,0.8,27.9,21.2
2024-07-23,Kolar,0.3,28.6,21.8
2024-07-24,Kolar,0.7,27.9,21.3
2024-07-25,Kolar,0.9,28.9,21.5
2024-07-26,Kolar,0.6,28.0,21.8
2024-07-27,Kolar,0.2,27.9,21.6
2024-07-28,Kolar,0.0,28.4,21.5
2024-07-29,Kolar,1.8,30.3,21.2
2024-07-30,Kolar,2.4,25.2,21.4
2024-07-31,Kolar,4.2,28.2,21.1
2024-08-01,Kolar,0.5,29.4,21.4
2024-08-02,Kolar,1.6,29.0,21.3
2024-08-03,Kolar,0.3,29.5,20.3
2024-08-04,Kolar,0.1,29.7,20.7
2024-08-05,Kolar,14.8,29.9,19.8
2024-08-06,Kolar,9.7,29.4,20.8
2024-08-07,Kolar,5.8,27.5,20.6
2024-08-08,Kolar,16.8,28.6,20.1
2024-08-09,Kolar,16.9,28.4,20.4
2024-08-10,Kolar,12.3,27.4,20.5
2024-08-11,Kolar,2.5,28.9,20.6
2024-08-12,Kolar,4.1,29.8,20.7
2024-08-13,Kolar,14.5,29.4,20.2
2024-08-14,Kolar,0.9,29.6,21.0
2024-08-15,Kolar,1.8,28.7,21.7
2024-08-16,Kolar,6.8,30.2,21.1
2024-08-17,Kolar,1.0,29.9,20.2
2024-08-18,Kolar,0.8,30.0,20.6
2024-08-19,Kolar,14.4,29.9,21.8
2024-08-20,Kolar,5.9,29.5,20.4
2024-08-21,Kolar,2.3,28.0,21.1
2024-08-22,Kolar,1.3,28.6,20.2
2024-08-23,Kolar,0.0,29.9,20.2
2024-08-24,Kolar,1.1,29.4,20.2
2024-08-25,Kolar,0.5,28.2,20.7
2024-08-26,Kolar,1.9,29.2,20.2
2024-08-27,Kolar,0.7,27.3,20.9
2024-08-28,Kolar,5.7,26.8,20.7
2024-08-29,Kolar,6.8,29.0,20.3
2024-08-30,Kolar,2.1,27.3,20.2
2024-08-31,Kolar,4.0,25.0,20.3
2024-09-01,Kolar,4.1,28.2,20.7
2024-09-02,Kolar,15.3,28.9,20.8
2024-09-03,Kolar,1.0,28.1,20.6
2024-09-04,Kolar,0.6,28.3,20.5
2024-09-05,Kolar,0.1,29.4,20.4
2024-09-06,Kolar,0.1,28.8,20.7
2024-09-07,Kolar,6.1,27.7,21.2
2024-09-08,Kolar,0.8,26.7,20.8
2024-09-09,Kolar,0.7,28.2,21.3
2024-09-10,Kolar,1.1,29.4,20.3
2024-09-11,Kolar,0.3,29.8,19.9
2024-09-12,Kolar,0.2,29.8,19.9
2024-09-13,Kolar,0.0,29.2,19.4
2024-09-14,Kolar,0.0,29.8,19.7
2024-09-15,Kolar,0.0,29.8,19.6
2024-09-16,Kolar,0.4,30.0,18.9
2024-09-17,Kolar,0.4,29.4,19.8
2024-09-18,Kolar,0.0,30.0,18.8
2024-09-19,Kolar,0.7,29.5,18.6
2024-09-20,Kolar,1.3,29.8,19.9
2024-09-21,Kolar,0.0,29.6,20.7
2024-09-22,Kolar,0.9,28.8,20.9
2024-09-23,Kolar,0.9,29.9,20.8
2024-09-24,Kolar,1.5,30.0,21.3
2024-09-25,Kolar,2.1,30.5,21.2
2024-09-26,Kolar,0.4,30.0,20.5
2024-09-27,Kolar,2.3,30.5,20.6
2024-09-28,Kolar,8.6,29.5,19.9
2024-09-29,Kolar,8.0,29.1,20.2
2024-09-30,Kolar,0.0,30.5,20.1
2024-10-01,Kolar,0.8,30.9,20.6
2024-10-02,Kolar,15.9,31.4,20.8
2024-10-03,Kolar,0.1,30.0,20.0
2024-10-04,Kolar,7.5,29.6,21.0
2024-10-05,Kolar,8.1,28.1,20.3
2024-10-06,Kolar,0.1,28.6,20.2
2024-10-07,Kolar,8.0,28.5,19.8
2024-10-08,Kolar,4.5,28.7,20.2
2024-10-09,Kolar,6.6,28.6,20.4
2024-10-10,Kolar,8.5,28.0,20.1
2024-10-11,Kolar,7.1,28.1,20.4
2024-10-12,Kolar,4.4,28.2,20.2
2024-10-13,Kolar,2.1,28.1,20.5
2024-10-14,Kolar,19.6,25.1,19.8
2024-10-15,Kolar,39.7,24.5,20.0
2024-10-16,Kolar,15.4,22.8,19.8
2024-10-17,Kolar,0.8,27.3,19.7
2024-10-18,Kolar,5.1,27.5,19.7
2024-10-19,Kolar,12.5,25.4,19.6
2024-10-20,Kolar,27.7,27.0,19.5
2024-10-21,Kolar,7.7,28.0,20.1
2024-10-22,Kolar,5.2,28.0,19.3
2024-10-23,Kolar,12.0,28.0,18.7
2024-10-24,Kolar,1.5,26.5,19.6
2024-10-25,Kolar,0.0,27.8,17.8
2024-10-26,Kolar,0.0,27.4,17.9
2024-10-27,Kolar,0.7,26.7,17.2
2024-10-28,Kolar,0.0,28.5,17.5
2024-10-29,Kolar,0.6,28.6,18.7
2024-10-30,Kolar,2.3,28.2,20.2
2024-10-31,Kolar,1.1,27.9,19.0
2024-11-01,Kolar,1.9,27.3,20.2
2024-11-02,Kolar,3.4,26.9,19.7
2024-11-03,Kolar,4.2,27.3,19.0
2024-11-04,Kolar,1.5,27.1,19.2
2024-11-05,Kolar,0.0,27.3,16.3
2024-11-06,Kolar,0.0,27.5,15.9
2024-11-07,Kolar,2.7,27.3,19.2
2024-11-08,Kolar,0.0,28.6,17.3
2024-11-09,Kolar,0.0,27.9,16.1
2024-11-10,Kolar,0.1,27.7,16.4
2024-11-11,Kolar,0.0,28.6,16.6
2024-11-12,Kolar,3.5,26.2,19.3
2024-11-13,Kolar,5.0,25.9,19.9
2024-11-14,Kolar,11.5,25.1,20.0
2024-11-15,Kolar,1.6,25.7,19.9
2024-11-16,Kolar,2.6,26.5,19.5
2024-11-17,Kolar,0.3,27.4,19.5
2024-11-18,Kolar,0.6,27.0,19.2
2024-11-19,Kolar,0.3,26.5,18.3
2024-11-20,Kolar,0.0,25.8,17.4
2024-11-21,Kolar,0.0,26.0,16.3
2024-11-22,Kolar,0.0,26.2,15.9
2024-11-23,Kolar,0.0,27.0,15.5
2024-11-24,Kolar,0.0,27.2,18.0
2024-11-25,Kolar,0.0,26.5,17.7
2024-11-26,Kolar,1.5,23.8,17.8
2024-11-27,Kolar,0.0,24.5,18.2
2024-11-28,Kolar,0.0,25.1,16.9
2024-11-29,Kolar,0.0,23.9,18.1
2024-11-30,Kolar,2.1,23.4,19.0
2024-12-01,Kolar,20.0,23.0,19.9
2024-12-02,Kolar,15.1,23.6,20.2
2024-12-03,Kolar,6.0,27.2,20.0
2024-12-04,Kolar,1.2,25.8,19.0
2024-12-05,Kolar,1.5,25.9,19.8
2024-12-06,Kolar,0.0,27.5,19.4
2024-12-07,Kolar,0.8,27.1,18.7
2024-12-08,Kolar,0.0,26.8,18.8
2024-12-09,Kolar,0.0,27.7,17.2
2024-12-10,Kolar,0.0,27.1,18.8
2024-12-11,Kolar,0.1,25.5,17.7
2024-12-12,Kolar,32.5,21.2,19.4
2024-12-13,Kolar,1.5,25.2,19.3
2024-12-14,Kolar,0.3,25.7,16.6
2024-12-15,Kolar,0.1,24.1,14.3
2024-12-16,Kolar,0.0,24.6,14.3
2024-12-17,Kolar,0.0,26.1,14.2
2024-12-18,Kolar,0.1,26.0,17.4
2024-12-19,Kolar,0.1,26.5,18.3
2024-12-20,Kolar,1.0,27.2,18.7
2024-12-21,Kolar,0.0,28.0,17.5
2024-12-22,Kolar,1.3,27.3,17.3
2024-12-23,Kolar,0.2,27.0,17.4
2024-12-24,Kolar,0.0,26.6,17.0
2024-12-25,Kolar,0.0,26.7,16.4
2024-12-26,Kolar,2.5,25.5,18.5
2024-12-27,Kolar,2.2,24.8,18.1
2024-12-28,Kolar,0.0,26.0,17.7
2024-12-29,Kolar,0.0,26.7,15.9
2024-12-30,Kolar,0.2,25.4,16.1
2024-12-31,Kolar,0.0,26.6,16.1
2025-01-01,Kolar,0.0,25.8,14.8
2025-01-02,Kolar,0.0,24.6,15.0
2025-01-03,Kolar,0.0,24.6,14.4
2025-01-04,Kolar,0.0,24.3,12.3
2025-01-05,Kolar,0.0,24.4,13.8
2025-01-06,Kolar,0.0,24.6,15.8
2025-01-07,Kolar,0.0,25.7,14.3
2025-01-08,Kolar,0.0,25.5,15.8
2025-01-09,Kolar,0.0,24.0,13.5
2025-01-10,Kolar,0.0,24.5,15.2
2025-01-11,Kolar,0.4,25.2,18.1
2025-01-12,Kolar,0.7,26.6,15.5
2025-01-13,Kolar,3.1,25.4,18.5
2025-01-14,Kolar,0.6,25.6,17.3
2025-01-15,Kolar,0.0,25.0,16.9
2025-01-16,Kolar,0.0,25.6,16.8
2025-01-17,Kolar,0.0,25.7,16.0
2025-01-18,Kolar,0.0,25.4,16.0
2025-01-19,Kolar,1.8,24.3,18.2
2025-01-20,Kolar,0.1,26.5,16.5
2025-01-21,Kolar,0.0,26.1,13.9
2025-01-22,Kolar,0.0,26.3,13.5
2025-01-23,Kolar,0.0,27.5,16.8
2025-01-24,Kolar,0.0,25.4,15.8
2025-01-25,Kolar,0.0,26.5,13.1
2025-01-26,Kolar,0.0,27.1,13.2
2025-01-27,Kolar,0.0,26.2,12.8
2025-01-28,Kolar,0.0,25.5,12.9
2025-01-29,Kolar,0.0,26.8,14.2
2025-01-30,Kolar,0.0,27.6,12.6
2025-01-31,Kolar,0.0,28.4,17.2
2025-02-01,Kolar,0.0,28.7,18.8
2025-02-02,Kolar,0.0,28.8,17.3
2025-02-03,Kolar,0.0,28.1,13.9
2025-02-04,Kolar,0.0,28.7,13.8
2025-02-05,Kolar,0.0,28.3,15.5
2025-02-06,Kolar,0.0,27.9,13.7
2025-02-07,Kolar,0.0,28.0,14.1
2025-02-08,Kolar,0.0,28.1,14.7
2025-02-09,Kolar,0.0,27.9,15.5
2025-02-10,Kolar,0.0,26.7,14.3
2025-02-11,Kolar,0.0,28.1,14.5
2025-02-12,Kolar,0.0,29.5,13.5
2025-02-13,Kolar,0.0,29.7,14.5
2025-02-14,Kolar,0.0,29.8,15.4
2025-02-15,Kolar,0.0,30.1,16.4
2025-02-16,Kolar,0.0,29.2,15.5
2025-02-17,Kolar,0.0,29.2,14.7
2025-02-18,Kolar,0.0,29.3,15.4
2025-02-19,Kolar,0.0,30.4,16.2
2025-02-20,Kolar,0.0,30.2,16.3
2025-02-21,Kolar,0.0,29.6,15.8
2025-02-22,Kolar,0.0,30.5,17.6
2025-02-23,Kolar,0.0,30.2,16.8
2025-02-24,Kolar,0.0,28.9,16.1
2025-02-25,Kolar,0.0,28.2,15.7
2025-02-26,Kolar,0.0,28.7,16.8
2025-02-27,Kolar,0.0,28.8,15.6
2025-02-28,Kolar,0.0,29.2,14.7
2025-03-01,Kolar,0.0,29.5,18.1
2025-03-02,Kolar,0.0,29.9,19.3
2025-03-03,Kolar,0.0,32.1,18.1
2025-03-04,Kolar,0.0,31.7,17.9
2025-03-05,Kolar,0.0,31.6,18.1
2025-03-06,Kolar,0.0,31.7,19.1
2025-03-07,Kolar,0.0,31.2,17.3
2025-03-08,Kolar,0.0,30.9,15.3
2025-03-09,Kolar,0.0,31.1,16.8
2025-03-10,Kolar,0.0,29.4,17.3
2025-03-11,Kolar,1.5,29.0,15.3
2025-03-12,Kolar,4.5,30.0,18.6
2025-03-13,Kolar,0.0,31.8,17.4
2025-03-14,Kolar,0.0,32.6,17.9
2025-03-15,Kolar,0.0,32.0,16.8
2025-03-16,Kolar,0.0,31.6,16.9
2025-03-17,Kolar,0.0,32.4,19.5
2025-03-18,Kolar,0.0,32.4,19.1
2025-03-19,Kolar,0.0,31.6,19.4
2025-03-20,Kolar,0.0,31.5,19.2
2025-03-21,Kolar,0.0,31.5,18.3
2025-03-22,Kolar,2.4,30.9,20.1
2025-03-23,Kolar,1.0,30.0,19.9
2025-03-24,Kolar,0.0,31.1,19.2
2025-03-25,Kolar,0.0,31.8,20.6
2025-03-26,Kolar,0.0,32.6,19.0
2025-03-27,Kolar,0.0,33.2,19.8
2025-03-28,Kolar,0.0,32.7,20.5
2025-03-29,Kolar,0.0,33.6,20.3
2025-03-30,Kolar,0.0,33.1,19.2
2025-03-31,Kolar,0.0,32.4,19.7
2025-04-01,Kolar,0.0,30.5,17.9
2025-04-02,Kolar,0.3,30.6,19.2
2025-04-03,Kolar,4.3,30.9,21.0
2025-04-04,Kolar,4.4,31.5,19.7
2025-04-05,Kolar,0.1,31.8,19.8
2025-04-06,Kolar,0.0,32.7,20.6
2025-04-07,Kolar,0.0,33.6,19.7
2025-04-08,Kolar,0.0,33.4,19.0
2025-04-09,Kolar,0.0,32.4,18.8
2025-04-10,Kolar,0.0,32.1,19.7
2025-04-11,Kolar,0.0,33.5,21.2
2025-04-12,Kolar,0.8,33.3,21.6
2025-04-13,Kolar,0.1,32.5,22.1
2025-04-14,Kolar,0.7,32.7,19.9
2025-04-15,Kolar,0.0,32.6,20.5
2025-04-16,Kolar,1.2,32.5,21.1
2025-04-17,Kolar,0.1,32.0,20.9
2025-04-18,Kolar,0.6,32.4,21.4
2025-04-19,Kolar,0.0,32.3,21.3
2025-04-20,Kolar,0.0,33.4,21.4
2025-04-21,Kolar,0.0,32.6,20.3
2025-04-22,Kolar,0.0,32.8,19.6
2025-04-23,Kolar,0.0,33.3,20.9
2025-04-24,Kolar,0.0,33.6,20.2
2025-04-25,Kolar,0.0,32.6,21.8
2025-04-26,Kolar,0.0,32.4,21.2
2025-04-27,Kolar,0.0,31.6,20.5
2025-04-28,Kolar,0.0,31.4,20.8
2025-04-29,Kolar,0.0,32.3,21.2
2025-04-30,Kolar,0.0,32.2,20.8
2025-05-01,Kolar,0.4,32.5,21.8
2025-05-02,Kolar,0.9,31.9,21.6
2025-05-03,Kolar,0.0,32.1,21.7
2025-05-04,Kolar,0.0,32.3,22.0
2025-05-05,Kolar,0.0,32.8,21.0
2025-05-06,Kolar,0.0,32.0,21.0
2025-05-07,Kolar,0.0,31.5,21.1
2025-05-08,Kolar,0.0,30.7,20.6
2025-05-09,Kolar,0.1,30.5,20.7
2025-05-10,Kolar,0.2,29.8,20.8
2025-05-11,Kolar,3.2,30.8,21.2
2025-05-12,Kolar,0.9,31.3,21.4
2025-05-13,Kolar,0.0,31.9,20.9
2025-05-14,Kolar,1.8,31.2,21.4
2025-05-15,Kolar,0.2,31.1,20.8
2025-05-16,Kolar,7.4,31.2,21.6
2025-05-17,Kolar,22.4,30.9,21.0
2025-05-18,Kolar,6.5,30.8,21.1
2025-05-19,Kolar,8.5,28.5,21.5
2025-05-20,Kolar,25.0,28.3,21.7
2025-05-21,Kolar,6.7,28.5,21.1
2025-05-22,Kolar,1.8,29.9,20.8
2025-05-23,Kolar,1.3,30.1,20.9
2025-05-24,Kolar,0.3,26.6,22.3
2025-05-25,Kolar,4.9,28.8,21.7
2025-05-26,Kolar,10.4,27.0,21.2
2025-05-27,Kolar,0.7,29.1,21.3
2025-05-28,Kolar,4.3,28.2,21.8
2025-05-29,Kolar,3.2,28.3,21.9
2025-05-30,Kolar,0.0,26.5,21.4
2025-05-31,Kolar,0.0,30.7,21.5
2025-06-01,Kolar,0.0,31.0,19.9
2025-06-02,Kolar,1.7,30.2,20.3
2025-06-03,Kolar,4.7,29.5,20.8
2025-06-04,Kolar,0.0,30.4,20.6
2025-06-05,Kolar,0.0,30.7,19.9
2025-06-06,Kolar,0.2,30.6,20.8
2025-06-07,Kolar,0.3,30.5,21.2
2025-06-08,Kolar,6.1,30.8,20.9
2025-06-09,Kolar,0.9,30.1,20.7
2025-06-10,Kolar,4.0,30.9,20.8
2025-06-11,Kolar,2.1,30.1,20.8
2025-06-12,Kolar,0.4,29.1,21.0
2025-06-13,Kolar,3.7,28.4,21.0
2025-06-14,Kolar,3.3,28.3,20.7
2025-06-15,Kolar,1.1,26.0,21.5
2025-06-16,Kolar,1.7,27.8,21.2
2025-06-17,Kolar,0.4,28.0,21.1
2025-06-18,Kolar,0.1,29.7,20.4
2025-06-19,Kolar,0.0,30.0,20.9
2025-06-20,Kolar,0.5,30.3,20.4
2025-06-21,Kolar,0.4,29.8,20.2
2025-06-22,Kolar,0.9,30.3,20.3
2025-06-23,Kolar,0.5,28.0,20.8
2025-06-24,Kolar,0.6,28.8,21.5
2025-06-25,Kolar,3.0,28.9,21.1
2025-06-26,Kolar,0.8,28.3,21.4
2025-06-27,Kolar,0.0,29.8,20.3
2025-06-28,Kolar,0.4,30.1,20.7
2025-06-29,Kolar,0.0,30.8,20.8
2025-06-30,Kolar,0.2,30.5,19.6
2025-07-01,Kolar,0.0,28.3,20.8
2025-07-02,Kolar,1.1,29.5,20.5
2025-07-03,Kolar,3.9,27.6,20.3
2025-07-04,Kolar,0.2,29.5,20.7
2025-07-05,Kolar,0.5,29.5,21.1
2025-07-06,Kolar,1.0,29.0,20.9
2025-07-07,Kolar,0.3,29.3,21.0
2025-07-08,Kolar,0.4,30.8,20.3
2025-07-09,Kolar,0.1,30.2,20.7
2025-07-10,Kolar,1.2,30.1,20.8
2025-07-11,Kolar,2.8,29.8,20.4
2025-07-12,Kolar,1.9,29.2,20.8
2025-07-13,Kolar,1.1,29.9,20.7
2025-07-14,Kolar,3.6,29.0,20.7
2025-07-15,Kolar,4.2,28.3,20.9
2025-07-16,Kolar,28.3,29.4,20.5
2025-07-17,Kolar,12.1,29.9,20.8
2025-07-18,Kolar,10.5,29.3,20.4
2025-07-19,Kolar,11.6,28.9,20.9
2025-07-20,Kolar,1.3,28.3,20.4
2025-07-21,Kolar,11.4,27.8,20.3
2025-07-22,Kolar,1.9,27.5,20.5
2025-07-23,Kolar,3.7,26.9,20.5
2025-07-24,Kolar,3.2,26.3,20.5
2025-07-25,Kolar,2.3,26.8,20.0
2025-07-26,Kolar,1.7,27.9,21.1
2025-07-27,Kolar,0.0,27.0,20.9
2025-07-28,Kolar,0.0,27.9,19.9
2025-07-29,Kolar,0.1,28.8,19.6
2025-07-30,Kolar,0.2,28.6,19.8
2025-07-31,Kolar,1.6,28.9,20.2
2025-08-01,Kolar,0.9,29.4,19.7
2025-08-02,Kolar,0.5,29.7,20.2
2025-08-03,Kolar,2.2,28.4,20.1
2025-08-04,Kolar,7.7,29.4,19.9
2025-08-05,Kolar,15.4,28.3,20.3
2025-08-06,Kolar,0.5,29.8,20.4
2025-08-07,Kolar,8.0,29.0,20.6
2025-08-08,Kolar,26.2,28.2,20.5
2025-08-09,Kolar,5.4,27.4,20.6
2025-08-10,Kolar,17.1,28.8,20.4
2025-08-11,Kolar,6.5,26.8,20.1
2025-08-12,Kolar,2.1,26.5,20.3
2025-08-13,Kolar,4.6,25.0,19.9
2025-08-14,Kolar,1.4,26.6,19.6
2025-08-15,Kolar,3.7,27.6,19.8
2025-08-16,Kolar,3.9,28.1,20.2
2025-08-17,Kolar,13.6,26.4,20.3
2025-08-18,Kolar,7.1,22.9,19.7
2025-08-19,Kolar,0.2,26.4,20.0
2025-08-20,Kolar,0.1,28.3,19.6
2025-08-21,Kolar,0.6,28.0,19.2
2025-08-22,Kolar,1.9,27.7,20.2
2025-08-23,Kolar,5.9,28.2,20.0
2025-08-24,Kolar,0.1,28.7,19.3
2025-08-25,Kolar,0.0,27.5,18.5
2025-08-26,Kolar,1.2,27.8,19.1
2025-08-27,Kolar,5.8,28.0,19.8
2025-08-28,Kolar,7.8,27.5,20.0
2025-08-29,Kolar,0.2,26.4,20.7
2025-08-30,Kolar,1.1,29.2,20.3
2025-08-31,Kolar,7.4,28.0,20.3
2025-09-01,Kolar,2.0,28.0,20.3
2025-09-02,Kolar,5.4,28.0,19.8
2025-09-03,Kolar,1.4,27.4,19.9
2025-09-04,Kolar,0.6,28.0,19.8
2025-09-05,Kolar,0.1,28.7,19.4
2025-09-06,Kolar,1.0,28.6,19.3
2025-09-07,Kolar,1.2,28.7,20.0
2025-09-08,Kolar,0.7,28.9,19.5
2025-09-09,Kolar,1.1,29.2,19.5
2025-09-10,Kolar,4.4,28.4,20.6
2025-09-11,Kolar,1.5,27.5,19.9
2025-09-12,Kolar,0.9,28.1,20.5
2025-09-13,Kolar,0.4,28.9,19.8
2025-09-14,Kolar,0.2,28.3,19.6
2025-09-15,Kolar,0.3,29.0,19.5
2025-09-16,Kolar,12.8,28.0,20.1
2025-09-17,Kolar,7.3,27.0,20.0
2025-09-18,Kolar,4.7,27.5,20.1
2025-09-19,Kolar,10.1,24.9,20.0
2025-09-20,Kolar,3.7,28.3,19.5
2025-09-21,Kolar,0.5,28.1,19.5
2025-09-22,Kolar,0.5,28.1,19.9
2025-09-23,Kolar,0.8,26.2,20.2
2025-09-24,Kolar,1.2,27.7,20.0
2025-09-25,Kolar,4.3,27.1,19.3
2025-09-26,Kolar,1.4,27.6,19.8
2025-09-27,Kolar,1.6,27.6,19.8
2025-09-28,Kolar,0.2,28.8,19.7
2025-09-29,Kolar,0.0,28.5,20.2
2025-09-30,Kolar,0.0,28.6,18.6
2025-10-01,Kolar,0.3,28.3,20.1
2025-10-02,Kolar,1.5,28.8,20.5
2025-10-03,Kolar,1.6,29.4,20.0
2025-10-04,Kolar,8.8,26.0,19.4
2025-10-05,Kolar,6.0,28.2,18.6
2025-10-06,Kolar,1.0,27.6,20.0
2025-10-07,Kolar,0.6,27.7,19.5
2025-10-08,Kolar,11.0,27.5,19.4
2025-10-09,Kolar,28.9,28.2,19.7
2025-10-10,Kolar,15.4,27.1,19.8
2025-10-11,Kolar,4.8,27.4,19.2
2025-10-12,Kolar,0.0,28.1,18.4
2025-10-13,Kolar,0.0,28.6,19.0
2025-10-14,Kolar,2.8,27.4,20.1
2025-10-15,Kolar,5.1,26.3,20.1
2025-10-16,Kolar,2.9,27.4,20.4
2025-10-17,Kolar,27.1,25.9,19.8
2025-10-18,Kolar,12.3,25.9,20.2
2025-10-19,Kolar,3.4,26.9,19.3
2025-10-20,Kolar,2.7,26.7,19.7
2025-10-21,Kolar,7.5,24.3,19.7
2025-10-22,Kolar,11.4,24.5,20.1
2025-10-23,Kolar,12.6,25.7,20.6
2025-10-24,Kolar,0.7,25.5,20.4
2025-10-25,Kolar,0.8,27.7,19.8
2025-10-26,Kolar,0.0,27.9,19.7
2025-10-27,Kolar,3.5,25.8,20.0
2025-10-28,Kolar,9.8,22.8,20.2
2025-10-29,Kolar,0.1,27.7,19.9
2025-10-30,Kolar,0.0,28.0,18.7
2025-10-31,Kolar,0.0,28.4,17.9
2025-11-01,Kolar,0.0,29.3,18.3
2025-11-02,Kolar,0.1,28.7,19.0
2025-11-03,Kolar,0.0,28.3,19.3
2025-11-04,Kolar,0.0,25.6,19.0
2025-11-05,Kolar,4.8,27.5,19.7
2025-11-06,Kolar,2.1,27.1,19.0
2025-11-07,Kolar,1.8,27.2,19.3
2025-11-08,Kolar,0.0,26.8,17.7
2025-11-09,Kolar,0.0,26.0,15.6
2025-11-10,Kolar,0.0,26.5,15.8
2025-11-11,Kolar,0.0,27.0,16.8
2025-11-12,Kolar,0.2,27.4,17.9
2025-11-13,Kolar,0.2,27.8,19.2
2025-11-14,Kolar,0.2,27.0,17.6
2025-11-15,Kolar,0.0,25.4,15.4
2025-11-16,Kolar,0.0,25.4,16.9
2025-11-17,Kolar,0.0,25.0,16.8
2025-11-18,Kolar,10.7,23.9,18.1
2025-11-19,Kolar,1.0,26.7,18.0
2025-11-20,Kolar,0.0,27.5,18.2
2025-11-21,Kolar,7.5,27.4,17.5
2025-11-22,Kolar,1.9,26.3,19.7
2025-11-23,Kolar,0.6,25.6,19.5
2025-11-24,Kolar,0.4,26.5,18.9
2025-11-25,Kolar,0.0,25.6,18.0
2025-11-26,Kolar,0.1,25.7,17.0
2025-11-27,Kolar,0.1,25.4,16.7
2025-11-28,Kolar,0.0,24.5,15.4
2025-11-29,Kolar,1.3,22.6,15.8
2025-11-30,Kolar,7.3,23.2,18.6
2025-12-01,Kolar,0.9,23.5,18.5
2025-12-02,Kolar,0.4,25.3,18.8
2025-12-03,Kolar,1.7,24.7,19.1
2025-12-04,Kolar,7.5,25.3,18.6
2025-12-05,Kolar,4.3,25.1,19.2
2025-12-06,Kolar,0.1,25.2,16.7
2025-12-07,Kolar,0.0,26.0,17.1
2025-12-08,Kolar,0.0,25.9,15.0
2025-12-09,Kolar,0.0,26.2,14.6
2025-12-10,Kolar,0.0,26.0,15.2
2025-12-11,Kolar,0.0,25.0,13.8
2025-12-12,Kolar,0.0,25.7,12.9
2025-12-13,Kolar,0.0,25.9,13.4
2025-12-14,Kolar,0.0,24.9,13.7
2025-12-15,Kolar,0.0,25.1,14.3
2025-12-16,Kolar,0.0,23.8,15.6
2025-12-17,Kolar,0.4,26.6,16.2
2025-12-18,Kolar,0.0,25.6,13.7
2025-12-19,Kolar,0.0,25.4,14.7
2025-12-20,Kolar,0.0,24.4,13.4
2025-12-21,Kolar,0.0,25.0,14.7
2025-12-22,Kolar,0.1,24.3,13.3
2025-12-23,Kolar,0.0,24.9,14.3
2025-12-24,Kolar,0.0,24.3,14.0
2025-12-25,Kolar,0.0,25.8,13.2
2025-12-26,Kolar,0.2,25.7,16.4
2025-12-27,Kolar,0.0,24.5,13.7
2025-12-28,Kolar,0.0,25.3,13.1
2025-12-29,Kolar,0.0,26.0,15.0
2025-12-30,Kolar,0.0,27.0,16.3
2025-12-31,Kolar,0.0,27.6,17.0
2019-01-01,Pune,0.0,27.4,12.7
2019-01-02,Pune,0.0,28.7,13.5
2019-01-03,Pune,0.0,29.2,14.4
2019-01-04,Pune,0.0,29.3,13.1
2019-01-05,Pune,0.0,29.2,14.0
2019-01-06,Pune,0.0,28.6,13.2
2019-01-07,Pune,0.0,26.9,14.2
2019-01-08,Pune,0.0,27.5,11.1
2019-01-09,Pune,0.0,28.1,11.5
2019-01-10,Pune,0.0,28.3,11.2
2019-01-11,Pune,0.0,29.2,12.8
2019-01-12,Pune,0.0,29.7,14.4
2019-01-13,Pune,0.0,28.6,13.3
2019-01-14,Pune,0.0,27.9,14.2
2019-01-15,Pune,0.0,28.0,14.1
2019-01-16,Pune,0.0,28.5,14.5
2019-01-17,Pune,0.0,29.7,14.7
2019-01-18,Pune,0.0,29.6,13.3
2019-01-19,Pune,0.0,29.1,15.4
2019-01-20,Pune,0.0,29.4,15.9
2019-01-21,Pune,0.0,29.4,13.0
2019-01-22,Pune,0.0,27.3,14.6
2019-01-23,Pune,0.0,25.4,13.7
2019-01-24,Pune,0.0,27.4,12.5
2019-01-25,Pune,0.0,25.6,10.6
2019-01-26,Pune,0.0,25.1,13.2
2019-01-27,Pune,0.0,25.2,13.7
2019-01-28,Pune,0.0,24.5,12.6
2019-01-29,Pune,0.0,25.2,11.2
2019-01-30,Pune,0.0,26.9,11.0
2019-01-31,Pune,0.0,27.8,12.3
2019-02-01,Pune,0.0,28.9,13.1
2019-02-02,Pune,0.0,29.0,14.3
2019-02-03,Pune,0.0,29.1,14.8
2019-02-04,Pune,0.0,29.8,16.4
2019-02-05,Pune,0.0,29.7,15.0
2019-02-06,Pune,0.0,29.9,15.5
2019-02-07,Pune,0.0,25.0,14.8
2019-02-08,Pune,0.0,24.0,10.3
2019-02-09,Pune,0.0,25.3,9.9
2019-02-10,Pune,0.0,28.7,10.1
2019-02-11,Pune,0.0,30.2,12.7
2019-02-12,Pune,0.0,30.9,16.6
2019-02-13,Pune,0.0,31.8,19.1
2019-02-14,Pune,0.0,31.3,16.6
2019-02-15,Pune,0.0,30.2,15.3
2019-02-16,Pune,0.0,28.3,11.6
2019-02-17,Pune,0.0,29.7,13.4
2019-02-18,Pune,0.0,32.4,14.6
2019-02-19,Pune,0.0,33.3,15.3
2019-02-20,Pune,0.0,34.4,17.9
2019-02-21,Pune,0.0,33.0,18.6
2019-02-22,Pune,0.0,33.3,19.5
2019-02-23,Pune,0.0,33.5,18.6
2019-02-24,Pune,0.0,33.8,18.7
2019-02-25,Pune,0.0,31.7,16.9
2019-02-26,Pune,0.0,28.3,16.8
2019-02-27,Pune,0.0,27.7,15.6
2019-02-28,Pune,0.0,27.9,13.0
2019-03-01,Pune,0.0,30.6,14.5
2019-03-02,Pune,0.0,33.7,16.4
2019-03-03,Pune,0.0,31.7,16.7
2019-03-04,Pune,0.0,30.0,16.8
2019-03-05,Pune,0.0,30.4,15.8
2019-03-06,Pune,0.0,29.4,16.0
2019-03-07,Pune,0.0,31.4,13.9
2019-03-08,Pune,0.0,33.7,15.1
2019-03-09,Pune,0.0,33.5,17.2
2019-03-10,Pune,0.0,33.8,17.1
2019-03-11,Pune,0.0,32.3,17.8
2019-03-12,Pune,0.0,33.9,15.9
2019-03-13,Pune,0.0,32.3,17.4
2019-03-14,Pune,0.0,32.3,17.4
2019-03-15,Pune,0.0,33.7,16.6
2019-03-16,Pune,0.0,34.8,17.5
2019-03-17,Pune,0.0,34.6,19.1
2019-03-18,Pune,0.0,34.9,17.1
2019-03-19,Pune,0.0,34.7,16.5
2019-03-20,Pune,0.0,35.1,18.5
2019-03-21,Pune,0.0,33.3,18.9
2019-03-22,Pune,0.0,34.4,16.4
2019-03-23,Pune,0.0,35.4,17.5
2019-03-24,Pune,0.0,36.1,21.1
2019-03-25,Pune,0.0,36.8,23.1
2019-03-26,Pune,0.0,37.0,21.3
2019-03-27,Pune,0.0,37.3,19.6
2019-03-28,Pune,0.0,37.7,20.3
2019-03-29,Pune,0.0,38.2,22.0
2019-03-30,Pune,0.0,38.7,22.0
2019-03-31,Pune,0.0,36.6,21.3
2019-04-01,Pune,0.0,36.9,21.2
2019-04-02,Pune,0.0,37.8,17.8
2019-04-03,Pune,0.0,38.0,18.9
2019-04-04,Pune,0.0,39.0,21.3
2019-04-05,Pune,0.0,36.8,20.4
2019-04-06,Pune,0.0,37.0,20.7
2019-04-07,Pune,0.0,36.6,24.3
2019-04-08,Pune,0.0,38.1,21.5
2019-04-09,Pune,0.0,35.7,21.0
2019-04-10,Pune,0.0,38.3,21.6
2019-04-11,Pune,0.0,37.8,21.2
2019-04-12,Pune,0.0,37.8,20.8
2019-04-13,Pune,0.0,38.9,22.4
2019-04-14,Pune,0.0,38.2,22.8
2019-04-15,Pune,0.0,35.8,23.3
2019-04-16,Pune,0.4,33.1,22.5
2019-04-17,Pune,0.0,34.0,20.4
2019-04-18,Pune,0.0,34.8,17.6
2019-04-19,Pune,0.0,36.6,19.6
2019-04-20,Pune,0.0,37.0,19.0
2019-04-21,Pune,0.0,36.7,20.2
2019-04-22,Pune,0.0,37.7,21.4
2019-04-23,Pune,0.0,38.4,22.3
2019-04-24,Pune,0.0,40.0,22.9
2019-04-25,Pune,0.0,39.3,24.3
2019-04-26,Pune,0.0,41.3,25.5
2019-04-27,Pune,0.0,42.0,26.6
2019-04-28,Pune,0.0,42.0,24.7
2019-04-29,Pune,0.0,39.1,23.0
2019-04-30,Pune,0.0,36.7,23.3
2019-05-01,Pune,0.0,36.1,22.2
2019-05-02,Pune,0.0,34.4,20.4
2019-05-03,Pune,0.0,34.1,20.3
2019-05-04,Pune,0.0,34.0,20.0
2019-05-05,Pune,0.0,34.9,20.6
2019-05-06,Pune,0.0,37.6,21.1
2019-05-07,Pune,0.0,36.4,22.6
2019-05-08,Pune,0.0,35.2,21.6
2019-05-09,Pune,0.0,34.3,21.3
2019-05-10,Pune,0.0,34.8,20.4
2019-05-11,Pune,0.0,36.9,20.4
2019-05-12,Pune,0.0,38.4,21.2
2019-05-13,Pune,0.0,36.9,22.0
2019-05-14,Pune,0.0,36.5,21.7
2019-05-15,Pune,0.0,36.1,21.1
2019-05-16,Pune,0.0,36.5,21.4
2019-05-17,Pune,0.0,37.0,22.0
2019-05-18,Pune,0.0,37.5,22.1
2019-05-19,Pune,0.0,38.4,23.8
2019-05-20,Pune,0.0,39.7,22.9
2019-05-21,Pune,0.0,39.5,24.3
2019-05-22,Pune,0.0,38.0,22.9
2019-05-23,Pune,0.0,38.3,23.3
2019-05-24,Pune,0.0,37.8,22.4
2019-05-25,Pune,0.0,37.0,23.1
2019-05-26,Pune,0.0,36.0,21.3
2019-05-27,Pune,0.0,37.5,23.3
2019-05-28,Pune,0.0,37.5,23.0
2019-05-29,Pune,0.0,37.3,23.4
2019-05-30,Pune,0.0,36.7,23.3
2019-05-31,Pune,0.0,38.1,22.8
2019-06-01,Pune,0.0,37.0,23.4
2019-06-02,Pune,0.0,37.1,22.6
2019-06-03,Pune,0.0,35.2,23.8
2019-06-04,Pune,0.0,35.6,23.3
2019-06-05,Pune,0.8,37.7,23.1
2019-06-06,Pune,1.2,35.7,24.1
2019-06-07,Pune,0.0,36.3,23.9
2019-06-08,Pune,0.6,35.8,25.3
2019-06-09,Pune,2.5,34.7,25.5
2019-06-10,Pune,1.8,34.0,24.7
2019-06-11,Pune,0.0,35.4,23.8
2019-06-12,Pune,1.9,33.0,24.1
2019-06-13,Pune,2.0,32.1,22.5
2019-06-14,Pune,0.7,32.7,23.0
2019-06-15,Pune,0.4,31.0,22.7
2019-06-16,Pune,0.7,32.7,23.1
2019-06-17,Pune,0.1,31.7,23.7
2019-06-18,Pune,1.1,32.2,23.4
2019-06-19,Pune,1.6,30.8,23.6
2019-06-20,Pune,0.3,32.7,22.5
2019-06-21,Pune,0.0,32.3,22.3
2019-06-22,Pune,1.7,33.1,23.2
2019-06-23,Pune,2.8,29.9,23.4
2019-06-24,Pune,4.9,28.8,23.0
2019-06-25,Pune,11.7,30.3,22.6
2019-06-26,Pune,12.2,31.2,22.5
2019-06-27,Pune,15.5,30.1,22.7
2019-06-28,Pune,46.7,27.1,23.0
2019-06-29,Pune,47.5,24.8,22.8
2019-06-30,Pune,26.7,25.9,22.1
2019-07-01,Pune,52.1,24.3,22.4
2019-07-02,Pune,6.0,26.3,22.1
2019-07-03,Pune,5.0,26.4,22.3
2019-07-04,Pune,3.6,28.2,22.8
2019-07-05,Pune,12.1,27.0,22.9
2019-07-06,Pune,11.8,25.5,22.8
2019-07-07,Pune,10.9,25.6,22.8
2019-07-08,Pune,6.9,27.4,23.1
2019-07-09,Pune,1.5,28.1,23.1
2019-07-10,Pune,19.3,27.9,22.8
2019-07-11,Pune,15.2,25.5,22.7
2019-07-12,Pune,0.4,27.9,22.8
2019-07-13,Pune,1.0,28.1,22.4
2019-07-14,Pune,0.8,27.9,22.9
2019-07-15,Pune,0.3,28.5,22.7
2019-07-16,Pune,1.1,28.5,22.7
2019-07-17,Pune,1.7,28.0,22.3
2019-07-18,Pune,1.4,28.4,21.9
2019-07-19,Pune,2.3,29.4,22.0
2019-07-20,Pune,14.6,29.0,23.3
2019-07-21,Pune,11.1,29.8,22.6
2019-07-22,Pune,4.0,29.5,22.1
2019-07-23,Pune,2.0,30.1,22.9
2019-07-24,Pune,77.4,26.7,23.2
2019-07-25,Pune,11.3,26.4,23.0
2019-07-26,Pune,15.8,25.9,22.5
2019-07-27,Pune,9.8,25.9,22.2
2019-07-28,Pune,5.3,24.9,22.4
2019-07-29,Pune,29.6,24.7,22.1
2019-07-30,Pune,33.2,23.7,22.1
2019-07-31,Pune,29.2,23.7,22.1
2019-08-01,Pune,17.1,24.3,22.3
2019-08-02,Pune,6.2,26.2,22.3
2019-08-03,Pune,40.5,24.6,22.4
2019-08-04,Pune,54.9,24.0,22.5
2019-08-05,Pune,24.5,24.5,22.5
2019-08-06,Pune,9.9,25.4,22.7
2019-08-07,Pune,5.2,24.8,22.8
2019-08-08,Pune,17.2,24.2,22.6
2019-08-09,Pune,15.5,24.7,22.7
2019-08-10,Pune,7.2,26.4,22.3
2019-08-11,Pune,4.8,26.8,22.2
2019-08-12,Pune,0.5,28.0,22.0
2019-08-13,Pune,1.4,27.8,21.9
2019-08-14,Pune,0.9,28.0,22.2
2019-08-15,Pune,0.7,27.4,22.6
2019-08-16,Pune,2.0,27.4,22.1
2019-08-17,Pune,0.9,28.1,21.6
2019-08-18,Pune,0.9,27.8,21.2
2019-08-19,Pune,0.8,28.2,20.4
2019-08-20,Pune,1.0,28.4,20.6
2019-08-21,Pune,1.8,27.3,20.9
2019-08-22,Pune,1.0,27.2,21.1
2019-08-23,Pune,0.3,27.9,20.6
2019-08-24,Pune,0.5,27.6,21.1
2019-08-25,Pune,1.0,28.0,21.3
2019-08-26,Pune,1.2,28.3,21.1
2019-08-27,Pune,0.6,27.4,20.9
2019-08-28,Pune,1.3,28.6,20.8
2019-08-29,Pune,2.7,28.9,20.7
2019-08-30,Pune,9.0,28.2,21.8
2019-08-31,Pune,3.3,26.6,22.1
2019-09-01,Pune,2.5,27.7,22.3
2019-09-02,Pune,2.3,27.6,22.2
2019-09-03,Pune,3.0,25.9,22.0
2019-09-04,Pune,9.4,26.5,22.2
2019-09-05,Pune,16.3,27.4,21.9
2019-09-06,Pune,3.9,27.1,22.7
2019-09-07,Pune,2.9,26.2,22.7
2019-09-08,Pune,2.4,27.5,22.8
2019-09-09,Pune,6.3,26.5,22.6
2019-09-10,Pune,2.7,27.1,22.3
2019-09-11,Pune,0.4,26.9,22.3
2019-09-12,Pune,5.0,24.4,22.0
2019-09-13,Pune,4.6,26.7,22.0
2019-09-14,Pune,5.3,26.4,21.4
2019-09-15,Pune,1.3,27.2,22.1
2019-09-16,Pune,0.9,27.1,21.7
2019-09-17,Pune,21.8,26.9,21.2
2019-09-18,Pune,11.8,26.5,21.3
2019-09-19,Pune,20.9,27.6,21.8
2019-09-20,Pune,3.5,26.8,20.6
2019-09-21,Pune,2.7,27.9,20.2
2019-09-22,Pune,1.3,29.2,21.2
2019-09-23,Pune,2.0,29.2,21.0
2019-09-24,Pune,11.9,28.3,20.9
2019-09-25,Pune,17.6,27.9,21.9
2019-09-26,Pune,13.7,27.9,21.9
2019-09-27,Pune,8.8,27.5,21.4
2019-09-28,Pune,1.1,27.7,20.6
2019-09-29,Pune,0.6,28.8,18.8
2019-09-30,Pune,0.8,28.2,19.5
2019-10-01,Pune,0.5,28.4,20.3
2019-10-02,Pune,0.3,28.9,19.4
2019-10-03,Pune,1.5,28.7,20.8
2019-10-04,Pune,8.1,28.2,19.9
2019-10-05,Pune,17.6,28.3,20.1
2019-10-06,Pune,15.8,27.7,20.2
2019-10-07,Pune,11.9,28.7,20.4
2019-10-08,Pune,1.0,28.8,21.0
2019-10-09,Pune,11.7,28.3,21.0
2019-10-10,Pune,2.5,29.1,20.4
2019-10-11,Pune,9.1,28.4,20.1
2019-10-12,Pune,15.3,28.9,20.9
2019-10-13,Pune,7.1,29.1,20.7
2019-10-14,Pune,0.2,29.1,21.0
2019-10-15,Pune,0.0,29.6,19.7
2019-10-16,Pune,0.0,29.1,18.4
2019-10-17,Pune,0.0,29.1,18.7
2019-10-18,Pune,8.3,26.1,19.5
2019-10-19,Pune,28.9,23.7,21.0
2019-10-20,Pune,24.4,23.0,20.6
2019-10-21,Pune,14.1,26.9,20.7
2019-10-22,Pune,22.7,26.1,20.6
2019-10-23,Pune,18.7,24.8,20.7
2019-10-24,Pune,17.6,25.1,21.1
2019-10-25,Pune,16.0,24.9,20.8
2019-10-26,Pune,7.8,24.7,20.9
2019-10-27,Pune,5.5,27.0,20.5
2019-10-28,Pune,6.6,28.3,20.5
2019-10-29,Pune,2.6,28.3,20.4
2019-10-30,Pune,9.1,28.6,20.1
2019-10-31,Pune,0.7,27.7,20.7
2019-11-01,Pune,4.9,27.2,21.0
2019-11-02,Pune,0.3,28.2,19.8
2019-11-03,Pune,1.4,27.4,18.2
2019-11-04,Pune,2.4,28.3,19.8
2019-11-05,Pune,0.1,28.6,18.7
2019-11-06,Pune,0.8,28.1,19.8
2019-11-07,Pune,0.0,28.5,19.4
2019-11-08,Pune,0.0,28.1,17.7
2019-11-09,Pune,0.1,27.9,17.7
2019-11-10,Pune,0.0,28.5,16.4
2019-11-11,Pune,0.0,28.6,18.0
2019-11-12,Pune,0.0,27.9,17.4
2019-11-13,Pune,0.0,27.4,18.4
2019-11-14,Pune,0.0,26.8,15.5
2019-11-15,Pune,0.3,26.8,18.3
2019-11-16,Pune,0.1,28.1,18.4
2019-11-17,Pune,0.2,28.2,19.2
2019-11-18,Pune,0.0,28.6,16.9
2019-11-19,Pune,0.0,28.7,16.9
2019-11-20,Pune,0.0,28.9,17.3
2019-11-21,Pune,0.0,28.7,18.8
2019-11-22,Pune,0.0,28.1,18.8
2019-11-23,Pune,0.0,28.7,16.9
2019-11-24,Pune,0.0,28.3,16.8
2019-11-25,Pune,0.0,28.1,16.0
2019-11-26,Pune,0.0,28.7,17.0
2019-11-27,Pune,0.0,28.0,17.0
2019-11-28,Pune,0.0,28.6,18.1
2019-11-29,Pune,0.0,28.0,17.4
2019-11-30,Pune,0.6,28.5,18.8
2019-12-01,Pune,0.1,28.0,18.6
2019-12-02,Pune,0.0,28.2,17.9
2019-12-03,Pune,0.7,26.9,17.4
2019-12-04,Pune,0.0,27.3,19.2
2019-12-05,Pune,0.4,25.8,20.2
2019-12-06,Pune,0.0,27.8,19.8
2019-12-07,Pune,0.0,27.6,15.7
2019-12-08,Pune,0.0,27.4,15.2
2019-12-09,Pune,0.0,27.7,17.2
2019-12-10,Pune,0.0,27.8,17.6
2019-12-11,Pune,0.0,28.3,16.9
2019-12-12,Pune,0.2,27.3,18.4
2019-12-13,Pune,0.0,27.5,16.0
2019-12-14,Pune,0.0,27.7,14.9
2019-12-15,Pune,0.0,27.4,16.1
2019-12-16,Pune,0.2,27.3,17.9
2019-12-17,Pune,0.0,27.4,17.3
2019-12-18,Pune,0.0,26.9,15.0
2019-12-19,Pune,0.0,27.0,17.0
2019-12-20,Pune,0.0,27.4,15.9
2019-12-21,Pune,0.0,27.2,16.4
2019-12-22,Pune,0.0,26.3,18.3
2019-12-23,Pune,0.5,27.7,17.6
2019-12-24,Pune,0.5,28.2,19.1
2019-12-25,Pune,1.6,27.0,20.2
2019-12-26,Pune,4.9,27.3,19.0
2019-12-27,Pune,0.0,26.3,17.1
2019-12-28,Pune,0.0,25.3,15.1
2019-12-29,Pune,0.6,25.9,15.3
2019-12-30,Pune,0.0,26.4,16.2
2019-12-31,Pune,0.0,26.6,13.3
2020-01-01,Pune,0.0,26.7,10.8
2020-01-02,Pune,0.0,26.7,12.9
2020-01-03,Pune,0.0,24.5,13.3
2020-01-04,Pune,0.0,23.7,11.9
2020-01-05,Pune,0.0,25.1,13.9
2020-01-06,Pune,0.0,26.6,13.8
2020-01-07,Pune,0.2,28.0,15.2
2020-01-08,Pune,0.8,26.5,16.2
2020-01-09,Pune,0.0,25.1,13.1
2020-01-10,Pune,0.0,26.4,13.5
2020-01-11,Pune,0.0,27.1,15.5
2020-01-12,Pune,0.0,27.0,14.6
2020-01-13,Pune,0.0,28.5,15.2
2020-01-14,Pune,0.0,27.0,16.3
2020-01-15,Pune,0.0,27.1,14.8
2020-01-16,Pune,0.0,23.7,11.4
2020-01-17,Pune,0.0,23.6,8.4
2020-01-18,Pune,0.0,26.6,10.7
2020-01-19,Pune,0.0,27.4,13.2
2020-01-20,Pune,0.0,28.1,13.8
2020-01-21,Pune,0.0,28.7,16.6
2020-01-22,Pune,0.0,29.5,16.2
2020-01-23,Pune,0.0,28.8,17.1
2020-01-24,Pune,0.0,28.9,16.2
2020-01-25,Pune,0.0,29.5,15.6
2020-01-26,Pune,0.0,30.2,17.0
2020-01-27,Pune,0.0,30.2,16.5
2020-01-28,Pune,0.0,25.0,12.5
2020-01-29,Pune,0.0,23.9,12.9
2020-01-30,Pune,0.0,25.9,11.2
2020-01-31,Pune,0.0,28.0,12.8
2020-02-01,Pune,0.0,27.7,12.8
2020-02-02,Pune,0.0,29.1,14.5
2020-02-03,Pune,0.0,29.7,13.9
2020-02-04,Pune,0.0,29.0,15.5
2020-02-05,Pune,0.0,28.6,14.9
2020-02-06,Pune,0.0,29.0,14.3
2020-02-07,Pune,0.0,26.8,12.5
2020-02-08,Pune,0.0,27.2,15.2
2020-02-09,Pune,0.0,27.0,15.0
2020-02-10,Pune,0.3,27.9,17.3
2020-02-11,Pune,0.0,27.9,16.7
2020-02-12,Pune,0.0,28.5,19.7
2020-02-13,Pune,0.0,29.3,19.7
2020-02-14,Pune,0.0,30.1,17.9
2020-02-15,Pune,0.0,30.3,16.1
2020-02-16,Pune,0.0,31.8,16.3
2020-02-17,Pune,0.0,31.2,17.1
2020-02-18,Pune,0.0,31.3,18.0
2020-02-19,Pune,0.0,32.0,17.5
2020-02-20,Pune,0.0,32.2,17.6
2020-02-21,Pune,0.0,31.6,16.6
2020-02-22,Pune,0.0,31.3,17.1
2020-02-23,Pune,0.0,32.5,17.7
2020-02-24,Pune,0.0,33.0,18.7
2020-02-25,Pune,0.0,29.6,18.6
2020-02-26,Pune,0.0,30.0,16.2
2020-02-27,Pune,0.0,30.6,15.9
2020-02-28,Pune,0.0,31.8,15.5
2020-02-29,Pune,0.0,32.0,15.9
2020-03-01,Pune,0.0,30.8,17.2
2020-03-02,Pune,0.0,32.1,16.5
2020-03-03,Pune,0.0,30.4,16.2
2020-03-04,Pune,0.0,28.3,14.4
2020-03-05,Pune,0.0,30.5,15.8
2020-03-06,Pune,0.0,26.7,16.4
2020-03-07,Pune,0.0,29.2,14.0
2020-03-08,Pune,0.0,31.3,15.0
2020-03-09,Pune,0.0,31.7,16.9
2020-03-10,Pune,0.0,30.4,18.2
2020-03-11,Pune,0.0,28.9,17.2
2020-03-12,Pune,0.0,29.4,16.5
2020-03-13,Pune,0.0,31.1,13.5
2020-03-14,Pune,0.0,30.9,14.3
2020-03-15,Pune,0.0,32.7,17.7
2020-03-16,Pune,0.0,33.9,18.2
2020-03-17,Pune,0.0,34.8,21.2
2020-03-18,Pune,0.0,34.8,21.1
2020-03-19,Pune,0.0,33.5,20.5
2020-03-20,Pune,0.0,32.3,17.4
2020-03-21,Pune,0.0,32.0,14.9
2020-03-22,Pune,0.0,34.6,17.7
2020-03-23,Pune,0.0,34.8,18.9
2020-03-24,Pune,0.0,34.9,21.1
2020-03-25,Pune,2.6,34.3,22.2
2020-03-26,Pune,1.6,32.7,20.1
2020-03-27,Pune,0.2,33.2,21.8
2020-03-28,Pune,0.2,32.3,21.3
2020-03-29,Pune,0.2,34.6,20.3
2020-03-30,Pune,0.0,34.5,20.8
2020-03-31,Pune,0.0,34.7,21.2
2020-04-01,Pune,0.0,35.9,21.9
2020-04-02,Pune,0.0,36.4,19.5
2020-04-03,Pune,0.0,35.6,20.5
2020-04-04,Pune,0.0,36.9,21.9
2020-04-05,Pune,0.0,37.3,20.0
2020-04-06,Pune,0.0,35.3,21.2
2020-04-07,Pune,0.0,35.4,20.0
2020-04-08,Pune,0.0,33.3,19.2
2020-04-09,Pune,0.0,35.2,18.3
2020-04-10,Pune,0.0,35.6,20.0
2020-04-11,Pune,0.0,35.9,21.3
2020-04-12,Pune,0.0,37.5,23.6
2020-04-13,Pune,0.0,38.3,23.5
2020-04-14,Pune,0.0,38.1,21.4
2020-04-15,Pune,0.0,38.4,22.4
2020-04-16,Pune,0.0,37.6,22.0
2020-04-17,Pune,0.0,37.5,21.7
2020-04-18,Pune,0.0,37.7,23.5
2020-04-19,Pune,0.0,37.4,23.2
2020-04-20,Pune,0.0,37.9,22.6
2020-04-21,Pune,0.0,36.6,21.8
2020-04-22,Pune,0.0,37.3,21.1
2020-04-23,Pune,0.0,36.7,24.1
2020-04-24,Pune,0.0,36.7,22.2
2020-04-25,Pune,0.0,34.5,21.2
2020-04-26,Pune,0.0,36.5,20.5
2020-04-27,Pune,0.0,36.0,21.1
2020-04-28,Pune,0.0,37.1,21.6
2020-04-29,Pune,0.0,37.7,23.3
2020-04-30,Pune,0.0,37.3,22.8
2020-05-01,Pune,0.0,36.5,24.0
2020-05-02,Pune,0.0,37.7,23.1
2020-05-03,Pune,0.0,37.6,23.0
2020-05-04,Pune,0.0,37.8,22.6
2020-05-05,Pune,0.0,37.9,22.4
2020-05-06,Pune,0.0,38.4,24.6
2020-05-07,Pune,0.0,38.6,22.6
2020-05-08,Pune,0.0,38.6,23.0
2020-05-09,Pune,0.0,38.7,22.2
2020-05-10,Pune,0.0,38.6,23.2
2020-05-11,Pune,0.0,36.4,24.9
2020-05-12,Pune,0.0,38.2,23.6
2020-05-13,Pune,0.0,38.1,23.7
2020-05-14,Pune,0.2,36.8,23.6
2020-05-15,Pune,0.3,35.5,24.2
2020-05-16,Pune,0.2,36.0,24.4
2020-05-17,Pune,1.2,36.7,24.2
2020-05-18,Pune,0.5,33.2,25.0
2020-05-19,Pune,0.0,33.6,23.0
2020-05-20,Pune,0.0,34.4,22.4
2020-05-21,Pune,0.0,35.4,22.6
2020-05-22,Pune,0.0,35.3,22.8
2020-05-23,Pune,0.0,37.9,23.4
2020-05-24,Pune,0.0,38.1,23.5
2020-05-25,Pune,0.0,38.0,23.7
2020-05-26,Pune,0.0,36.6,23.7
2020-05-27,Pune,0.0,36.0,22.9
2020-05-28,Pune,0.0,35.4,22.4
2020-05-29,Pune,0.0,35.7,22.8
2020-05-30,Pune,0.0,35.8,23.0
2020-05-31,Pune,0.0,36.8,22.8
2020-06-01,Pune,16.7,26.7,22.9
2020-06-02,Pune,27.7,28.0,22.4
2020-06-03,Pune,71.0,23.6,21.5
2020-06-04,Pune,4.3,28.2,21.8
2020-06-05,Pune,1.2,30.2,21.6
2020-06-06,Pune,1.4,29.3,20.9
2020-06-07,Pune,0.2,29.9,22.4
2020-06-08,Pune,1.8,29.0,22.4
2020-06-09,Pune,2.5,29.7,21.6
2020-06-10,Pune,3.0,30.0,22.4
2020-06-11,Pune,0.9,29.1,23.0
2020-06-12,Pune,1.7,30.3,22.4
2020-06-13,Pune,11.3,28.9,22.9
2020-06-14,Pune,16.4,29.9,22.9
2020-06-15,Pune,25.4,28.7,22.9
2020-06-16,Pune,20.3,28.5,23.1
2020-06-17,Pune,18.1,27.5,22.8
2020-06-18,Pune,14.3,26.9,22.8
2020-06-19,Pune,1.8,29.3,23.1
2020-06-20,Pune,0.5,29.5,23.1
2020-06-21,Pune,0.7,29.5,22.8
2020-06-22,Pune,0.0,30.0,22.5
2020-06-23,Pune,0.8,30.1,22.6
2020-06-24,Pune,5.7,29.9,22.5
2020-06-25,Pune,5.7,31.5,22.2
2020-06-26,Pune,14.3,29.7,22.8
2020-06-27,Pune,13.2,30.7,22.9
2020-06-28,Pune,9.2,29.5,23.4
2020-06-29,Pune,42.2,27.4,23.0
2020-06-30,Pune,8.9,28.1,22.8
2020-07-01,Pune,15.3,29.3,22.4
2020-07-02,Pune,8.5,29.2,22.4
2020-07-03,Pune,15.4,29.3,22.5
2020-07-04,Pune,32.0,27.2,22.7
2020-07-05,Pune,12.6,26.3,22.7
2020-07-06,Pune,3.9,26.9,23.0
2020-07-07,Pune,17.5,27.5,23.0
2020-07-08,Pune,7.1,28.3,23.1
2020-07-09,Pune,3.3,27.0,22.5
2020-07-10,Pune,0.6,28.2,22.9
2020-07-11,Pune,0.8,28.1,23.1
2020-07-12,Pune,4.2,28.3,22.4
2020-07-13,Pune,6.7,27.6,22.6
2020-07-14,Pune,8.7,27.8,22.8
2020-07-15,Pune,29.2,25.6,22.6
2020-07-16,Pune,3.3,26.6,22.4
2020-07-17,Pune,4.1,27.7,22.0
2020-07-18,Pune,3.1,28.3,22.7
2020-07-19,Pune,0.3,29.3,22.6
2020-07-20,Pune,5.0,28.6,22.6
2020-07-21,Pune,4.6,28.2,22.3
2020-07-22,Pune,39.7,29.5,22.6
2020-07-23,Pune,3.9,26.7,22.6
2020-07-24,Pune,29.3,25.6,22.7
2020-07-25,Pune,1.3,28.4,21.2
2020-07-26,Pune,13.5,28.7,21.6
2020-07-27,Pune,6.0,28.0,21.5
2020-07-28,Pune,2.2,28.0,22.5
2020-07-29,Pune,12.3,28.3,21.8
2020-07-30,Pune,11.0,28.7,22.5
2020-07-31,Pune,20.0,29.3,22.2
2020-08-01,Pune,5.8,29.7,22.1
2020-08-02,Pune,7.8,30.0,21.7
2020-08-03,Pune,9.9,27.6,22.4
2020-08-04,Pune,32.0,24.9,22.6
2020-08-05,Pune,33.0,26.9,22.4
2020-08-06,Pune,14.2,27.4,22.9
2020-08-07,Pune,4.2,28.1,22.9
2020-08-08,Pune,2.0,27.8,22.9
2020-08-09,Pune,0.9,27.2,22.5
2020-08-10,Pune,10.1,25.6,22.6
2020-08-11,Pune,6.5,26.4,22.5
2020-08-12,Pune,13.9,25.5,22.4
2020-08-13,Pune,18.6,24.7,22.5
2020-08-14,Pune,33.3,23.9,22.0
2020-08-15,Pune,17.6,25.3,22.1
2020-08-16,Pune,10.1,25.6,22.5
2020-08-17,Pune,8.9,25.5,22.3
2020-08-18,Pune,2.7,25.4,22.0
2020-08-19,Pune,2.8,26.5,22.1
2020-08-20,Pune,4.3,25.4,22.2
2020-08-21,Pune,6.5,26.2,22.2
2020-08-22,Pune,2.4,26.7,22.7
2020-08-23,Pune,2.4,27.1,22.3
2020-08-24,Pune,2.4,27.2,22.1
2020-08-25,Pune,0.7,28.1,21.6
2020-08-26,Pune,0.3,29.1,21.2
2020-08-27,Pune,1.2,27.3,20.8
2020-08-28,Pune,11.7,26.0,22.0
2020-08-29,Pune,13.4,25.6,21.9
2020-08-30,Pune,3.5,25.8,21.6
2020-08-31,Pune,2.5,27.1,21.2
2020-09-01,Pune,1.5,27.9,20.8
2020-09-02,Pune,1.4,28.8,20.5
2020-09-03,Pune,2.1,28.7,20.9
2020-09-04,Pune,7.1,29.5,21.6
2020-09-05,Pune,8.5,29.0,21.8
2020-09-06,Pune,9.7,28.3,22.4
2020-09-07,Pune,6.6,28.5,22.3
2020-09-08,Pune,13.2,28.5,22.0
2020-09-09,Pune,4.8,29.3,21.7
2020-09-10,Pune,3.3,30.2,22.6
2020-09-11,Pune,14.4,29.0,22.5
2020-09-12,Pune,5.4,28.5,21.3
2020-09-13,Pune,0.6,27.6,21.2
2020-09-14,Pune,6.0,27.9,21.3
2020-09-15,Pune,1.9,27.6,21.1
2020-09-16,Pune,6.4,27.0,21.6
2020-09-17,Pune,4.7,27.6,21.7
2020-09-18,Pune,1.8,26.3,21.8
2020-09-19,Pune,14.2,28.2,21.1
2020-09-20,Pune,10.5,27.4,22.0
2020-09-21,Pune,6.8,28.6,22.2
2020-09-22,Pune,16.3,27.3,22.4
2020-09-23,Pune,31.0,26.1,22.5
2020-09-24,Pune,2.9,28.6,22.0
2020-09-25,Pune,11.8,28.2,21.9
2020-09-26,Pune,1.8,27.7,20.5
2020-09-27,Pune,0.0,27.8,19.4
2020-09-28,Pune,0.8,27.2,19.5
2020-09-29,Pune,0.9,27.7,19.4
2020-09-30,Pune,1.3,28.0,20.4
2020-10-01,Pune,0.0,28.5,20.4
2020-10-02,Pune,2.3,29.1,20.4
2020-10-03,Pune,0.5,29.7,20.0
2020-10-04,Pune,1.0,28.2,21.5
2020-10-05,Pune,0.0,29.8,20.6
2020-10-06,Pune,0.0,29.2,18.6
2020-10-07,Pune,0.0,29.7,20.1
2020-10-08,Pune,0.0,30.0,20.3
2020-10-09,Pune,2.7,29.4,20.6
2020-10-10,Pune,15.3,29.2,21.8
2020-10-11,Pune,17.1,27.7,22.3
2020-10-12,Pune,6.6,28.8,21.3
2020-10-13,Pune,4.0,29.2,21.4
2020-10-14,Pune,10.1,27.2,22.8
2020-10-15,Pune,10.3,27.5,22.1
2020-10-16,Pune,2.8,27.7,22.2
2020-10-17,Pune,1.8,28.5,20.4
2020-10-18,Pune,9.3,28.0,21.0
2020-10-19,Pune,1.3,28.3,21.2
2020-10-20,Pune,2.1,29.0,21.2
2020-10-21,Pune,6.2,28.8,21.5
2020-10-22,Pune,4.3,28.2,21.1
2020-10-23,Pune,2.9,28.4,20.8
2020-10-24,Pune,1.7,28.4,20.7
2020-10-25,Pune,2.0,28.1,19.3
2020-10-26,Pune,0.2,27.8,19.5
2020-10-27,Pune,0.0,28.5,18.4
2020-10-28,Pune,0.0,28.0,19.4
2020-10-29,Pune,0.0,28.5,16.8
2020-10-30,Pune,0.0,28.5,17.4
2020-10-31,Pune,0.0,28.5,18.5
2020-11-01,Pune,0.1,27.8,18.4
2020-11-02,Pune,0.2,28.3,20.1
2020-11-03,Pune,0.0,29.1,18.1
2020-11-04,Pune,0.0,28.5,17.9
2020-11-05,Pune,0.0,28.4,16.7
2020-11-06,Pune,0.0,28.2,14.3
2020-11-07,Pune,0.0,28.9,14.7
2020-11-08,Pune,0.0,28.7,15.9
2020-11-09,Pune,0.0,27.7,15.5
2020-11-10,Pune,0.0,27.7,13.9
2020-11-11,Pune,0.0,27.6,14.4
2020-11-12,Pune,0.0,28.2,13.3
2020-11-13,Pune,0.0,28.6,17.0
2020-11-14,Pune,0.1,29.5,19.8
2020-11-15,Pune,0.0,29.1,18.6
2020-11-16,Pune,0.0,30.6,18.3
2020-11-17,Pune,0.0,30.7,19.1
2020-11-18,Pune,0.1,29.1,18.4
2020-11-19,Pune,0.4,28.8,20.2
2020-11-20,Pune,0.7,28.4,20.1
2020-11-21,Pune,0.0,29.6,19.0
2020-11-22,Pune,0.0,28.7,17.7
2020-11-23,Pune,0.1,28.4,17.6
2020-11-24,Pune,0.0,27.5,19.0
2020-11-25,Pune,0.0,28.3,18.1
2020-11-26,Pune,0.0,28.5,15.2
2020-11-27,Pune,0.0,26.9,17.4
2020-11-28,Pune,1.6,26.9,18.6
2020-11-29,Pune,0.0,27.8,19.8
2020-11-30,Pune,0.2,28.8,17.8
2020-12-01,Pune,0.0,29.5,18.4
2020-12-02,Pune,0.0,29.1,18.3
2020-12-03,Pune,0.0,29.1,16.0
2020-12-04,Pune,0.0,28.6,14.6
2020-12-05,Pune,0.0,28.0,14.1
2020-12-06,Pune,0.0,28.5,14.0
2020-12-07,Pune,0.0,29.1,12.1
2020-12-08,Pune,0.0,28.9,16.5
2020-12-09,Pune,0.0,28.4,16.1
2020-12-10,Pune,0.0,28.8,17.8
2020-12-11,Pune,0.4,26.0,18.7
2020-12-12,Pune,0.2,28.4,18.0
2020-12-13,Pune,1.0,27.0,18.1
2020-12-14,Pune,2.4,23.2,18.6
2020-12-15,Pune,0.2,27.9,18.0
2020-12-16,Pune,0.0,27.6,17.1
2020-12-17,Pune,0.0,27.2,17.4
2020-12-18,Pune,0.0,27.2,15.5
2020-12-19,Pune,0.0,27.4,14.9
2020-12-20,Pune,0.0,27.2,13.7
2020-12-21,Pune,0.0,26.5,12.9
2020-12-22,Pune,0.0,25.8,10.9
2020-12-23,Pune,0.0,25.8,13.4
2020-12-24,Pune,0.0,26.8,12.2
2020-12-25,Pune,0.0,27.0,14.0
2020-12-26,Pune,0.0,27.4,15.3
2020-12-27,Pune,0.0,28.9,15.1
2020-12-28,Pune,0.0,27.8,14.1
2020-12-29,Pune,0.0,27.7,13.5
2020-12-30,Pune,0.0,27.6,13.7
2020-12-31,Pune,0.0,27.6,15.1
2021-01-01,Pune,0.0,27.6,17.3
2021-01-02,Pune,0.0,27.7,17.6
2021-01-03,Pune,0.0,27.1,15.3
2021-01-04,Pune,12.9,26.2,18.7
2021-01-05,Pune,0.5,24.6,18.1
2021-01-06,Pune,0.6,27.7,17.8
2021-01-07,Pune,2.3,25.3,17.9
2021-01-08,Pune,0.4,26.6,19.0
2021-01-09,Pune,2.4,27.5,18.3
2021-01-10,Pune,0.1,28.4,19.5
2021-01-11,Pune,0.0,29.0,17.9
2021-01-12,Pune,0.0,30.1,17.9
2021-01-13,Pune,0.0,28.7,16.9
2021-01-14,Pune,0.0,28.4,16.6
2021-01-15,Pune,0.0,29.2,15.4
2021-01-16,Pune,0.0,28.8,16.1
2021-01-17,Pune,0.0,29.5,17.2
2021-01-18,Pune,0.0,29.5,18.9
2021-01-19,Pune,0.0,29.8,18.0
2021-01-20,Pune,0.0,30.1,16.8
2021-01-21,Pune,0.0,29.4,15.5
2021-01-22,Pune,0.0,29.5,15.3
2021-01-23,Pune,0.0,30.3,15.2
2021-01-24,Pune,0.0,30.5,16.1
2021-01-25,Pune,0.0,29.8,14.2
2021-01-26,Pune,0.0,29.7,14.3
2021-01-27,Pune,0.0,29.3,14.7
2021-01-28,Pune,0.0,29.8,14.6
2021-01-29,Pune,0.0,28.8,14.1
2021-01-30,Pune,0.0,28.0,14.4
2021-01-31,Pune,0.0,28.5,14.2
2021-02-01,Pune,0.0,28.0,15.7
2021-02-02,Pune,0.0,28.4,16.1
2021-02-03,Pune,0.0,28.2,15.6
2021-02-04,Pune,0.0,28.4,13.1
2021-02-05,Pune,0.0,28.2,13.4
2021-02-06,Pune,0.0,27.7,15.8
2021-02-07,Pune,0.0,27.9,14.1
2021-02-08,Pune,0.0,28.7,12.5
2021-02-09,Pune,0.0,28.7,12.1
2021-02-10,Pune,0.0,29.3,14.9
2021-02-11,Pune,0.0,29.5,13.6
2021-02-12,Pune,0.0,29.9,13.2
2021-02-13,Pune,0.0,30.2,15.2
2021-02-14,Pune,0.0,29.7,15.4
2021-02-15,Pune,0.0,30.2,16.1
2021-02-16,Pune,0.0,29.9,16.3
2021-02-17,Pune,0.0,28.9,17.8
2021-02-18,Pune,1.7,29.5,17.4
2021-02-19,Pune,0.3,26.3,15.0
2021-02-20,Pune,0.0,27.3,13.7
2021-02-21,Pune,0.0,27.9,15.6
2021-02-22,Pune,0.0,29.9,16.8
2021-02-23,Pune,0.0,30.7,17.8
2021-02-24,Pune,0.0,31.2,16.1
2021-02-25,Pune,0.0,31.7,16.3
2021-02-26,Pune,0.0,32.2,17.8
2021-02-27,Pune,0.0,33.5,15.1
2021-02-28,Pune,0.0,33.0,17.8
2021-03-01,Pune,0.0,33.0,19.4
2021-03-02,Pune,0.0,33.3,20.3
2021-03-03,Pune,0.0,33.6,18.8
2021-03-04,Pune,0.0,33.2,16.8
2021-03-05,Pune,0.0,33.0,18.3
2021-03-06,Pune,0.0,33.8,16.8
2021-03-07,Pune,0.0,33.4,17.0
2021-03-08,Pune,0.0,33.2,17.9
2021-03-09,Pune,0.0,33.6,18.2
2021-03-10,Pune,0.0,33.6,18.7
2021-03-11,Pune,0.0,34.0,18.9
2021-03-12,Pune,0.0,33.6,17.9
2021-03-13,Pune,0.0,33.3,20.3
2021-03-14,Pune,0.0,34.8,18.3
2021-03-15,Pune,0.0,35.0,19.2
2021-03-16,Pune,0.0,33.4,18.3
2021-03-17,Pune,0.0,34.0,19.0
2021-03-18,Pune,0.0,34.0,19.5
2021-03-19,Pune,0.0,33.7,21.8
2021-03-20,Pune,0.0,33.3,20.0
2021-03-21,Pune,0.0,32.6,17.7
2021-03-22,Pune,0.3,31.8,18.7
2021-03-23,Pune,0.2,33.1,19.0
2021-03-24,Pune,0.0,33.0,19.4
2021-03-25,Pune,0.0,35.0,20.3
2021-03-26,Pune,0.0,35.7,19.0
2021-03-27,Pune,0.0,35.9,21.0
2021-03-28,Pune,0.0,36.5,19.0
2021-03-29,Pune,0.0,37.8,20.9
2021-03-30,Pune,0.0,35.1,20.4
2021-03-31,Pune,0.0,36.4,17.7
2021-04-01,Pune,0.0,35.1,20.7
2021-04-02,Pune,0.0,35.4,17.7
2021-04-03,Pune,0.0,36.4,18.3
2021-04-04,Pune,0.0,37.0,19.4
2021-04-05,Pune,0.0,37.5,20.7
2021-04-06,Pune,0.0,37.5,20.7
2021-04-07,Pune,0.0,38.1,22.9
2021-04-08,Pune,0.0,36.4,21.5
2021-04-09,Pune,0.0,36.0,21.1
2021-04-10,Pune,0.1,36.4,20.3
2021-04-11,Pune,0.0,35.8,24.6
2021-04-12,Pune,0.0,35.8,23.0
2021-04-13,Pune,0.0,34.3,23.9
2021-04-14,Pune,0.3,33.2,21.7
2021-04-15,Pune,0.0,35.2,19.6
2021-04-16,Pune,0.0,36.7,22.7
2021-04-17,Pune,0.0,36.2,20.3
2021-04-18,Pune,0.0,36.3,21.0
2021-04-19,Pune,0.0,36.2,23.5
2021-04-20,Pune,0.0,35.0,21.5
2021-04-21,Pune,0.0,34.8,20.5
2021-04-22,Pune,0.0,36.1,19.7
2021-04-23,Pune,0.0,35.6,22.1
2021-04-24,Pune,0.0,36.5,20.4
2021-04-25,Pune,0.0,37.3,21.1
2021-04-26,Pune,0.0,37.7,22.6
2021-04-27,Pune,0.0,37.2,20.7
2021-04-28,Pune,0.3,35.2,21.8
2021-04-29,Pune,0.1,36.6,21.9
2021-04-30,Pune,0.4,35.9,22.9
2021-05-01,Pune,0.2,34.2,22.7
2021-05-02,Pune,0.0,34.7,23.5
2021-05-03,Pune,0.0,34.5,20.6
2021-05-04,Pune,0.0,35.5,22.8
2021-05-05,Pune,0.0,35.9,22.8
2021-05-06,Pune,0.0,36.1,23.0
2021-05-07,Pune,0.6,35.0,24.0
2021-05-08,Pune,0.0,35.2,23.1
2021-05-09,Pune,0.1,35.8,23.7
2021-05-10,Pune,0.0,37.1,22.8
2021-05-11,Pune,0.0,34.8,22.0
2021-05-12,Pune,0.0,35.1,21.3
2021-05-13,Pune,0.0,34.5,21.0
2021-05-14,Pune,0.0,34.2,22.4
2021-05-15,Pune,0.0,35.8,25.4
2021-05-16,Pune,12.0,32.8,23.3
2021-05-17,Pune,13.7,28.0,22.3
2021-05-18,Pune,1.5,30.1,23.2
2021-05-19,Pune,2.1,29.6,22.7
2021-05-20,Pune,1.2,30.7,20.2
2021-05-21,Pune,0.0,32.8,20.6
2021-05-22,Pune,0.0,31.0,22.3
2021-05-23,Pune,0.4,32.1,22.8
2021-05-24,Pune,0.5,32.4,21.8
2021-05-25,Pune,0.1,32.1,21.7
2021-05-26,Pune,0.0,32.5,22.0
2021-05-27,Pune,0.0,32.5,22.3
2021-05-28,Pune,0.0,33.0,21.9
2021-05-29,Pune,0.7,34.5,22.7
2021-05-30,Pune,12.6,32.0,23.3
2021-05-31,Pune,1.9,30.6,23.0
2021-06-01,Pune,19.2,32.5,22.9
2021-06-02,Pune,9.1,31.8,22.6
2021-06-03,Pune,0.2,31.4,23.2
2021-06-04,Pune,2.0,31.5,22.2
2021-06-05,Pune,17.2,25.9,22.7
2021-06-06,Pune,0.2,28.8,22.4
2021-06-07,Pune,3.1,30.0,21.4
2021-06-08,Pune,5.5,29.3,22.4
2021-06-09,Pune,3.6,28.0,22.9
2021-06-10,Pune,2.6,28.2,22.6
2021-06-11,Pune,2.9,29.3,22.9
2021-06-12,Pune,3.6,30.3,23.2
2021-06-13,Pune,1.8,30.3,23.2
2021-06-14,Pune,0.5,30.7,23.5
2021-06-15,Pune,1.0,28.8,22.9
2021-06-16,Pune,3.7,27.9,23.2
2021-06-17,Pune,1.1,26.3,22.7
2021-06-18,Pune,49.6,28.1,22.3
2021-06-19,Pune,29.2,28.3,21.8
2021-06-20,Pune,1.9,28.1,22.0
2021-06-21,Pune,0.2,29.2,21.7
2021-06-22,Pune,0.6,28.9,22.5
2021-06-23,Pune,0.9,28.7,22.4
2021-06-24,Pune,3.3,25.8,22.5
2021-06-25,Pune,13.9,26.3,22.3
2021-06-26,Pune,0.0,28.2,21.9
2021-06-27,Pune,5.0,26.0,21.4
2021-06-28,Pune,6.5,28.2,21.9
2021-06-29,Pune,3.1,30.1,21.8
2021-06-30,Pune,1.2,29.6,22.0
2021-07-01,Pune,0.0,29.8,22.6
2021-07-02,Pune,0.0,30.3,22.2
2021-07-03,Pune,0.9,30.3,21.3
2021-07-04,Pune,0.5,30.7,21.5
2021-07-05,Pune,0.0,31.0,21.2
2021-07-06,Pune,2.6,30.8,22.1
2021-07-07,Pune,9.8,30.1,22.7
2021-07-08,Pune,6.0,30.4,22.8
2021-07-09,Pune,1.9,29.7,22.6
2021-07-10,Pune,9.5,27.6,22.5
2021-07-11,Pune,2.9,30.1,22.2
2021-07-12,Pune,10.4,28.4,21.6
2021-07-13,Pune,7.9,27.8,22.9
2021-07-14,Pune,7.6,26.3,22.7
2021-07-15,Pune,14.6,28.2,22.4
2021-07-16,Pune,3.7,28.8,22.0
2021-07-17,Pune,8.5,29.3,22.4
2021-07-18,Pune,3.5,27.9,22.8
2021-07-19,Pune,5.3,27.2,22.7
2021-07-20,Pune,8.9,26.9,22.3
2021-07-21,Pune,41.5,25.8,22.4
2021-07-22,Pune,64.4,24.7,22.4
2021-07-23,Pune,14.1,23.5,22.3
2021-07-24,Pune,12.2,27.8,21.8
2021-07-25,Pune,2.7,26.9,22.6
2021-07-26,Pune,6.0,27.2,22.4
2021-07-27,Pune,2.9,27.4,22.1
2021-07-28,Pune,5.2,26.4,21.9
2021-07-29,Pune,10.1,25.1,22.2
2021-07-30,Pune,8.7,24.8,21.9
2021-07-31,Pune,1.6,27.1,22.2
2021-08-01,Pune,1.8,25.5,22.2
2021-08-02,Pune,0.5,26.9,21.9
2021-08-03,Pune,1.9,27.5,22.1
2021-08-04,Pune,0.5,26.7,22.1
2021-08-05,Pune,0.6,27.7,22.4
2021-08-06,Pune,0.5,28.4,21.7
2021-08-07,Pune,1.4,27.6,20.9
2021-08-08,Pune,1.3,29.0,21.6
2021-08-09,Pune,1.2,29.0,21.4
2021-08-10,Pune,1.3,28.9,21.3
2021-08-11,Pune,0.5,28.6,21.4
2021-08-12,Pune,1.6,27.7,20.9
2021-08-13,Pune,0.7,28.1,20.8
2021-08-14,Pune,1.7,27.5,21.0
2021-08-15,Pune,1.2,27.9,21.3
2021-08-16,Pune,0.4,27.3,21.5
2021-08-17,Pune,15.0,23.6,21.6
2021-08-18,Pune,9.4,26.5,21.4
2021-08-19,Pune,18.8,23.4,21.3
2021-08-20,Pune,0.7,26.5,21.2
2021-08-21,Pune,1.8,26.6,21.6
2021-08-22,Pune,2.9,27.6,20.7
2021-08-23,Pune,0.5,29.2,20.0
2021-08-24,Pune,0.3,30.0,20.2
2021-08-25,Pune,0.9,28.8,20.6
2021-08-26,Pune,1.1,28.0,20.6
2021-08-27,Pune,1.2,28.2,21.3
2021-08-28,Pune,0.4,28.8,20.3
2021-08-29,Pune,0.0,28.0,20.1
2021-08-30,Pune,15.1,27.0,21.8
2021-08-31,Pune,39.5,23.8,21.1
2021-09-01,Pune,3.2,27.6,21.0
2021-09-02,Pune,0.6,27.7,21.4
2021-09-03,Pune,2.0,27.9,21.1
2021-09-04,Pune,10.3,27.9,21.9
2021-09-05,Pune,12.6,26.4,22.0
2021-09-06,Pune,9.8,27.5,21.2
2021-09-07,Pune,18.7,25.3,22.2
2021-09-08,Pune,24.8,26.8,21.9
2021-09-09,Pune,3.1,26.8,22.3
2021-09-10,Pune,1.4,27.5,22.1
2021-09-11,Pune,9.9,27.1,22.0
2021-09-12,Pune,10.1,26.4,22.3
2021-09-13,Pune,10.7,26.1,22.6
2021-09-14,Pune,1.2,26.8,22.5
2021-09-15,Pune,0.0,26.4,21.2
2021-09-16,Pune,0.0,27.8,20.9
2021-09-17,Pune,0.0,27.8,20.4
2021-09-18,Pune,0.5,27.6,19.8
2021-09-19,Pune,3.8,27.9,20.4
2021-09-20,Pune,2.6,27.6,21.5
2021-09-21,Pune,8.1,25.9,21.4
2021-09-22,Pune,8.5,25.7,21.7
2021-09-23,Pune,0.9,27.2,21.3
2021-09-24,Pune,0.9,28.3,20.7
2021-09-25,Pune,0.2,27.7,20.7
2021-09-26,Pune,0.5,27.9,19.8
2021-09-27,Pune,6.6,26.4,21.5
2021-09-28,Pune,17.0,24.5,21.1
2021-09-29,Pune,1.6,27.4,20.7
2021-09-30,Pune,3.1,28.1,21.1
2021-10-01,Pune,1.1,29.0,20.7
2021-10-02,Pune,4.8,28.4,21.4
2021-10-03,Pune,4.2,28.7,21.0
2021-10-04,Pune,0.4,30.4,21.1
2021-10-05,Pune,6.8,29.8,22.0
2021-10-06,Pune,3.1,29.0,21.5
2021-10-07,Pune,1.0,30.0,21.1
2021-10-08,Pune,11.0,28.7,22.1
2021-10-09,Pune,16.4,27.7,21.3
2021-10-10,Pune,10.2,28.5,21.1
2021-10-11,Pune,0.8,28.5,20.6
2021-10-12,Pune,0.5,28.9,19.8
2021-10-13,Pune,0.3,29.5,20.4
2021-10-14,Pune,0.0,29.9,20.0
2021-10-15,Pune,0.0,29.3,19.2
2021-10-16,Pune,0.0,29.5,17.6
2021-10-17,Pune,0.0,29.9,20.6
2021-10-18,Pune,0.0,28.4,19.4
2021-10-19,Pune,0.0,28.7,18.0
2021-10-20,Pune,0.0,28.8,17.7
2021-10-21,Pune,0.0,28.8,17.1
2021-10-22,Pune,0.0,29.5,15.7
2021-10-23,Pune,0.0,29.4,16.1
2021-10-24,Pune,0.0,29.5,15.9
2021-10-25,Pune,0.0,28.8,16.6
2021-10-26,Pune,0.0,29.2,17.6
2021-10-27,Pune,0.0,29.0,16.3
2021-10-28,Pune,0.0,28.7,16.7
2021-10-29,Pune,0.0,28.4,16.8
2021-10-30,Pune,0.0,28.9,18.3
2021-10-31,Pune,0.0,30.2,17.5
2021-11-01,Pune,0.0,30.3,17.0
2021-11-02,Pune,0.0,30.4,17.7
2021-11-03,Pune,0.0,30.5,17.6
2021-11-04,Pune,0.9,29.5,20.1
2021-11-05,Pune,1.6,29.9,19.5
2021-11-06,Pune,0.5,30.4,20.3
2021-11-07,Pune,0.0,29.5,21.1
2021-11-08,Pune,0.0,29.6,18.1
2021-11-09,Pune,0.0,28.8,16.7
2021-11-10,Pune,0.0,28.8,15.2
2021-11-11,Pune,0.0,28.5,14.9
2021-11-12,Pune,0.0,29.1,16.0
2021-11-13,Pune,0.0,30.5,18.8
2021-11-14,Pune,0.3,30.4,20.3
2021-11-15,Pune,0.3,31.1,20.7
2021-11-16,Pune,0.3,31.5,21.2
2021-11-17,Pune,6.0,30.3,21.3
2021-11-18,Pune,0.9,28.9,20.7
2021-11-19,Pune,0.4,29.8,20.4
2021-11-20,Pune,5.2,29.6,21.2
2021-11-21,Pune,2.6,29.3,21.1
2021-11-22,Pune,2.3,27.7,21.3
2021-11-23,Pune,0.5,29.2,19.5
2021-11-24,Pune,0.4,30.3,20.1
2021-11-25,Pune,0.0,29.8,18.8
2021-11-26,Pune,0.0,29.6,18.3
2021-11-27,Pune,0.0,28.9,16.4
2021-11-28,Pune,0.0,27.2,14.7
2021-11-29,Pune,0.0,27.9,14.2
2021-11-30,Pune,0.2,28.6,16.9
2021-12-01,Pune,45.6,20.2,16.9
2021-12-02,Pune,34.4,22.9,16.0
2021-12-03,Pune,4.9,23.6,18.8
2021-12-04,Pune,1.0,25.3,19.0
2021-12-05,Pune,0.0,26.2,16.9
2021-12-06,Pune,0.5,26.2,15.3
2021-12-07,Pune,0.0,26.1,18.0
2021-12-08,Pune,0.0,26.4,16.6
2021-12-09,Pune,0.0,27.2,15.7
2021-12-10,Pune,0.0,27.1,18.3
2021-12-11,Pune,0.0,26.7,16.4
2021-12-12,Pune,0.0,26.4,15.8
2021-12-13,Pune,0.0,26.2,14.7
2021-12-14,Pune,0.0,26.1,16.1
2021-12-15,Pune,0.0,26.2,14.6
2021-12-16,Pune,0.0,26.1,15.9
2021-12-17,Pune,0.0,25.7,14.9
2021-12-18,Pune,0.0,25.6,12.6
2021-12-19,Pune,0.0,25.2,13.1
2021-12-20,Pune,0.0,25.1,12.9
2021-12-21,Pune,0.0,25.6,13.4
2021-12-22,Pune,0.0,27.1,14.0
2021-12-23,Pune,0.0,27.9,13.3
2021-12-24,Pune,0.0,28.6,14.3
2021-12-25,Pune,0.0,27.7,13.6
2021-12-26,Pune,0.0,28.0,13.2
2021-12-27,Pune,0.0,27.4,13.8
2021-12-28,Pune,0.0,28.3,14.3
2021-12-29,Pune,0.0,24.4,12.9
2021-12-30,Pune,0.0,25.3,13.8
2021-12-31,Pune,0.0,26.0,14.1
2022-01-01,Pune,0.0,26.6,14.1
2022-01-02,Pune,0.2,26.3,15.0
2022-01-03,Pune,0.0,26.8,16.3
2022-01-04,Pune,0.0,26.9,15.0
2022-01-05,Pune,0.0,27.1,16.0
2022-01-06,Pune,0.0,27.0,15.8
2022-01-07,Pune,0.0,26.9,14.8
2022-01-08,Pune,0.3,24.8,15.0
2022-01-09,Pune,3.1,24.4,14.9
2022-01-10,Pune,0.0,25.2,11.2
2022-01-11,Pune,0.0,24.9,13.7
2022-01-12,Pune,0.0,23.7,12.5
2022-01-13,Pune,0.3,23.7,12.5
2022-01-14,Pune,0.1,24.1,12.1
2022-01-15,Pune,0.0,25.1,13.3
2022-01-16,Pune,0.0,26.4,13.0
2022-01-17,Pune,0.0,26.5,14.1
2022-01-18,Pune,0.0,27.1,14.1
2022-01-19,Pune,0.0,27.8,13.0
2022-01-20,Pune,0.0,28.3,13.3
2022-01-21,Pune,0.0,28.1,14.1
2022-01-22,Pune,0.7,26.2,13.9
2022-01-23,Pune,0.5,21.5,12.1
2022-01-24,Pune,0.0,21.5,8.7
2022-01-25,Pune,0.0,23.8,9.8
2022-01-26,Pune,0.0,24.8,11.1
2022-01-27,Pune,0.0,25.5,11.6
2022-01-28,Pune,0.0,25.6,11.0
2022-01-29,Pune,0.0,26.6,10.1
2022-01-30,Pune,0.0,28.4,12.6
2022-01-31,Pune,0.0,29.5,13.2
2022-02-01,Pune,0.0,29.6,13.4
2022-02-02,Pune,0.0,31.0,14.5
2022-02-03,Pune,0.0,27.3,12.8
2022-02-04,Pune,0.0,26.7,14.5
2022-02-05,Pune,0.0,28.3,10.7
2022-02-06,Pune,0.0,29.7,12.2
2022-02-07,Pune,0.0,30.0,13.9
2022-02-08,Pune,0.0,29.3,14.2
2022-02-09,Pune,0.0,27.7,12.7
2022-02-10,Pune,0.0,27.9,15.3
2022-02-11,Pune,0.0,28.2,14.6
2022-02-12,Pune,0.0,28.8,13.6
2022-02-13,Pune,0.0,29.4,13.5
2022-02-14,Pune,0.0,29.4,14.6
2022-02-15,Pune,0.0,29.4,11.8
2022-02-16,Pune,0.0,28.4,13.7
2022-02-17,Pune,0.0,29.4,14.3
2022-02-18,Pune,0.0,30.8,15.3
2022-02-19,Pune,0.0,31.5,16.5
2022-02-20,Pune,0.0,31.5,17.1
2022-02-21,Pune,0.0,31.7,13.3
2022-02-22,Pune,0.0,33.1,14.9
2022-02-23,Pune,0.0,33.6,15.9
2022-02-24,Pune,0.0,32.3,17.3
2022-02-25,Pune,0.0,32.4,16.4
2022-02-26,Pune,0.0,32.7,16.3
2022-02-27,Pune,0.0,31.8,17.0
2022-02-28,Pune,0.0,32.5,16.4
2022-03-01,Pune,0.0,32.5,16.4
2022-03-02,Pune,0.0,33.2,19.9
2022-03-03,Pune,0.0,32.9,20.3
2022-03-04,Pune,0.0,32.9,20.4
2022-03-05,Pune,0.0,33.2,19.2
2022-03-06,Pune,0.0,32.7,18.7
2022-03-07,Pune,0.0,33.0,20.3
2022-03-08,Pune,0.0,32.6,21.6
2022-03-09,Pune,0.0,31.3,20.6
2022-03-10,Pune,0.0,32.4,18.8
2022-03-11,Pune,0.9,32.9,18.0
2022-03-12,Pune,0.0,32.8,18.1
2022-03-13,Pune,0.0,33.8,18.7
2022-03-14,Pune,0.0,34.3,19.0
2022-03-15,Pune,0.0,35.2,19.5
2022-03-16,Pune,0.0,36.5,18.4
2022-03-17,Pune,0.0,36.7,20.6
2022-03-18,Pune,0.0,36.8,18.2
2022-03-19,Pune,0.0,36.6,20.0
2022-03-20,Pune,0.0,36.4,22.8
2022-03-21,Pune,0.0,36.1,19.5
2022-03-22,Pune,0.0,35.9,22.7
2022-03-23,Pune,0.0,35.9,20.2
2022-03-24,Pune,0.0,36.3,22.3
2022-03-25,Pune,0.0,36.0,21.1
2022-03-26,Pune,0.0,36.5,22.7
2022-03-27,Pune,0.0,37.3,21.4
2022-03-28,Pune,0.0,38.9,23.4
2022-03-29,Pune,0.0,37.7,22.2
2022-03-30,Pune,0.0,37.5,21.1
2022-03-31,Pune,0.0,37.1,21.6
2022-04-01,Pune,0.0,38.3,18.4
2022-04-02,Pune,0.0,38.5,21.9
2022-04-03,Pune,0.0,38.1,20.2
2022-04-04,Pune,0.0,38.4,20.6
2022-04-05,Pune,0.0,39.7,21.9
2022-04-06,Pune,0.0,39.5,21.0
2022-04-07,Pune,0.0,39.5,22.5
2022-04-08,Pune,0.0,38.7,22.7
2022-04-09,Pune,0.0,39.1,21.1
2022-04-10,Pune,0.0,38.2,21.9
2022-04-11,Pune,0.0,39.8,21.3
2022-04-12,Pune,0.0,39.1,22.2
2022-04-13,Pune,0.0,39.4,22.8
2022-04-14,Pune,0.0,39.1,23.3
2022-04-15,Pune,0.0,37.1,20.8
2022-04-16,Pune,0.0,38.2,19.4
2022-04-17,Pune,0.0,38.6,19.6
2022-04-18,Pune,0.0,37.9,21.3
2022-04-19,Pune,0.0,38.1,21.4
2022-04-20,Pune,0.0,38.2,21.4
2022-04-21,Pune,0.0,38.7,23.0
2022-04-22,Pune,0.0,38.0,23.9
2022-04-23,Pune,0.1,36.8,23.3
2022-04-24,Pune,0.0,38.7,23.5
2022-04-25,Pune,0.0,38.7,23.1
2022-04-26,Pune,0.0,39.3,22.7
2022-04-27,Pune,0.0,40.0,23.8
2022-04-28,Pune,0.0,40.5,25.2
2022-04-29,Pune,0.0,38.9,23.2
2022-04-30,Pune,0.0,37.5,23.8
2022-05-01,Pune,0.0,37.1,23.2
2022-05-02,Pune,0.0,36.6,22.3
2022-05-03,Pune,0.0,36.5,21.9
2022-05-04,Pune,0.0,37.6,21.2
2022-05-05,Pune,0.0,38.1,21.8
2022-05-06,Pune,0.0,37.5,22.4
2022-05-07,Pune,0.0,38.6,21.8
2022-05-08,Pune,0.0,39.7,24.5
2022-05-09,Pune,0.1,37.6,25.5
2022-05-10,Pune,0.0,38.5,23.9
2022-05-11,Pune,0.0,38.2,24.4
2022-05-12,Pune,0.0,33.4,23.8
2022-05-13,Pune,0.0,36.2,23.9
2022-05-14,Pune,0.0,36.1,22.3
2022-05-15,Pune,0.0,36.6,22.4
2022-05-16,Pune,0.0,39.7,22.8
2022-05-17,Pune,0.0,36.4,22.7
2022-05-18,Pune,0.0,37.8,21.8
2022-05-19,Pune,0.0,39.2,22.8
2022-05-20,Pune,0.1,34.4,23.8
2022-05-21,Pune,0.0,34.6,22.3
2022-05-22,Pune,0.0,33.4,22.9
2022-05-23,Pune,0.0,34.1,23.2
2022-05-24,Pune,0.0,34.2,22.9
2022-05-25,Pune,0.1,34.7,22.8
2022-05-26,Pune,0.0,34.5,22.4
2022-05-27,Pune,0.0,34.3,22.3
2022-05-28,Pune,0.0,33.5,22.1
2022-05-29,Pune,0.0,33.5,22.3
2022-05-30,Pune,0.0,34.5,22.2
2022-05-31,Pune,0.0,35.1,22.6
2022-06-01,Pune,2.6,34.9,23.3
2022-06-02,Pune,0.8,34.4,23.0
2022-06-03,Pune,0.0,35.5,22.6
2022-06-04,Pune,0.0,35.8,22.3
2022-06-05,Pune,0.0,38.1,23.1
2022-06-06,Pune,6.3,34.8,24.0
2022-06-07,Pune,2.8,33.4,22.7
2022-06-08,Pune,2.4,34.2,23.2
2022-06-09,Pune,8.3,34.5,24.1
2022-06-10,Pune,15.7,34.4,23.8
2022-06-11,Pune,11.2,30.8,23.2
2022-06-12,Pune,7.5,29.8,22.5
2022-06-13,Pune,1.5,31.7,22.6
2022-06-14,Pune,1.5,33.1,22.3
2022-06-15,Pune,1.4,31.4,22.3
2022-06-16,Pune,1.5,32.5,23.0
2022-06-17,Pune,1.2,32.5,22.8
2022-06-18,Pune,3.8,32.6,22.2
2022-06-19,Pune,8.9,31.5,23.3
2022-06-20,Pune,3.3,29.2,23.2
2022-06-21,Pune,7.3,30.1,23.0
2022-06-22,Pune,14.0,29.7,22.5
2022-06-23,Pune,11.8,30.7,21.9
2022-06-24,Pune,21.4,29.8,22.1
2022-06-25,Pune,16.5,29.2,21.7
2022-06-26,Pune,14.3,27.9,21.4
2022-06-27,Pune,14.2,27.6,22.6
2022-06-28,Pune,5.0,28.7,21.9
2022-06-29,Pune,6.5,29.2,22.0
2022-06-30,Pune,10.7,29.5,22.9
2022-07-01,Pune,4.5,27.9,22.7
2022-07-02,Pune,2.0,28.2,22.7
2022-07-03,Pune,1.2,28.9,22.9
2022-07-04,Pune,4.4,26.6,22.9
2022-07-05,Pune,7.0,25.6,22.1
2022-07-06,Pune,1.4,25.6,22.2
2022-07-07,Pune,3.6,27.3,22.7
2022-07-08,Pune,13.8,25.1,22.2
2022-07-09,Pune,10.8,24.3,21.5
2022-07-10,Pune,10.3,23.6,21.1
2022-07-11,Pune,33.8,22.8,21.2
2022-07-12,Pune,33.2,24.0,21.5
2022-07-13,Pune,37.6,23.5,21.4
2022-07-14,Pune,25.4,25.1,21.9
2022-07-15,Pune,11.1,26.5,22.2
2022-07-16,Pune,6.8,28.1,22.6
2022-07-17,Pune,2.2,28.2,22.6
2022-07-18,Pune,10.0,24.4,21.9
2022-07-19,Pune,2.7,26.0,21.9
2022-07-20,Pune,2.6,27.6,21.9
2022-07-21,Pune,1.0,28.2,21.8
2022-07-22,Pune,1.0,28.0,21.7
2022-07-23,Pune,7.9,27.0,22.2
2022-07-24,Pune,13.0,25.7,21.9
2022-07-25,Pune,1.7,25.6,21.9
2022-07-26,Pune,4.4,28.5,21.8
2022-07-27,Pune,5.6,27.5,21.1
2022-07-28,Pune,2.6,28.9,20.9
2022-07-29,Pune,5.9,29.4,21.5
2022-07-30,Pune,0.5,28.9,21.9
2022-07-31,Pune,1.3,29.1,21.4
2022-08-01,Pune,1.5,28.8,20.9
2022-08-02,Pune,0.8,28.8,21.8
2022-08-03,Pune,2.6,28.6,22.2
2022-08-04,Pune,25.6,28.5,21.8
2022-08-05,Pune,63.8,26.8,22.0
2022-08-06,Pune,22.3,27.7,22.1
2022-08-07,Pune,24.8,26.9,22.3
2022-08-08,Pune,22.8,26.1,22.3
2022-08-09,Pune,8.4,25.7,22.7
2022-08-10,Pune,5.5,26.2,22.4
2022-08-11,Pune,3.1,27.0,22.7
2022-08-12,Pune,2.7,27.0,22.5
2022-08-13,Pune,4.8,27.1,22.3
2022-08-14,Pune,2.6,27.2,22.3
2022-08-15,Pune,12.2,25.2,21.8
2022-08-16,Pune,7.8,24.2,21.7
2022-08-17,Pune,4.0,27.0,21.8
2022-08-18,Pune,1.2,27.2,21.9
2022-08-19,Pune,1.5,27.3,21.1
2022-08-20,Pune,2.1,27.5,21.9
2022-08-21,Pune,2.1,27.0,22.1
2022-08-22,Pune,2.1,25.6,22.3
2022-08-23,Pune,2.6,26.9,22.4
2022-08-24,Pune,1.1,27.3,22.3
2022-08-25,Pune,1.7,27.7,21.6
2022-08-26,Pune,1.5,28.1,20.6
2022-08-27,Pune,1.0,27.8,20.1
2022-08-28,Pune,0.1,29.1,20.1
2022-08-29,Pune,0.8,28.6,20.7
2022-08-30,Pune,3.3,30.2,21.1
2022-08-31,Pune,12.7,30.4,21.9
2022-09-01,Pune,10.9,28.5,21.5
2022-09-02,Pune,0.8,30.2,21.1
2022-09-03,Pune,1.9,30.2,21.5
2022-09-04,Pune,7.0,28.2,22.4
2022-09-05,Pune,3.2,27.1,22.4
2022-09-06,Pune,12.0,27.4,21.5
2022-09-07,Pune,9.7,28.9,20.8
2022-09-08,Pune,17.9,27.6,21.5
2022-09-09,Pune,6.0,28.9,21.8
2022-09-10,Pune,18.4,28.6,21.3
2022-09-11,Pune,15.2,29.1,21.7
2022-09-12,Pune,9.2,27.9,21.8
2022-09-13,Pune,14.4,25.9,22.4
2022-09-14,Pune,3.2,26.8,22.6
2022-09-15,Pune,1.3,26.7,22.5
2022-09-16,Pune,9.6,24.4,22.0
2022-09-17,Pune,9.8,26.8,21.6
2022-09-18,Pune,3.6,25.9,21.4
2022-09-19,Pune,2.4,26.9,20.9
2022-09-20,Pune,1.4,25.6,20.7
2022-09-21,Pune,2.6,27.1,20.1
2022-09-22,Pune,2.5,25.7,20.3
2022-09-23,Pune,0.9,27.3,20.0
2022-09-24,Pune,1.2,27.1,20.5
2022-09-25,Pune,0.7,27.8,20.1
2022-09-26,Pune,9.1,26.0,20.1
2022-09-27,Pune,8.4,27.6,19.6
2022-09-28,Pune,4.4,26.7,19.4
2022-09-29,Pune,3.1,27.5,20.7
2022-09-30,Pune,1.7,29.4,19.9
2022-10-01,Pune,1.2,28.6,20.4
2022-10-02,Pune,1.4,28.6,19.7
2022-10-03,Pune,0.0,28.3,20.0
2022-10-04,Pune,0.3,28.4,20.4
2022-10-05,Pune,0.5,29.4,20.9
2022-10-06,Pune,11.6,27.8,21.5
2022-10-07,Pune,35.5,26.6,21.4
2022-10-08,Pune,1.9,26.7,21.0
2022-10-09,Pune,0.0,29.2,19.2
2022-10-10,Pune,5.8,28.7,20.4
2022-10-11,Pune,3.2,28.7,20.0
2022-10-12,Pune,13.3,27.4,20.7
2022-10-13,Pune,3.7,27.7,20.3
2022-10-14,Pune,17.1,27.1,20.4
2022-10-15,Pune,0.1,27.7,19.9
2022-10-16,Pune,0.4,27.5,19.2
2022-10-17,Pune,17.5,28.1,21.2
2022-10-18,Pune,4.4,26.7,20.3
2022-10-19,Pune,4.1,27.1,20.2
2022-10-20,Pune,1.1,27.4,19.9
2022-10-21,Pune,2.5,26.7,20.2
2022-10-22,Pune,0.0,28.0,19.0
2022-10-23,Pune,0.0,27.0,15.3
2022-10-24,Pune,0.0,27.3,14.7
2022-10-25,Pune,0.0,28.4,15.4
2022-10-26,Pune,0.0,27.4,15.2
2022-10-27,Pune,0.0,27.4,17.0
2022-10-28,Pune,0.0,27.0,16.0
2022-10-29,Pune,0.0,27.7,15.1
2022-10-30,Pune,0.0,27.6,15.9
2022-10-31,Pune,0.0,26.9,15.7
2022-11-01,Pune,0.0,26.6,15.8
2022-11-02,Pune,0.0,27.6,15.6
2022-11-03,Pune,0.0,28.4,13.8
2022-11-04,Pune,0.0,28.8,15.0
2022-11-05,Pune,0.0,29.3,14.6
2022-11-06,Pune,0.0,28.8,14.6
2022-11-07,Pune,0.0,28.9,14.8
2022-11-08,Pune,0.0,28.8,16.6
2022-11-09,Pune,0.0,29.1,16.1
2022-11-10,Pune,0.0,28.1,15.6
2022-11-11,Pune,0.0,28.3,14.5
2022-11-12,Pune,0.0,28.5,16.5
2022-11-13,Pune,0.0,28.9,15.8
2022-11-14,Pune,0.0,28.6,16.2
2022-11-15,Pune,0.0,28.6,16.1
2022-11-16,Pune,0.0,28.2,16.1
2022-11-17,Pune,0.0,27.5,14.2
2022-11-18,Pune,0.0,26.6,15.6
2022-11-19,Pune,0.0,25.9,14.7
2022-11-20,Pune,0.0,25.6,11.7
2022-11-21,Pune,0.0,26.5,11.7
2022-11-22,Pune,0.0,28.1,13.9
2022-11-23,Pune,0.0,29.2,15.9
2022-11-24,Pune,0.0,29.1,17.1
2022-11-25,Pune,0.0,29.5,16.6
2022-11-26,Pune,0.0,29.8,17.3
2022-11-27,Pune,0.0,29.9,17.3
2022-11-28,Pune,0.0,30.0,16.9
2022-11-29,Pune,0.0,29.3,16.2
2022-11-30,Pune,0.0,28.9,15.7
2022-12-01,Pune,0.0,27.8,14.7
2022-12-02,Pune,0.0,29.0,15.6
2022-12-03,Pune,0.0,30.1,15.8
2022-12-04,Pune,0.1,29.1,18.6
2022-12-05,Pune,0.1,29.4,19.1
2022-12-06,Pune,0.0,29.9,19.0
2022-12-07,Pune,0.0,29.1,16.0
2022-12-08,Pune,0.0,28.0,15.8
2022-12-09,Pune,0.0,28.0,11.8
2022-12-10,Pune,0.0,28.3,13.1
2022-12-11,Pune,0.1,29.5,15.8
2022-12-12,Pune,0.2,28.4,18.6
2022-12-13,Pune,0.0,28.5,18.4
2022-12-14,Pune,0.0,29.4,20.1
2022-12-15,Pune,0.1,29.1,19.2
2022-12-16,Pune,0.0,30.6,18.2
2022-12-17,Pune,0.0,30.2,18.9
2022-12-18,Pune,0.0,29.8,19.3
2022-12-19,Pune,0.0,29.2,16.2
2022-12-20,Pune,0.0,29.2,15.9
2022-12-21,Pune,0.0,29.6,15.4
2022-12-22,Pune,0.0,29.8,15.4
2022-12-23,Pune,0.0,30.5,15.7
2022-12-24,Pune,0.0,29.8,14.8
2022-12-25,Pune,0.0,29.4,13.7
2022-12-26,Pune,0.0,29.4,14.9
2022-12-27,Pune,0.0,29.5,16.1
2022-12-28,Pune,0.0,30.1,14.9
2022-12-29,Pune,0.0,30.1,15.3
2022-12-30,Pune,0.0,29.8,16.2
2022-12-31,Pune,0.0,30.3,15.6
2023-01-01,Pune,0.0,29.4,14.0
2023-01-02,Pune,0.0,28.8,12.9
2023-01-03,Pune,0.0,28.9,15.2
2023-01-04,Pune,0.0,28.4,15.6
2023-01-05,Pune,0.0,28.2,16.9
2023-01-06,Pune,0.0,27.4,17.0
2023-01-07,Pune,0.1,27.3,16.9
2023-01-08,Pune,0.0,27.1,14.1
2023-01-09,Pune,0.0,27.1,11.6
2023-01-10,Pune,0.0,28.1,12.5
2023-01-11,Pune,0.0,29.5,14.2
2023-01-12,Pune,0.0,28.9,11.9
2023-01-13,Pune,0.0,27.6,12.2
2023-01-14,Pune,0.0,28.7,11.0
2023-01-15,Pune,0.0,29.4,12.0
2023-01-16,Pune,0.0,30.4,13.5
2023-01-17,Pune,0.0,30.2,12.8
2023-01-18,Pune,0.0,29.6,12.1
2023-01-19,Pune,0.0,30.1,14.1
2023-01-20,Pune,0.0,29.5,14.6
2023-01-21,Pune,0.0,29.2,14.2
2023-01-22,Pune,0.0,28.7,13.8
2023-01-23,Pune,0.0,28.9,14.1
2023-01-24,Pune,0.0,29.4,14.4
2023-01-25,Pune,0.1,29.0,14.3
2023-01-26,Pune,0.8,27.9,17.1
2023-01-27,Pune,0.1,30.1,17.9
2023-01-28,Pune,0.0,29.9,15.0
2023-01-29,Pune,0.0,30.0,13.7
2023-01-30,Pune,0.0,29.5,17.1
2023-01-31,Pune,0.0,28.9,17.6
2023-02-01,Pune,0.0,28.1,17.9
2023-02-02,Pune,0.0,29.7,16.3
2023-02-03,Pune,0.0,29.3,14.6
2023-02-04,Pune,0.0,30.0,16.0
2023-02-05,Pune,0.0,30.9,14.5
2023-02-06,Pune,0.0,31.9,15.2
2023-02-07,Pune,0.0,30.9,13.3
2023-02-08,Pune,0.0,31.9,15.1
2023-02-09,Pune,0.0,32.3,15.2
2023-02-10,Pune,0.0,33.4,15.3
2023-02-11,Pune,0.0,33.7,15.5
2023-02-12,Pune,0.0,32.4,15.8
2023-02-13,Pune,0.0,32.0,13.9
2023-02-14,Pune,0.0,32.3,14.1
2023-02-15,Pune,0.0,33.1,14.1
2023-02-16,Pune,0.0,33.2,15.2
2023-02-17,Pune,0.0,33.6,14.4
2023-02-18,Pune,0.0,33.3,15.4
2023-02-19,Pune,0.0,33.4,16.1
2023-02-20,Pune,0.0,33.6,15.8
2023-02-21,Pune,0.0,34.9,16.2
2023-02-22,Pune,0.0,34.4,15.9
2023-02-23,Pune,0.0,34.6,15.8
2023-02-24,Pune,0.0,34.3,16.2
2023-02-25,Pune,0.0,33.7,17.1
2023-02-26,Pune,0.0,34.0,16.6
2023-02-27,Pune,0.0,33.9,18.7
2023-02-28,Pune,0.0,34.6,16.3
2023-03-01,Pune,0.0,33.9,16.4
2023-03-02,Pune,0.0,33.4,17.9
2023-03-03,Pune,0.0,33.6,18.5
2023-03-04,Pune,0.0,34.7,20.1
2023-03-05,Pune,0.0,34.5,18.8
2023-03-06,Pune,0.7,32.3,20.4
2023-03-07,Pune,0.4,28.9,17.9
2023-03-08,Pune,0.0,30.8,15.8
2023-03-09,Pune,0.0,31.6,18.4
2023-03-10,Pune,0.0,31.8,20.1
2023-03-11,Pune,0.0,33.3,17.8
2023-03-12,Pune,0.0,33.1,19.1
2023-03-13,Pune,0.0,33.0,20.4
2023-03-14,Pune,0.0,32.5,18.8
2023-03-15,Pune,0.0,31.8,19.4
2023-03-16,Pune,14.1,28.2,19.0
2023-03-17,Pune,4.8,29.2,17.1
2023-03-18,Pune,0.0,29.3,17.6
2023-03-19,Pune,0.0,30.1,16.6
2023-03-20,Pune,0.0,28.4,15.5
2023-03-21,Pune,0.1,28.9,17.3
2023-03-22,Pune,0.2,29.0,15.8
2023-03-23,Pune,0.0,29.6,16.6
2023-03-24,Pune,0.0,31.1,15.8
2023-03-25,Pune,0.0,32.0,16.0
2023-03-26,Pune,0.0,31.4,14.8
2023-03-27,Pune,0.0,32.1,15.0
2023-03-28,Pune,0.0,32.8,16.2
2023-03-29,Pune,0.0,34.4,17.0
2023-03-30,Pune,0.0,31.5,15.8
2023-03-31,Pune,0.1,29.6,19.0
2023-04-01,Pune,0.0,32.2,15.7
2023-04-02,Pune,0.0,32.3,16.9
2023-04-03,Pune,0.0,33.6,17.6
2023-04-04,Pune,0.0,34.6,18.2
2023-04-05,Pune,0.0,34.7,18.2
2023-04-06,Pune,0.0,35.3,19.8
2023-04-07,Pune,0.0,34.5,21.5
2023-04-08,Pune,0.2,32.4,20.4
2023-04-09,Pune,0.1,34.1,19.7
2023-04-10,Pune,0.0,35.0,20.8
2023-04-11,Pune,0.0,36.4,21.2
2023-04-12,Pune,0.0,36.9,20.8
2023-04-13,Pune,0.0,36.7,23.1
2023-04-14,Pune,0.1,36.3,22.5
2023-04-15,Pune,0.0,36.0,21.5
2023-04-16,Pune,0.0,36.2,19.9
2023-04-17,Pune,0.1,35.2,21.8
2023-04-18,Pune,0.0,36.1,22.2
2023-04-19,Pune,0.0,36.9,22.0
2023-04-20,Pune,0.0,36.1,21.6
2023-04-21,Pune,0.0,34.8,22.5
2023-04-22,Pune,0.0,33.4,19.1
2023-04-23,Pune,0.0,33.2,19.8
2023-04-24,Pune,0.0,35.0,18.3
2023-04-25,Pune,0.0,37.0,20.9
2023-04-26,Pune,0.0,34.2,20.1
2023-04-27,Pune,0.3,34.0,20.2
2023-04-28,Pune,0.5,33.5,21.8
2023-04-29,Pune,0.2,31.3,19.6
2023-04-30,Pune,0.1,32.8,19.4
2023-05-01,Pune,0.0,31.1,18.6
2023-05-02,Pune,0.5,31.5,19.9
2023-05-03,Pune,0.0,31.6,20.0
2023-05-04,Pune,0.1,32.5,19.5
2023-05-05,Pune,0.0,32.9,20.0
2023-05-06,Pune,0.1,33.6,21.5
2023-05-07,Pune,9.6,32.0,22.1
2023-05-08,Pune,0.0,34.7,22.8
2023-05-09,Pune,0.7,35.7,22.8
2023-05-10,Pune,0.0,38.8,23.0
2023-05-11,Pune,0.0,40.1,22.9
2023-05-12,Pune,0.0,38.8,24.0
2023-05-13,Pune,0.0,36.5,24.3
2023-05-14,Pune,0.0,35.6,23.0
2023-05-15,Pune,0.0,34.7,22.3
2023-05-16,Pune,0.0,34.4,21.2
2023-05-17,Pune,0.0,35.5,21.3
2023-05-18,Pune,0.0,36.6,21.8
2023-05-19,Pune,0.0,37.5,21.3
2023-05-20,Pune,0.0,36.0,22.2
2023-05-21,Pune,0.0,36.0,21.7
2023-05-22,Pune,0.0,36.0,21.5
2023-05-23,Pune,0.0,37.6,21.9
2023-05-24,Pune,0.0,35.9,22.1
2023-05-25,Pune,0.0,34.0,22.6
2023-05-26,Pune,0.0,33.5,22.9
2023-05-27,Pune,0.0,34.0,21.0
2023-05-28,Pune,0.0,34.9,22.3
2023-05-29,Pune,0.0,37.5,22.0
2023-05-30,Pune,0.0,37.5,22.3
2023-05-31,Pune,0.0,37.6,22.6
2023-06-01,Pune,0.0,37.4,22.6
2023-06-02,Pune,0.0,34.5,22.9
2023-06-03,Pune,0.4,34.0,23.2
2023-06-04,Pune,1.8,32.8,23.7
2023-06-05,Pune,0.0,33.7,22.7
2023-06-06,Pune,0.0,34.7,22.4
2023-06-07,Pune,0.0,35.4,23.0
2023-06-08,Pune,0.1,35.6,23.0
2023-06-09,Pune,0.6,35.9,24.1
2023-06-10,Pune,5.4,36.4,23.8
2023-06-11,Pune,1.8,35.2,23.7
2023-06-12,Pune,0.6,34.1,22.6
2023-06-13,Pune,2.0,33.3,23.2
2023-06-14,Pune,3.4,34.5,23.2
2023-06-15,Pune,0.1,33.7,23.4
2023-06-16,Pune,0.8,33.2,23.1
2023-06-17,Pune,0.0,32.4,23.3
2023-06-18,Pune,1.0,33.0,23.4
2023-06-19,Pune,0.0,33.7,22.3
2023-06-20,Pune,0.2,33.6,22.4
2023-06-21,Pune,0.5,33.6,22.6
2023-06-22,Pune,0.3,33.0,22.8
2023-06-23,Pune,1.7,32.9,22.8
2023-06-24,Pune,4.1,30.6,23.4
2023-06-25,Pune,2.1,28.4,22.8
2023-06-26,Pune,5.2,25.5,23.0
2023-06-27,Pune,8.4,26.1,22.5
2023-06-28,Pune,16.9,28.2,22.5
2023-06-29,Pune,13.7,25.7,22.4
2023-06-30,Pune,24.3,26.9,22.4
2023-07-01,Pune,11.3,26.5,22.5
2023-07-02,Pune,4.4,28.7,22.9
2023-07-03,Pune,10.5,29.9,23.0
2023-07-04,Pune,7.8,29.1,23.7
2023-07-05,Pune,23.8,29.4,22.9
2023-07-06,Pune,5.0,27.2,22.7
2023-07-07,Pune,7.1,27.4,23.1
2023-07-08,Pune,8.8,27.9,23.1
2023-07-09,Pune,1.9,28.4,22.8
2023-07-10,Pune,1.0,28.5,22.5
2023-07-11,Pune,0.5,28.3,22.8
2023-07-12,Pune,19.6,25.8,22.7
2023-07-13,Pune,5.1,29.4,22.7
2023-07-14,Pune,11.8,27.5,22.8
2023-07-15,Pune,1.4,27.2,23.0
2023-07-16,Pune,8.5,27.2,22.4
2023-07-17,Pune,2.2,26.8,22.4
2023-07-18,Pune,10.7,25.5,22.9
2023-07-19,Pune,30.6,24.7,22.8
2023-07-20,Pune,4.2,27.0,22.7
2023-07-21,Pune,12.6,26.9,22.6
2023-07-22,Pune,7.8,26.7,22.7
2023-07-23,Pune,10.8,27.3,22.6
2023-07-24,Pune,4.5,26.6,22.7
2023-07-25,Pune,12.9,26.3,22.8
2023-07-26,Pune,9.2,26.0,22.8
2023-07-27,Pune,6.5,25.4,22.5
2023-07-28,Pune,9.4,25.9,22.3
2023-07-29,Pune,4.2,25.3,22.3
2023-07-30,Pune,3.9,27.0,22.3
2023-07-31,Pune,4.1,27.3,22.7
2023-08-01,Pune,1.4,27.3,22.9
2023-08-02,Pune,1.6,26.8,22.6
2023-08-03,Pune,2.3,26.6,22.6
2023-08-04,Pune,2.1,26.4,22.7
2023-08-05,Pune,3.5,27.5,22.5
2023-08-06,Pune,1.6,27.6,22.5
2023-08-07,Pune,0.9,27.9,22.1
2023-08-08,Pune,0.6,28.4,22.1
2023-08-09,Pune,2.1,28.2,22.2
2023-08-10,Pune,2.1,27.6,22.4
2023-08-11,Pune,0.8,28.3,21.3
2023-08-12,Pune,1.6,28.4,21.7
2023-08-13,Pune,0.8,27.7,21.9
2023-08-14,Pune,1.9,28.3,22.2
2023-08-15,Pune,2.1,27.4,21.7
2023-08-16,Pune,0.9,28.6,20.8
2023-08-17,Pune,0.3,28.0,21.2
2023-08-18,Pune,0.1,27.7,21.7
2023-08-19,Pune,0.8,27.1,22.0
2023-08-20,Pune,2.4,27.5,22.3
2023-08-21,Pune,0.8,28.1,21.3
2023-08-22,Pune,11.0,28.9,21.7
2023-08-23,Pune,0.5,29.0,21.3
2023-08-24,Pune,0.7,29.0,21.7
2023-08-25,Pune,1.1,28.3,22.2
2023-08-26,Pune,2.9,28.6,22.4
2023-08-27,Pune,2.7,27.4,21.4
2023-08-28,Pune,0.3,28.7,21.6
2023-08-29,Pune,0.8,28.8,21.6
2023-08-30,Pune,0.0,30.1,21.0
2023-08-31,Pune,0.2,30.5,20.9
2023-09-01,Pune,0.2,31.3,21.5
2023-09-02,Pune,2.0,30.1,21.7
2023-09-03,Pune,4.0,29.7,21.2
2023-09-04,Pune,1.0,29.1,21.7
2023-09-05,Pune,0.0,29.8,21.0
2023-09-06,Pune,0.1,29.2,21.3
2023-09-07,Pune,26.6,27.4,22.5
2023-09-08,Pune,14.6,26.5,22.5
2023-09-09,Pune,10.2,27.4,22.6
2023-09-10,Pune,0.7,28.2,22.6
2023-09-11,Pune,0.2,28.9,22.1
2023-09-12,Pune,1.2,29.1,21.5
2023-09-13,Pune,1.1,28.5,21.5
2023-09-14,Pune,1.2,28.3,21.6
2023-09-15,Pune,0.3,28.1,21.3
2023-09-16,Pune,2.4,25.1,22.6
2023-09-17,Pune,0.9,27.8,22.2
2023-09-18,Pune,1.6,28.9,22.2
2023-09-19,Pune,2.2,28.9,22.4
2023-09-20,Pune,3.1,29.8,22.8
2023-09-21,Pune,15.2,29.2,23.1
2023-09-22,Pune,18.0,28.4,22.8
2023-09-23,Pune,42.4,28.3,21.9
2023-09-24,Pune,9.6,26.9,21.7
2023-09-25,Pune,6.1,29.5,20.9
2023-09-26,Pune,13.8,29.7,21.7
2023-09-27,Pune,24.0,28.8,21.5
2023-09-28,Pune,13.4,27.9,21.2
2023-09-29,Pune,13.5,29.5,21.7
2023-09-30,Pune,13.2,29.4,21.3
2023-10-01,Pune,1.2,29.8,21.9
2023-10-02,Pune,0.1,28.1,22.1
2023-10-03,Pune,0.0,30.9,21.5
2023-10-04,Pune,0.0,30.9,20.9
2023-10-05,Pune,0.0,30.8,18.9
2023-10-06,Pune,0.0,30.1,18.7
2023-10-07,Pune,0.0,30.7,20.3
2023-10-08,Pune,0.0,31.0,18.6
2023-10-09,Pune,0.0,32.1,18.9
2023-10-10,Pune,0.0,31.3,18.8
2023-10-11,Pune,0.0,31.0,19.6
2023-10-12,Pune,0.0,31.7,19.4
2023-10-13,Pune,0.0,31.3,20.7
2023-10-14,Pune,0.0,30.8,20.9
2023-10-15,Pune,0.1,31.0,19.3
2023-10-16,Pune,0.0,32.0,19.7
2023-10-17,Pune,0.0,30.4,20.6
2023-10-18,Pune,0.0,31.2,19.8
2023-10-19,Pune,0.0,30.9,21.2
2023-10-20,Pune,0.2,30.3,19.5
2023-10-21,Pune,0.0,29.9,20.6
2023-10-22,Pune,0.0,31.2,20.6
2023-10-23,Pune,0.0,31.5,19.7
2023-10-24,Pune,0.0,31.7,20.4
2023-10-25,Pune,0.0,31.1,18.8
2023-10-26,Pune,0.0,30.3,19.6
2023-10-27,Pune,0.0,30.4,18.9
2023-10-28,Pune,0.0,30.5,18.4
2023-10-29,Pune,0.0,30.9,19.0
2023-10-30,Pune,0.0,30.5,18.3
2023-10-31,Pune,0.0,30.9,18.9
2023-11-01,Pune,0.0,30.3,17.3
2023-11-02,Pune,0.0,30.6,16.2
2023-11-03,Pune,0.0,31.2,19.0
2023-11-04,Pune,0.0,31.8,19.6
2023-11-05,Pune,0.0,31.8,18.9
2023-11-06,Pune,0.0,31.1,19.8
2023-11-07,Pune,0.0,31.1,18.9
2023-11-08,Pune,1.1,30.3,20.0
2023-11-09,Pune,3.0,30.7,18.6
2023-11-10,Pune,2.2,30.2,19.3
2023-11-11,Pune,0.0,31.1,18.9
2023-11-12,Pune,0.0,31.2,20.7
2023-11-13,Pune,0.0,31.3,19.1
2023-11-14,Pune,0.0,30.4,17.8
2023-11-15,Pune,0.0,29.9,17.7
2023-11-16,Pune,0.0,30.0,16.7
2023-11-17,Pune,0.0,29.9,16.1
2023-11-18,Pune,0.0,30.7,17.0
2023-11-19,Pune,0.0,31.5,18.2
2023-11-20,Pune,0.0,31.2,20.1
2023-11-21,Pune,0.0,29.9,18.0
2023-11-22,Pune,0.0,29.7,18.0
2023-11-23,Pune,0.0,30.2,17.8
2023-11-24,Pune,0.1,30.0,17.4
2023-11-25,Pune,0.4,29.0,18.4
2023-11-26,Pune,3.2,29.7,19.3
2023-11-27,Pune,4.9,27.1,18.6
2023-11-28,Pune,0.2,28.4,18.1
2023-11-29,Pune,0.2,28.1,17.7
2023-11-30,Pune,0.7,28.3,18.0
2023-12-01,Pune,0.0,28.6,17.2
2023-12-02,Pune,0.0,29.0,16.8
2023-12-03,Pune,0.0,29.4,18.1
2023-12-04,Pune,0.0,29.9,18.9
2023-12-05,Pune,0.0,28.9,17.9
2023-12-06,Pune,0.3,27.0,17.1
2023-12-07,Pune,0.2,27.1,17.1
2023-12-08,Pune,0.1,27.8,16.6
2023-12-09,Pune,0.0,28.3,16.2
2023-12-10,Pune,0.0,27.8,16.3
2023-12-11,Pune,0.0,28.6,15.5
2023-12-12,Pune,0.0,28.6,15.5
2023-12-13,Pune,0.0,28.0,14.9
2023-12-14,Pune,0.0,26.7,16.6
2023-12-15,Pune,0.0,26.4,15.2
2023-12-16,Pune,0.0,26.7,14.6
2023-12-17,Pune,0.0,27.3,15.3
2023-12-18,Pune,0.0,26.3,17.2
2023-12-19,Pune,0.0,26.3,16.5
2023-12-20,Pune,0.0,26.7,14.5
2023-12-21,Pune,0.0,27.8,16.2
2023-12-22,Pune,0.0,28.3,16.1
2023-12-23,Pune,0.0,29.8,16.1
2023-12-24,Pune,0.0,28.6,14.9
2023-12-25,Pune,0.0,28.5,14.0
2023-12-26,Pune,0.0,29.5,14.7
2023-12-27,Pune,0.0,28.9,15.3
2023-12-28,Pune,0.0,28.4,15.9
2023-12-29,Pune,0.0,28.7,14.1
2023-12-30,Pune,0.0,28.6,14.6
2023-12-31,Pune,0.0,28.5,15.4
2024-01-01,Pune,0.0,28.0,13.9
2024-01-02,Pune,0.0,28.2,14.5
2024-01-03,Pune,0.0,28.2,15.1
2024-01-04,Pune,0.0,28.4,15.1
2024-01-05,Pune,0.0,28.0,13.8
2024-01-06,Pune,0.2,27.2,15.8
2024-01-07,Pune,0.4,27.8,16.0
2024-01-08,Pune,0.0,28.0,15.8
2024-01-09,Pune,0.3,27.3,17.0
2024-01-10,Pune,2.0,25.9,17.3
2024-01-11,Pune,0.0,28.5,16.5
2024-01-12,Pune,0.0,29.2,17.0
2024-01-13,Pune,0.0,31.0,15.4
2024-01-14,Pune,0.0,30.2,16.0
2024-01-15,Pune,0.0,28.2,13.3
2024-01-16,Pune,0.0,28.9,13.0
2024-01-17,Pune,0.0,29.0,14.4
2024-01-18,Pune,0.0,27.0,12.5
2024-01-19,Pune,0.0,28.0,14.1
2024-01-20,Pune,0.0,28.4,13.8
2024-01-21,Pune,0.0,27.4,15.3
2024-01-22,Pune,0.0,28.7,14.5
2024-01-23,Pune,0.0,26.5,12.3
2024-01-24,Pune,0.0,26.4,12.9
2024-01-25,Pune,0.0,26.6,12.9
2024-01-26,Pune,0.0,27.9,14.5
2024-01-27,Pune,0.0,28.6,14.2
2024-01-28,Pune,0.0,28.9,14.8
2024-01-29,Pune,0.0,29.1,15.2
2024-01-30,Pune,0.0,29.1,14.2
2024-01-31,Pune,0.0,29.9,14.3
2024-02-01,Pune,0.0,26.9,12.6
2024-02-02,Pune,0.0,27.5,12.6
2024-02-03,Pune,0.0,29.8,15.2
2024-02-04,Pune,0.0,31.0,16.0
2024-02-05,Pune,0.0,32.3,17.4
2024-02-06,Pune,0.0,33.1,17.5
2024-02-07,Pune,0.0,32.4,15.7
2024-02-08,Pune,0.0,30.6,15.8
2024-02-09,Pune,0.0,31.8,15.5
2024-02-10,Pune,0.0,32.6,14.1
2024-02-11,Pune,0.0,31.8,12.9
2024-02-12,Pune,0.0,31.9,14.7
2024-02-13,Pune,0.0,32.4,13.9
2024-02-14,Pune,0.0,30.9,15.3
2024-02-15,Pune,0.0,31.5,16.0
2024-02-16,Pune,0.0,33.5,17.3
2024-02-17,Pune,0.0,32.8,17.9
2024-02-18,Pune,0.0,32.7,17.5
2024-02-19,Pune,0.0,32.7,16.6
2024-02-20,Pune,0.0,32.3,15.7
2024-02-21,Pune,0.0,29.7,15.1
2024-02-22,Pune,0.0,28.6,16.6
2024-02-23,Pune,0.0,29.7,13.8
2024-02-24,Pune,0.0,31.1,13.6
2024-02-25,Pune,0.0,30.9,15.2
2024-02-26,Pune,0.0,33.5,15.8
2024-02-27,Pune,0.0,33.2,18.9
2024-02-28,Pune,0.0,32.8,18.1
2024-02-29,Pune,0.0,33.2,18.4
2024-03-01,Pune,0.0,34.2,18.9
2024-03-02,Pune,0.0,33.0,20.3
2024-03-03,Pune,0.0,28.8,17.7
2024-03-04,Pune,0.0,31.2,14.8
2024-03-05,Pune,0.0,33.2,14.0
2024-03-06,Pune,0.0,34.1,15.4
2024-03-07,Pune,0.0,33.4,14.6
2024-03-08,Pune,0.0,33.9,18.6
2024-03-09,Pune,0.0,35.0,16.0
2024-03-10,Pune,0.0,35.6,15.8
2024-03-11,Pune,0.0,35.3,18.1
2024-03-12,Pune,0.0,35.8,16.7
2024-03-13,Pune,0.0,34.0,17.1
2024-03-14,Pune,0.0,33.7,15.7
2024-03-15,Pune,0.0,34.5,16.5
2024-03-16,Pune,0.0,35.4,15.8
2024-03-17,Pune,0.0,35.7,16.8
2024-03-18,Pune,0.0,34.7,19.5
2024-03-19,Pune,0.0,34.2,18.4
2024-03-20,Pune,0.0,34.8,18.5
2024-03-21,Pune,0.0,34.8,19.4
2024-03-22,Pune,0.0,36.1,18.3
2024-03-23,Pune,0.0,36.3,20.8
2024-03-24,Pune,0.0,36.1,21.7
2024-03-25,Pune,0.0,37.5,20.4
2024-03-26,Pune,0.0,37.9,19.3
2024-03-27,Pune,0.0,38.4,20.6
2024-03-28,Pune,0.0,38.6,21.1
2024-03-29,Pune,0.0,38.6,22.6
2024-03-30,Pune,0.0,37.5,22.5
2024-03-31,Pune,0.0,37.7,22.4
2024-04-01,Pune,0.0,38.3,22.4
2024-04-02,Pune,0.0,38.6,21.7
2024-04-03,Pune,0.0,39.0,19.3
2024-04-04,Pune,0.0,37.4,23.7
2024-04-05,Pune,0.0,38.7,20.9
2024-04-06,Pune,0.0,38.5,21.3
2024-04-07,Pune,0.0,36.6,22.1
2024-04-08,Pune,0.0,37.5,19.3
2024-04-09,Pune,0.0,38.1,20.1
2024-04-10,Pune,0.0,38.7,20.1
2024-04-11,Pune,0.0,37.8,21.2
2024-04-12,Pune,0.0,37.5,22.7
2024-04-13,Pune,0.0,37.7,20.5
2024-04-14,Pune,0.0,38.5,19.6
2024-04-15,Pune,0.0,39.1,23.9
2024-04-16,Pune,0.0,38.5,25.9
2024-04-17,Pune,0.1,39.9,26.6
2024-04-18,Pune,0.0,39.9,24.7
2024-04-19,Pune,0.0,39.8,25.0
2024-04-20,Pune,0.0,37.5,24.8
2024-04-21,Pune,0.0,38.9,23.3
2024-04-22,Pune,0.0,37.2,23.8
2024-04-23,Pune,0.0,39.0,22.8
2024-04-24,Pune,0.0,38.9,21.9
2024-04-25,Pune,0.0,38.9,24.3
2024-04-26,Pune,0.8,38.9,25.4
2024-04-27,Pune,0.0,39.4,24.0
2024-04-28,Pune,0.0,40.3,24.3
2024-04-29,Pune,0.0,40.4,24.0
2024-04-30,Pune,0.0,39.8,23.2
2024-05-01,Pune,0.0,37.6,24.7
2024-05-02,Pune,0.0,37.7,21.0
2024-05-03,Pune,0.0,39.2,18.8
2024-05-04,Pune,0.0,38.7,21.4
2024-05-05,Pune,0.0,38.4,22.5
2024-05-06,Pune,0.0,37.2,22.3
2024-05-07,Pune,0.0,37.5,22.8
2024-05-08,Pune,0.0,38.7,20.3
2024-05-09,Pune,0.2,36.1,23.6
2024-05-10,Pune,3.1,35.9,23.6
2024-05-11,Pune,0.9,35.1,22.3
2024-05-12,Pune,0.4,35.5,24.9
2024-05-13,Pune,2.4,32.6,22.5
2024-05-14,Pune,0.0,36.4,23.0
2024-05-15,Pune,0.0,36.7,23.5
2024-05-16,Pune,0.3,36.7,23.1
2024-05-17,Pune,0.2,36.3,23.7
2024-05-18,Pune,0.0,38.1,22.9
2024-05-19,Pune,0.5,38.5,24.0
2024-05-20,Pune,0.0,39.5,24.1
2024-05-21,Pune,0.0,39.8,24.1
2024-05-22,Pune,0.2,39.7,24.8
2024-05-23,Pune,0.4,37.3,24.9
2024-05-24,Pune,0.0,36.5,24.5
2024-05-25,Pune,0.0,35.6,24.5
2024-05-26,Pune,0.0,34.9,24.3
2024-05-27,Pune,0.0,32.2,25.1
2024-05-28,Pune,0.0,34.4,24.1
2024-05-29,Pune,0.0,34.8,23.3
2024-05-30,Pune,0.0,35.8,23.0
2024-05-31,Pune,0.1,36.1,23.9
2024-06-01,Pune,0.0,35.8,24.1
2024-06-02,Pune,0.0,35.2,24.5
2024-06-03,Pune,2.0,37.0,24.2
2024-06-04,Pune,12.2,30.6,23.9
2024-06-05,Pune,5.3,31.3,23.7
2024-06-06,Pune,1.2,32.1,23.3
2024-06-07,Pune,1.0,34.6,24.0
2024-06-08,Pune,11.7,34.0,23.6
2024-06-09,Pune,6.6,27.3,23.5
2024-06-10,Pune,13.6,28.8,22.8
2024-06-11,Pune,7.1,28.8,23.2
2024-06-12,Pune,6.2,30.1,23.3
2024-06-13,Pune,1.0,30.6,21.9
2024-06-14,Pune,5.2,29.1,23.1
2024-06-15,Pune,12.6,30.8,22.8
2024-06-16,Pune,8.7,31.1,22.3
2024-06-17,Pune,16.7,31.6,23.0
2024-06-18,Pune,11.7,29.7,23.3
2024-06-19,Pune,1.5,27.3,23.5
2024-06-20,Pune,16.5,29.4,23.4
2024-06-21,Pune,1.7,30.4,23.2
2024-06-22,Pune,0.2,30.9,23.9
2024-06-23,Pune,1.6,30.3,24.0
2024-06-24,Pune,12.4,31.6,23.4
2024-06-25,Pune,12.4,31.4,22.9
2024-06-26,Pune,25.0,30.1,23.5
2024-06-27,Pune,6.3,29.5,23.5
2024-06-28,Pune,8.7,27.1,23.4
2024-06-29,Pune,1.0,30.4,23.7
2024-06-30,Pune,14.7,28.6,23.5
2024-07-01,Pune,1.8,28.8,23.4
2024-07-02,Pune,6.5,27.5,23.3
2024-07-03,Pune,2.4,27.9,23.6
2024-07-04,Pune,3.0,27.5,23.2
2024-07-05,Pune,3.2,29.1,23.4
2024-07-06,Pune,3.0,27.5,23.3
2024-07-07,Pune,34.1,25.0,23.1
2024-07-08,Pune,29.1,28.2,22.8
2024-07-09,Pune,24.6,28.0,22.5
2024-07-10,Pune,4.3,28.1,22.4
2024-07-11,Pune,13.1,27.5,22.8
2024-07-12,Pune,5.5,27.2,23.1
2024-07-13,Pune,48.1,25.5,22.7
2024-07-14,Pune,29.7,25.4,22.7
2024-07-15,Pune,4.5,28.7,22.6
2024-07-16,Pune,2.5,29.7,22.7
2024-07-17,Pune,13.9,27.6,22.4
2024-07-18,Pune,11.8,26.8,23.4
2024-07-19,Pune,5.6,27.1,23.1
2024-07-20,Pune,17.2,27.0,22.8
2024-07-21,Pune,14.0,26.5,22.9
2024-07-22,Pune,20.2,25.1,22.9
2024-07-23,Pune,36.1,24.1,23.1
2024-07-24,Pune,30.4,24.3,22.9
2024-07-25,Pune,70.3,24.0,21.8
2024-07-26,Pune,11.3,26.0,22.2
2024-07-27,Pune,5.9,24.9,23.0
2024-07-28,Pune,12.6,25.2,22.8
2024-07-29,Pune,27.5,26.9,22.7
2024-07-30,Pune,6.5,28.6,22.5
2024-07-31,Pune,13.2,27.1,22.7
2024-08-01,Pune,2.4,25.7,23.2
2024-08-02,Pune,8.1,26.5,22.8
2024-08-03,Pune,8.5,25.6,22.6
2024-08-04,Pune,45.3,25.5,22.6
2024-08-05,Pune,2.8,27.6,22.7
2024-08-06,Pune,10.1,28.3,22.1
2024-08-07,Pune,1.8,27.7,22.5
2024-08-08,Pune,1.1,27.5,22.7
2024-08-09,Pune,17.5,25.4,22.3
2024-08-10,Pune,2.8,29.5,22.3
2024-08-11,Pune,2.2,27.9,22.5
2024-08-12,Pune,1.0,28.6,21.4
2024-08-13,Pune,1.7,29.6,20.5
2024-08-14,Pune,1.4,29.3,21.8
2024-08-15,Pune,0.5,30.6,22.7
2024-08-16,Pune,1.4,29.9,22.1
2024-08-17,Pune,2.2,29.0,21.6
2024-08-18,Pune,8.8,28.0,22.9
2024-08-19,Pune,12.9,28.9,22.8
2024-08-20,Pune,11.9,30.1,22.4
2024-08-21,Pune,5.5,30.1,22.6
2024-08-22,Pune,26.9,29.6,22.1
2024-08-23,Pune,21.8,27.2,22.5
2024-08-24,Pune,32.3,24.8,22.5
2024-08-25,Pune,21.7,24.9,22.0
2024-08-26,Pune,10.7,24.1,21.8
2024-08-27,Pune,4.7,26.8,21.5
2024-08-28,Pune,4.1,27.2,21.9
2024-08-29,Pune,1.3,28.1,22.4
2024-08-30,Pune,2.4,28.7,21.9
2024-08-31,Pune,0.7,27.3,21.6
2024-09-01,Pune,1.1,25.9,21.8
2024-09-02,Pune,53.3,23.5,22.3
2024-09-03,Pune,3.4,26.5,22.3
2024-09-04,Pune,1.5,27.0,22.8
2024-09-05,Pune,18.7,27.1,22.6
2024-09-06,Pune,1.2,27.3,22.4
2024-09-07,Pune,1.5,28.4,22.3
2024-09-08,Pune,1.2,28.0,22.4
2024-09-09,Pune,1.4,27.9,22.1
2024-09-10,Pune,2.4,28.2,22.0
2024-09-11,Pune,2.6,28.4,21.2
2024-09-12,Pune,0.8,28.0,21.1
2024-09-13,Pune,0.6,27.5,20.2
2024-09-14,Pune,1.0,27.6,20.5
2024-09-15,Pune,2.3,26.7,21.0
2024-09-16,Pune,0.0,28.6,20.3
2024-09-17,Pune,0.2,28.2,19.8
2024-09-18,Pune,0.2,28.4,17.8
2024-09-19,Pune,0.1,27.7,21.1
2024-09-20,Pune,2.6,28.8,21.4
2024-09-21,Pune,0.4,29.4,21.5
2024-09-22,Pune,2.9,29.4,21.8
2024-09-23,Pune,11.6,28.4,22.1
2024-09-24,Pune,21.0,30.2,21.8
2024-09-25,Pune,38.3,27.0,22.1
2024-09-26,Pune,8.6,27.0,21.8
2024-09-27,Pune,14.5,26.7,21.9
2024-09-28,Pune,0.7,28.3,21.6
2024-09-29,Pune,1.5,28.1,21.4
2024-09-30,Pune,0.0,30.2,21.0
2024-10-01,Pune,0.0,30.9,20.1
2024-10-02,Pune,0.3,31.3,21.6
2024-10-03,Pune,0.2,30.1,21.8
2024-10-04,Pune,1.7,29.0,20.3
2024-10-05,Pune,0.0,30.2,20.0
2024-10-06,Pune,2.4,29.2,20.0
2024-10-07,Pune,0.0,30.7,20.9
2024-10-08,Pune,0.0,30.6,20.0
2024-10-09,Pune,5.0,27.7,21.4
2024-10-10,Pune,6.9,29.4,20.2
2024-10-11,Pune,14.9,28.6,21.2
2024-10-12,Pune,17.2,29.4,20.9
2024-10-13,Pune,9.4,29.6,21.2
2024-10-14,Pune,4.0,29.6,20.5
2024-10-15,Pune,0.4,29.5,20.5
2024-10-16,Pune,3.2,29.1,21.3
2024-10-17,Pune,3.5,28.0,21.7
2024-10-18,Pune,25.2,29.6,21.5
2024-10-19,Pune,11.8,28.8,20.5
2024-10-20,Pune,10.0,27.4,21.0
2024-10-21,Pune,7.2,27.3,20.6
2024-10-22,Pune,0.7,28.8,19.9
2024-10-23,Pune,0.5,29.4,20.0
2024-10-24,Pune,0.0,29.1,19.5
2024-10-25,Pune,0.0,29.1,17.4
2024-10-26,Pune,0.0,29.1,17.4
2024-10-27,Pune,0.0,30.4,16.9
2024-10-28,Pune,0.0,30.8,18.7
2024-10-29,Pune,0.0,30.1,17.3
2024-10-30,Pune,0.0,29.8,17.6
2024-10-31,Pune,0.0,30.6,20.1
2024-11-01,Pune,0.0,30.3,20.2
2024-11-02,Pune,0.0,30.3,19.7
2024-11-03,Pune,0.0,30.2,17.5
2024-11-04,Pune,0.0,30.2,18.8
2024-11-05,Pune,0.0,30.1,18.1
2024-11-06,Pune,0.0,30.0,18.0
2024-11-07,Pune,0.0,30.2,16.8
2024-11-08,Pune,0.0,29.8,17.3
2024-11-09,Pune,0.0,29.1,17.8
2024-11-10,Pune,0.0,29.1,17.1
2024-11-11,Pune,0.0,28.6,18.0
2024-11-12,Pune,0.0,28.9,16.1
2024-11-13,Pune,0.0,29.4,17.3
2024-11-14,Pune,0.0,30.4,17.5
2024-11-15,Pune,0.0,30.5,19.1
2024-11-16,Pune,0.0,30.6,19.3
2024-11-17,Pune,0.0,30.4,19.2
2024-11-18,Pune,0.0,28.3,16.7
2024-11-19,Pune,0.0,27.7,14.7
2024-11-20,Pune,0.0,26.9,15.2
2024-11-21,Pune,0.0,27.0,14.2
2024-11-22,Pune,0.0,27.0,14.1
2024-11-23,Pune,0.0,26.9,14.4
2024-11-24,Pune,0.0,27.3,13.9
2024-11-25,Pune,0.0,26.7,13.8
2024-11-26,Pune,0.0,26.3,13.8
2024-11-27,Pune,0.0,26.5,13.5
2024-11-28,Pune,0.0,25.8,13.2
2024-11-29,Pune,0.0,25.4,12.7
2024-11-30,Pune,0.0,26.1,13.5
2024-12-01,Pune,0.0,27.2,14.6
2024-12-02,Pune,0.0,27.2,18.3
2024-12-03,Pune,0.8,29.0,20.1
2024-12-04,Pune,1.6,28.9,21.0
2024-12-05,Pune,0.1,29.6,20.0
2024-12-06,Pune,0.0,29.3,19.4
2024-12-07,Pune,0.0,29.5,18.1
2024-12-08,Pune,0.0,28.5,15.3
2024-12-09,Pune,0.0,26.1,11.6
2024-12-10,Pune,0.0,26.3,13.8
2024-12-11,Pune,0.0,26.6,14.8
2024-12-12,Pune,0.0,26.5,14.0
2024-12-13,Pune,0.0,25.8,14.5
2024-12-14,Pune,0.0,26.3,12.9
2024-12-15,Pune,0.0,26.3,10.9
2024-12-16,Pune,0.0,27.0,10.4
2024-12-17,Pune,0.0,26.2,10.9
2024-12-18,Pune,0.0,26.9,11.6
2024-12-19,Pune,0.0,27.9,10.7
2024-12-20,Pune,0.0,28.0,14.5
2024-12-21,Pune,0.0,27.9,14.6
2024-12-22,Pune,0.0,27.6,15.5
2024-12-23,Pune,0.0,27.7,16.8
2024-12-24,Pune,0.2,26.8,15.7
2024-12-25,Pune,0.0,27.9,16.4
2024-12-26,Pune,1.4,27.5,17.3
2024-12-27,Pune,1.1,27.3,17.2
2024-12-28,Pune,0.8,27.8,18.2
2024-12-29,Pune,0.5,27.6,17.1
2024-12-30,Pune,0.0,28.2,18.0
2024-12-31,Pune,0.0,27.9,16.8
2025-01-01,Pune,0.0,28.1,15.6
2025-01-02,Pune,0.0,28.5,14.3
2025-01-03,Pune,0.0,28.6,14.8
2025-01-04,Pune,0.0,28.2,12.8
2025-01-05,Pune,0.0,28.2,13.0
2025-01-06,Pune,0.0,27.9,13.9
2025-01-07,Pune,0.0,26.5,14.2
2025-01-08,Pune,0.0,26.0,12.8
2025-01-09,Pune,0.0,25.9,12.3
2025-01-10,Pune,0.0,26.3,13.0
2025-01-11,Pune,0.0,28.0,14.4
2025-01-12,Pune,0.0,27.2,14.9
2025-01-13,Pune,0.0,27.2,16.5
2025-01-14,Pune,0.0,28.8,14.5
2025-01-15,Pune,0.0,29.3,17.0
2025-01-16,Pune,0.0,28.0,16.4
2025-01-17,Pune,0.0,28.7,17.4
2025-01-18,Pune,0.0,27.8,15.0
2025-01-19,Pune,0.0,27.9,14.6
2025-01-20,Pune,0.0,28.1,14.3
2025-01-21,Pune,0.0,28.5,14.3
2025-01-22,Pune,0.0,30.0,15.0
2025-01-23,Pune,0.0,29.9,15.0
2025-01-24,Pune,0.0,30.3,14.8
2025-01-25,Pune,0.0,30.7,16.2
2025-01-26,Pune,0.0,30.6,16.3
2025-01-27,Pune,0.0,31.8,16.1
2025-01-28,Pune,0.0,32.8,16.6
2025-01-29,Pune,0.0,32.7,17.2
2025-01-30,Pune,0.0,32.5,17.1
2025-01-31,Pune,0.0,32.2,16.8
2025-02-01,Pune,0.0,32.0,14.8
2025-02-02,Pune,0.0,31.7,15.7
2025-02-03,Pune,0.0,32.3,17.1
2025-02-04,Pune,0.0,32.5,16.9
2025-02-05,Pune,0.0,30.1,15.1
2025-02-06,Pune,0.0,31.6,15.7
2025-02-07,Pune,0.0,32.2,17.1
2025-02-08,Pune,0.0,31.8,17.0
2025-02-09,Pune,0.0,32.3,17.5
2025-02-10,Pune,0.0,32.8,18.3
2025-02-11,Pune,0.0,33.0,17.1
2025-02-12,Pune,0.0,33.7,16.5
2025-02-13,Pune,0.0,31.8,14.2
2025-02-14,Pune,0.0,31.9,16.6
2025-02-15,Pune,0.0,32.8,16.0
2025-02-16,Pune,0.0,33.3,16.4
2025-02-17,Pune,0.0,33.2,16.6
2025-02-18,Pune,0.0,34.2,16.6
2025-02-19,Pune,0.0,33.4,16.5
2025-02-20,Pune,0.0,32.4,15.6
2025-02-21,Pune,0.0,32.5,16.5
2025-02-22,Pune,0.0,33.3,17.7
2025-02-23,Pune,0.0,33.7,16.8
2025-02-24,Pune,0.0,32.9,16.3
2025-02-25,Pune,0.0,33.4,18.3
2025-02-26,Pune,0.0,33.8,18.5
2025-02-27,Pune,0.0,33.9,18.2
2025-02-28,Pune,0.0,34.1,18.9
2025-03-01,Pune,0.0,34.5,19.4
2025-03-02,Pune,0.0,34.6,19.1
2025-03-03,Pune,0.0,35.9,18.2
2025-03-04,Pune,0.0,34.3,18.7
2025-03-05,Pune,0.0,33.2,20.6
2025-03-06,Pune,0.0,33.7,14.8
2025-03-07,Pune,0.0,34.1,16.7
2025-03-08,Pune,0.0,36.0,18.3
2025-03-09,Pune,0.0,35.6,18.2
2025-03-10,Pune,0.0,35.6,21.2
2025-03-11,Pune,0.0,36.4,21.0
2025-03-12,Pune,0.0,36.3,19.7
2025-03-13,Pune,0.0,37.0,21.0
2025-03-14,Pune,0.0,36.9,20.5
2025-03-15,Pune,0.0,37.3,21.8
2025-03-16,Pune,0.0,36.1,21.2
2025-03-17,Pune,0.0,35.7,20.3
2025-03-18,Pune,0.0,37.3,19.2
2025-03-19,Pune,0.0,38.2,18.8
2025-03-20,Pune,0.0,35.5,19.3
2025-03-21,Pune,0.0,34.7,19.5
2025-03-22,Pune,0.0,34.0,16.8
2025-03-23,Pune,0.0,35.4,18.2
2025-03-24,Pune,0.0,36.1,19.5
2025-03-25,Pune,0.0,36.8,19.4
2025-03-26,Pune,0.0,37.0,19.4
2025-03-27,Pune,0.0,35.3,21.2
2025-03-28,Pune,0.0,36.9,20.2
2025-03-29,Pune,0.0,37.5,21.5
2025-03-30,Pune,0.0,38.2,22.8
2025-03-31,Pune,0.0,38.5,27.4
2025-04-01,Pune,0.0,35.0,24.1
2025-04-02,Pune,0.1,36.1,22.7
2025-04-03,Pune,0.1,35.2,21.2
2025-04-04,Pune,0.0,35.4,19.4
2025-04-05,Pune,0.0,36.9,18.8
2025-04-06,Pune,0.0,37.5,19.6
2025-04-07,Pune,0.0,38.1,21.2
2025-04-08,Pune,0.0,38.9,21.9
2025-04-09,Pune,0.0,39.4,22.1
2025-04-10,Pune,0.0,38.2,23.0
2025-04-11,Pune,0.0,36.5,22.0
2025-04-12,Pune,0.0,35.8,21.6
2025-04-13,Pune,0.0,37.9,19.8
2025-04-14,Pune,0.0,38.6,22.4
2025-04-15,Pune,0.0,39.7,24.1
2025-04-16,Pune,0.0,39.0,20.9
2025-04-17,Pune,0.0,39.0,22.1
2025-04-18,Pune,0.0,38.4,23.0
2025-04-19,Pune,0.0,37.6,23.3
2025-04-20,Pune,0.0,37.4,23.2
2025-04-21,Pune,0.0,39.6,23.1
2025-04-22,Pune,0.0,40.2,21.9
2025-04-23,Pune,0.0,41.6,22.6
2025-04-24,Pune,0.0,39.7,22.8
2025-04-25,Pune,0.0,39.2,21.6
2025-04-26,Pune,0.0,38.2,21.4
2025-04-27,Pune,0.0,40.0,22.7
2025-04-28,Pune,0.0,40.5,21.7
2025-04-29,Pune,0.0,39.0,22.3
2025-04-30,Pune,0.0,37.8,22.8
2025-05-01,Pune,0.0,40.9,24.2
2025-05-02,Pune,0.0,39.4,25.4
2025-05-03,Pune,0.0,37.3,23.7
2025-05-04,Pune,0.0,35.1,20.7
2025-05-05,Pune,0.0,35.8,21.4
2025-05-06,Pune,0.3,35.2,20.4
2025-05-07,Pune,0.6,33.4,20.9
2025-05-08,Pune,4.1,32.0,21.4
2025-05-09,Pune,1.0,31.0,19.7
2025-05-10,Pune,0.5,35.5,21.3
2025-05-11,Pune,0.5,35.2,21.6
2025-05-12,Pune,1.1,35.1,22.6
2025-05-13,Pune,5.5,32.9,22.7
2025-05-14,Pune,0.3,33.6,22.5
2025-05-15,Pune,2.0,34.5,23.3
2025-05-16,Pune,7.3,33.8,22.9
2025-05-17,Pune,1.4,32.9,23.5
2025-05-18,Pune,9.1,33.5,23.1
2025-05-19,Pune,7.6,33.4,23.4
2025-05-20,Pune,15.7,34.2,23.7
2025-05-21,Pune,0.2,29.5,23.1
2025-05-22,Pune,8.8,28.6,22.6
2025-05-23,Pune,15.0,26.8,22.8
2025-05-24,Pune,6.1,27.3,23.3
2025-05-25,Pune,34.8,28.0,23.0
2025-05-26,Pune,46.7,30.1,21.7
2025-05-27,Pune,0.8,30.3,22.8
2025-05-28,Pune,4.8,29.8,22.9
2025-05-29,Pune,0.0,32.7,23.3
2025-05-30,Pune,0.0,31.5,23.3
2025-05-31,Pune,0.0,31.4,22.8
2025-06-01,Pune,1.0,30.3,22.6
2025-06-02,Pune,0.0,30.7,21.7
2025-06-03,Pune,0.3,30.6,22.5
2025-06-04,Pune,2.8,28.6,21.2
2025-06-05,Pune,0.4,30.3,20.3
2025-06-06,Pune,0.3,31.6,21.1
2025-06-07,Pune,6.9,30.2,22.0
2025-06-08,Pune,0.0,31.8,22.7
2025-06-09,Pune,2.0,31.0,23.5
2025-06-10,Pune,0.3,31.2,22.5
2025-06-11,Pune,0.2,31.3,23.1
2025-06-12,Pune,17.3,32.0,24.1
2025-06-13,Pune,3.6,31.0,23.1
2025-06-14,Pune,37.1,31.9,22.5
2025-06-15,Pune,1.0,28.6,23.1
2025-06-16,Pune,51.5,24.7,22.9
2025-06-17,Pune,3.1,28.8,22.7
2025-06-18,Pune,15.3,28.9,23.1
2025-06-19,Pune,24.2,26.6,22.7
2025-06-20,Pune,0.8,29.4,22.8
2025-06-21,Pune,2.3,28.8,22.9
2025-06-22,Pune,2.9,28.6,22.5
2025-06-23,Pune,4.6,27.7,23.0
2025-06-24,Pune,6.7,26.6,22.9
2025-06-25,Pune,2.5,28.8,23.2
2025-06-26,Pune,5.9,28.1,22.9
2025-06-27,Pune,3.3,28.4,22.6
2025-06-28,Pune,4.1,28.4,22.1
2025-06-29,Pune,6.7,26.6,22.6
2025-06-30,Pune,4.8,26.6,22.5
2025-07-01,Pune,2.7,26.1,22.5
2025-07-02,Pune,8.5,27.0,22.2
2025-07-03,Pune,3.5,27.4,22.2
2025-07-04,Pune,6.6,27.9,22.7
2025-07-05,Pune,7.7,28.1,22.9
2025-07-06,Pune,6.9,24.6,22.5
2025-07-07,Pune,7.8,26.2,22.2
2025-07-08,Pune,3.4,26.0,22.0
2025-07-09,Pune,1.8,26.2,21.6
2025-07-10,Pune,0.8,29.3,21.6
2025-07-11,Pune,1.5,28.8,21.8
2025-07-12,Pune,0.1,28.6,22.2
2025-07-13,Pune,0.9,28.1,22.8
2025-07-14,Pune,10.1,27.8,22.9
2025-07-15,Pune,4.0,27.0,22.7
2025-07-16,Pune,0.9,28.9,22.4
2025-07-17,Pune,0.5,29.4,22.2
2025-07-18,Pune,0.6,28.8,21.3
2025-07-19,Pune,0.6,29.3,21.1
2025-07-20,Pune,0.9,29.1,21.4
2025-07-21,Pune,9.3,27.4,22.3
2025-07-22,Pune,1.1,27.8,22.6
2025-07-23,Pune,3.3,26.7,22.4
2025-07-24,Pune,1.3,26.9,22.1
2025-07-25,Pune,21.9,24.4,22.7
2025-07-26,Pune,7.4,26.3,23.0
2025-07-27,Pune,5.1,26.2,22.4
2025-07-28,Pune,5.1,25.8,21.7
2025-07-29,Pune,6.0,25.2,22.2
2025-07-30,Pune,1.3,26.8,22.6
2025-07-31,Pune,0.3,28.0,22.5
2025-08-01,Pune,0.2,28.5,22.2
2025-08-02,Pune,1.5,28.2,22.2
2025-08-03,Pune,1.4,28.6,21.2
2025-08-04,Pune,1.3,28.5,22.0
2025-08-05,Pune,1.3,29.5,21.1
2025-08-06,Pune,0.9,28.6,21.3
2025-08-07,Pune,3.1,29.3,22.0
2025-08-08,Pune,4.8,27.5,21.0
2025-08-09,Pune,0.6,27.3,22.0
2025-08-10,Pune,1.2,28.3,20.9
2025-08-11,Pune,2.5,27.9,22.0
2025-08-12,Pune,1.0,28.3,21.5
2025-08-13,Pune,1.9,27.6,21.8
2025-08-14,Pune,14.5,28.9,22.0
2025-08-15,Pune,12.7,27.5,22.1
2025-08-16,Pune,8.1,27.0,22.1
2025-08-17,Pune,7.7,27.5,21.8
2025-08-18,Pune,24.1,25.8,22.4
2025-08-19,Pune,33.6,24.8,22.3
2025-08-20,Pune,27.9,24.2,22.2
2025-08-21,Pune,2.0,27.3,22.1
2025-08-22,Pune,2.4,27.0,22.0
2025-08-23,Pune,3.3,26.4,21.4
2025-08-24,Pune,2.0,26.8,21.5
2025-08-25,Pune,5.2,24.7,21.7
2025-08-26,Pune,9.9,28.0,21.9
2025-08-27,Pune,4.5,27.5,21.7
2025-08-28,Pune,9.0,27.4,22.0
2025-08-29,Pune,9.3,27.2,21.4
2025-08-30,Pune,1.2,28.4,20.8
2025-08-31,Pune,0.7,28.6,21.4
2025-09-01,Pune,2.1,26.8,22.2
2025-09-02,Pune,1.6,26.8,22.3
2025-09-03,Pune,1.4,27.1,21.5
2025-09-04,Pune,1.3,26.3,20.5
2025-09-05,Pune,4.5,26.5,22.2
2025-09-06,Pune,1.7,26.4,21.3
2025-09-07,Pune,0.8,27.8,20.8
2025-09-08,Pune,1.3,28.2,19.8
2025-09-09,Pune,0.1,28.8,18.8
2025-09-10,Pune,0.7,28.8,20.1
2025-09-11,Pune,2.4,28.4,19.3
2025-09-12,Pune,1.7,27.6,20.8
2025-09-13,Pune,6.7,28.0,21.4
2025-09-14,Pune,19.3,28.2,21.7
2025-09-15,Pune,25.9,28.5,21.7
2025-09-16,Pune,6.1,27.4,21.3
2025-09-17,Pune,3.7,28.0,20.6
2025-09-18,Pune,24.1,27.5,21.2
2025-09-19,Pune,15.5,28.2,21.2
2025-09-20,Pune,2.3,28.5,21.5
2025-09-21,Pune,3.0,28.6,21.2
2025-09-22,Pune,7.4,27.4,21.8
2025-09-23,Pune,2.5,27.1,21.3
2025-09-24,Pune,1.2,27.6,20.1
2025-09-25,Pune,1.6,27.7,19.9
2025-09-26,Pune,1.6,26.6,21.1
2025-09-27,Pune,40.1,26.0,21.8
2025-09-28,Pune,64.4,23.5,21.7
2025-09-29,Pune,1.4,26.0,19.6
2025-09-30,Pune,2.2,27.3,19.4
2025-10-01,Pune,0.6,28.2,21.2
2025-10-02,Pune,0.8,28.4,20.0
2025-10-03,Pune,1.1,28.4,21.0
2025-10-04,Pune,2.5,28.4,20.4
2025-10-05,Pune,1.7,27.1,20.7
2025-10-06,Pune,0.0,28.7,19.3
2025-10-07,Pune,0.1,28.1,20.2
2025-10-08,Pune,0.1,28.6,19.0
2025-10-09,Pune,0.0,28.3,19.9
2025-10-10,Pune,0.0,28.9,19.4
2025-10-11,Pune,0.0,28.6,18.7
2025-10-12,Pune,0.0,29.3,19.0
2025-10-13,Pune,0.0,29.5,18.0
2025-10-14,Pune,0.0,29.3,18.1
2025-10-15,Pune,1.3,29.7,18.9
2025-10-16,Pune,0.2,30.6,20.6
2025-10-17,Pune,0.0,30.6,21.2
2025-10-18,Pune,0.0,30.4,20.8
2025-10-19,Pune,0.0,30.2,20.0
2025-10-20,Pune,0.0,30.3,20.0
2025-10-21,Pune,3.5,29.9,20.8
2025-10-22,Pune,1.9,30.4,21.3
2025-10-23,Pune,1.2,30.7,22.1
2025-10-24,Pune,7.5,29.3,21.8
2025-10-25,Pune,13.1,27.9,21.1
2025-10-26,Pune,24.6,26.5,20.8
2025-10-27,Pune,10.9,28.8,21.2
2025-10-28,Pune,1.7,29.1,20.9
2025-10-29,Pune,5.6,28.0,20.1
2025-10-30,Pune,0.9,27.4,20.5
2025-10-31,Pune,0.6,27.9,18.4
2025-11-01,Pune,4.5,28.8,20.7
2025-11-02,Pune,3.0,27.5,20.4
2025-11-03,Pune,0.6,28.3,20.4
2025-11-04,Pune,0.4,28.1,19.3
2025-11-05,Pune,0.0,28.5,18.9
2025-11-06,Pune,0.0,28.2,18.0
2025-11-07,Pune,0.0,28.7,18.4
2025-11-08,Pune,0.0,28.9,16.1
2025-11-09,Pune,0.0,27.6,15.4
2025-11-10,Pune,0.0,27.1,14.0
2025-11-11,Pune,0.0,27.2,14.2
2025-11-12,Pune,0.0,27.3,14.9
2025-11-13,Pune,0.0,27.6,15.4
2025-11-14,Pune,0.0,27.1,14.0
2025-11-15,Pune,0.0,27.3,12.9
2025-11-16,Pune,0.0,27.0,13.0
2025-11-17,Pune,0.0,26.9,13.3
2025-11-18,Pune,0.0,26.7,12.8
2025-11-19,Pune,0.0,27.2,12.3
2025-11-20,Pune,0.0,27.1,12.4
2025-11-21,Pune,0.0,27.9,12.8
2025-11-22,Pune,0.0,29.7,15.7
2025-11-23,Pune,0.0,29.8,17.1
2025-11-24,Pune,0.0,29.3,17.4
2025-11-25,Pune,0.0,28.7,18.0
2025-11-26,Pune,0.0,28.0,17.4
2025-11-27,Pune,0.0,27.7,16.7
2025-11-28,Pune,0.0,27.7,16.5
2025-11-29,Pune,0.0,26.2,15.0
2025-11-30,Pune,0.0,26.6,13.1
2025-12-01,Pune,0.0,26.7,12.0
2025-12-02,Pune,0.0,27.0,13.1
2025-12-03,Pune,0.0,27.1,12.8
2025-12-04,Pune,0.0,27.4,14.3
2025-12-05,Pune,0.0,27.9,15.3
2025-12-06,Pune,0.0,27.0,14.9
2025-12-07,Pune,0.0,26.8,14.6
2025-12-08,Pune,0.0,27.2,13.5
2025-12-09,Pune,0.0,27.1,12.3
2025-12-10,Pune,0.0,26.6,12.1
2025-12-11,Pune,0.0,26.2,11.9
2025-12-12,Pune,0.0,26.4,11.5
2025-12-13,Pune,0.0,26.6,11.2
2025-12-14,Pune,0.0,27.5,13.2
2025-12-15,Pune,0.0,26.9,12.2
2025-12-16,Pune,0.0,26.8,12.1
2025-12-17,Pune,0.0,27.4,13.1
2025-12-18,Pune,0.0,28.5,12.5
2025-12-19,Pune,0.0,27.6,11.6
2025-12-20,Pune,0.0,27.4,11.6
2025-12-21,Pune,0.0,26.9,12.4
2025-12-22,Pune,0.0,27.6,11.5
2025-12-23,Pune,0.0,26.6,12.4
2025-12-24,Pune,0.0,26.5,12.5
2025-12-25,Pune,0.0,25.2,11.6
2025-12-26,Pune,0.0,25.3,11.5
2025-12-27,Pune,0.0,25.5,11.8
2025-12-28,Pune,0.0,25.5,11.9
2025-12-29,Pune,0.0,25.3,11.1
2025-12-30,Pune,0.0,27.2,11.3
2025-12-31,Pune,0.0,26.9,11.5
2019-01-01,Delhi,0.0,19.8,4.9
2019-01-02,Delhi,0.0,21.4,7.5
2019-01-03,Delhi,0.0,20.7,7.0
2019-01-04,Delhi,0.0,18.7,6.7
2019-01-05,Delhi,0.0,20.6,7.4
2019-01-06,Delhi,1.6,18.3,9.4
2019-01-07,Delhi,0.0,18.9,7.5
2019-01-08,Delhi,0.0,18.3,7.2
2019-01-09,Delhi,0.0,19.4,7.7
2019-01-10,Delhi,0.0,19.2,5.5
2019-01-11,Delhi,0.0,19.3,6.1
2019-01-12,Delhi,0.0,19.9,8.9
2019-01-13,Delhi,0.0,21.0,9.0
2019-01-14,Delhi,0.0,18.3,8.0
2019-01-15,Delhi,0.0,18.8,5.9
2019-01-16,Delhi,0.0,18.9,6.0
2019-01-17,Delhi,0.0,19.8,5.9
2019-01-18,Delhi,0.0,20.3,5.1
2019-01-19,Delhi,0.0,22.6,6.1
2019-01-20,Delhi,0.0,25.1,8.5
2019-01-21,Delhi,3.8,21.0,12.9
2019-01-22,Delhi,23.4,19.1,11.6
2019-01-23,Delhi,0.1,18.3,8.3
2019-01-24,Delhi,0.1,19.3,10.1
2019-01-25,Delhi,0.3,16.9,8.9
2019-01-26,Delhi,0.0,17.1,7.1
2019-01-27,Delhi,0.0,16.3,5.1
2019-01-28,Delhi,0.0,17.0,5.6
2019-01-29,Delhi,0.0,18.1,5.5
2019-01-30,Delhi,0.0,18.0,5.4
2019-01-31,Delhi,0.7,18.9,7.3
2019-02-01,Delhi,0.6,19.3,10.3
2019-02-02,Delhi,0.0,19.4,7.7
2019-02-03,Delhi,0.0,19.8,7.3
2019-02-04,Delhi,0.0,20.7,7.2
2019-02-05,Delhi,0.2,22.3,8.8
2019-02-06,Delhi,10.2,22.9,13.3
2019-02-07,Delhi,15.5,19.7,12.1
2019-02-08,Delhi,0.0,18.4,7.8
2019-02-09,Delhi,0.0,18.7,8.1
2019-02-10,Delhi,0.3,18.1,6.8
2019-02-11,Delhi,0.0,19.3,7.2
2019-02-12,Delhi,0.0,21.2,9.7
2019-02-13,Delhi,0.0,23.5,10.4
2019-02-14,Delhi,1.4,20.2,13.6
2019-02-15,Delhi,1.7,20.2,12.9
2019-02-16,Delhi,0.3,18.9,10.0
2019-02-17,Delhi,0.0,20.3,10.1
2019-02-18,Delhi,0.0,22.4,9.8
2019-02-19,Delhi,0.0,21.8,11.0
2019-02-20,Delhi,3.5,20.2,14.3
2019-02-21,Delhi,0.0,25.4,14.3
2019-02-22,Delhi,0.7,22.6,12.8
2019-02-23,Delhi,0.0,21.2,10.1
2019-02-24,Delhi,0.0,21.7,9.9
2019-02-25,Delhi,0.4,22.1,9.9
2019-02-26,Delhi,3.9,21.6,11.5
2019-02-27,Delhi,7.6,17.8,9.8
2019-02-28,Delhi,0.0,19.3,7.4
2019-03-01,Delhi,0.0,20.7,7.1
2019-03-02,Delhi,8.8,20.6,11.3
2019-03-03,Delhi,3.1,21.5,11.3
2019-03-04,Delhi,0.0,22.0,12.2
2019-03-05,Delhi,0.0,21.8,11.5
2019-03-06,Delhi,0.0,23.1,10.7
2019-03-07,Delhi,0.0,23.6,9.6
2019-03-08,Delhi,0.0,23.8,11.7
2019-03-09,Delhi,0.0,24.9,12.0
2019-03-10,Delhi,0.0,24.6,10.8
2019-03-11,Delhi,0.9,26.4,14.3
2019-03-12,Delhi,0.0,26.5,13.0
2019-03-13,Delhi,0.0,23.2,13.0
2019-03-14,Delhi,0.2,24.1,12.6
2019-03-15,Delhi,0.0,25.0,11.6
2019-03-16,Delhi,0.0,25.3,11.6
2019-03-17,Delhi,0.0,26.5,12.5
2019-03-18,Delhi,0.0,27.2,12.1
2019-03-19,Delhi,0.0,29.4,12.8
2019-03-20,Delhi,0.0,30.5,17.9
2019-03-21,Delhi,0.0,30.2,15.6
2019-03-22,Delhi,0.0,29.2,15.7
2019-03-23,Delhi,0.0,30.1,15.1
2019-03-24,Delhi,0.0,31.0,18.4
2019-03-25,Delhi,0.4,27.6,16.9
2019-03-26,Delhi,0.0,30.1,15.2
2019-03-27,Delhi,0.0,31.0,15.3
2019-03-28,Delhi,0.0,33.7,17.6
2019-03-29,Delhi,0.0,35.7,18.9
2019-03-30,Delhi,0.0,36.3,21.3
2019-03-31,Delhi,0.0,34.5,19.9
2019-04-01,Delhi,0.0,33.7,18.4
2019-04-02,Delhi,0.0,33.4,17.2
2019-04-03,Delhi,0.0,35.0,17.4
2019-04-04,Delhi,0.0,36.4,19.3
2019-04-05,Delhi,0.0,37.6,21.2
2019-04-06,Delhi,0.0,37.3,21.3
2019-04-07,Delhi,1.3,34.9,21.9
2019-04-08,Delhi,0.1,35.3,21.6
2019-04-09,Delhi,0.0,36.1,21.0
2019-04-10,Delhi,0.0,37.1,21.9
2019-04-11,Delhi,0.0,37.8,23.2
2019-04-12,Delhi,0.0,36.8,23.2
2019-04-13,Delhi,0.0,36.8,22.6
2019-04-14,Delhi,0.0,37.7,23.5
2019-04-15,Delhi,0.0,38.5,24.0
2019-04-16,Delhi,0.6,30.8,22.3
2019-04-17,Delhi,7.2,25.6,18.9
2019-04-18,Delhi,0.0,27.7,16.8
2019-04-19,Delhi,0.0,29.8,18.4
2019-04-20,Delhi,0.0,33.7,19.0
2019-04-21,Delhi,0.0,35.6,20.9
2019-04-22,Delhi,0.0,37.2,21.8
2019-04-23,Delhi,0.0,38.8,23.7
2019-04-24,Delhi,0.0,40.6,25.4
2019-04-25,Delhi,0.2,39.1,26.1
2019-04-26,Delhi,0.0,40.1,25.1
2019-04-27,Delhi,0.0,40.6,26.8
2019-04-28,Delhi,0.0,41.1,25.6
2019-04-29,Delhi,0.0,40.8,26.1
2019-04-30,Delhi,0.0,42.0,24.7
2019-05-01,Delhi,0.0,41.2,25.5
2019-05-02,Delhi,0.9,37.8,26.7
2019-05-03,Delhi,0.0,38.0,24.7
2019-05-04,Delhi,0.0,38.2,23.4
2019-05-05,Delhi,0.0,39.1,22.4
2019-05-06,Delhi,0.0,40.5,23.2
2019-05-07,Delhi,0.0,40.4,22.4
2019-05-08,Delhi,0.0,41.8,25.1
2019-05-09,Delhi,0.0,41.5,26.0
2019-05-10,Delhi,0.0,40.5,29.6
2019-05-11,Delhi,0.0,38.5,25.2
2019-05-12,Delhi,0.0,38.6,24.9
2019-05-13,Delhi,0.0,38.4,25.7
2019-05-14,Delhi,0.0,35.9,24.8
2019-05-15,Delhi,0.1,37.1,25.4
2019-05-16,Delhi,0.0,36.7,24.7
2019-05-17,Delhi,1.3,34.3,24.3
2019-05-18,Delhi,0.0,33.4,21.5
2019-05-19,Delhi,0.0,36.7,23.1
2019-05-20,Delhi,0.0,39.2,23.4
2019-05-21,Delhi,0.0,39.7,25.4
2019-05-22,Delhi,0.0,39.5,26.9
2019-05-23,Delhi,0.0,39.7,27.3
2019-05-24,Delhi,0.0,35.1,26.6
2019-05-25,Delhi,0.0,36.7,24.9
2019-05-26,Delhi,0.0,38.7,24.6
2019-05-27,Delhi,0.0,41.0,26.3
2019-05-28,Delhi,0.0,41.2,25.5
2019-05-29,Delhi,0.0,42.3,26.0
2019-05-30,Delhi,0.0,43.7,27.0
2019-05-31,Delhi,0.0,44.5,29.2
2019-06-01,Delhi,0.0,44.0,28.6
2019-06-02,Delhi,0.0,42.6,29.2
2019-06-03,Delhi,0.0,41.2,29.8
2019-06-04,Delhi,0.0,42.0,29.8
2019-06-05,Delhi,0.0,42.4,29.0
2019-06-06,Delhi,0.0,42.2,30.6
2019-06-07,Delhi,0.0,41.3,26.9
2019-06-08,Delhi,0.0,41.9,28.6
2019-06-09,Delhi,0.0,43.6,28.9
2019-06-10,Delhi,0.0,44.4,28.7
2019-06-11,Delhi,0.0,44.2,30.0
2019-06-12,Delhi,0.1,38.7,29.9
2019-06-13,Delhi,0.0,41.2,29.7
2019-06-14,Delhi,0.0,42.6,30.5
2019-06-15,Delhi,0.0,42.9,29.7
2019-06-16,Delhi,0.0,38.8,28.9
2019-06-17,Delhi,0.0,39.1,29.0
2019-06-18,Delhi,0.1,35.8,24.7
2019-06-19,Delhi,0.0,37.0,26.2
2019-06-20,Delhi,0.0,37.9,25.3
2019-06-21,Delhi,0.0,38.7,28.4
2019-06-22,Delhi,0.0,40.4,28.8
2019-06-23,Delhi,0.0,39.5,29.4
2019-06-24,Delhi,1.3,36.6,27.3
2019-06-25,Delhi,6.0,36.0,28.1
2019-06-26,Delhi,0.9,40.1,29.0
2019-06-27,Delhi,0.0,40.4,27.9
2019-06-28,Delhi,0.0,42.5,28.6
2019-06-29,Delhi,0.0,42.0,30.6
2019-06-30,Delhi,0.0,43.1,30.7
2019-07-01,Delhi,0.0,41.7,30.8
2019-07-02,Delhi,0.0,40.3,31.4
2019-07-03,Delhi,1.5,36.7,30.8
2019-07-04,Delhi,2.9,38.7,30.5
2019-07-05,Delhi,1.9,34.9,28.4
2019-07-06,Delhi,0.6,34.8,27.8
2019-07-07,Delhi,1.4,35.5,26.8
2019-07-08,Delhi,1.8,35.9,28.7
2019-07-09,Delhi,6.2,35.2,27.6
2019-07-10,Delhi,8.6,35.1,27.8
2019-07-11,Delhi,0.0,38.2,28.7
2019-07-12,Delhi,2.9,37.8,28.7
2019-07-13,Delhi,0.0,39.1,30.2
2019-07-14,Delhi,0.1,37.4,29.2
2019-07-15,Delhi,7.5,36.5,25.3
2019-07-16,Delhi,42.6,28.0,25.0
2019-07-17,Delhi,8.7,29.8,24.9
2019-07-18,Delhi,16.1,32.2,24.9
2019-07-19,Delhi,8.1,33.1,25.7
2019-07-20,Delhi,21.4,34.0,25.8
2019-07-21,Delhi,5.7,32.5,27.5
2019-07-22,Delhi,4.2,33.8,27.5
2019-07-23,Delhi,0.8,35.4,28.4
2019-07-24,Delhi,10.1,36.8,28.1
2019-07-25,Delhi,11.1,29.8,26.1
2019-07-26,Delhi,20.1,30.1,25.6
2019-07-27,Delhi,3.2,29.9,25.2
2019-07-28,Delhi,8.9,31.6,25.8
2019-07-29,Delhi,1.2,33.0,26.4
2019-07-30,Delhi,0.9,32.2,26.5
2019-07-31,Delhi,0.9,31.6,27.0
2019-08-01,Delhi,5.6,32.3,26.9
2019-08-02,Delhi,16.1,31.5,26.3
2019-08-03,Delhi,4.4,30.7,26.7
2019-08-04,Delhi,4.2,32.5,26.7
2019-08-05,Delhi,12.5,32.9,26.9
2019-08-06,Delhi,10.8,31.0,25.8
2019-08-07,Delhi,5.3,30.9,26.2
2019-08-08,Delhi,0.1,34.0,27.4
2019-08-09,Delhi,0.7,31.8,27.7
2019-08-10,Delhi,2.0,32.3,25.9
2019-08-11,Delhi,1.3,32.9,26.5
2019-08-12,Delhi,3.9,32.1,26.9
2019-08-13,Delhi,6.9,33.2,27.1
2019-08-14,Delhi,3.0,31.7,25.9
2019-08-15,Delhi,4.6,32.1,27.2
2019-08-16,Delhi,6.1,31.3,26.2
2019-08-17,Delhi,13.1,28.0,25.5
2019-08-18,Delhi,38.7,30.5,24.5
2019-08-19,Delhi,0.4,32.0,24.4
2019-08-20,Delhi,0.4,32.9,25.3
2019-08-21,Delhi,0.0,34.2,24.6
2019-08-22,Delhi,0.6,32.6,25.9
2019-08-23,Delhi,1.8,33.0,26.1
2019-08-24,Delhi,5.4,33.4,26.6
2019-08-25,Delhi,8.5,30.1,26.3
2019-08-26,Delhi,0.7,32.6,26.0
2019-08-27,Delhi,0.3,33.6,26.8
2019-08-28,Delhi,0.5,34.5,27.2
2019-08-29,Delhi,0.6,34.0,27.7
2019-08-30,Delhi,1.0,34.0,27.0
2019-08-31,Delhi,1.8,33.6,27.0
2019-09-01,Delhi,7.9,31.7,26.5
2019-09-02,Delhi,2.0,33.5,26.1
2019-09-03,Delhi,5.1,34.0,27.5
2019-09-04,Delhi,3.3,32.6,25.7
2019-09-05,Delhi,1.9,32.8,26.9
2019-09-06,Delhi,0.3,33.4,27.4
2019-09-07,Delhi,1.5,32.8,26.7
2019-09-08,Delhi,0.4,33.2,26.4
2019-09-09,Delhi,0.4,34.5,26.4
2019-09-10,Delhi,0.0,35.6,26.8
2019-09-11,Delhi,0.2,36.7,27.4
2019-09-12,Delhi,1.3,34.5,27.8
2019-09-13,Delhi,0.3,34.2,26.7
2019-09-14,Delhi,0.2,33.3,26.3
2019-09-15,Delhi,5.8,31.8,25.6
2019-09-16,Delhi,0.4,33.5,25.7
2019-09-17,Delhi,4.3,33.6,25.9
2019-09-18,Delhi,2.4,32.5,26.3
2019-09-19,Delhi,0.5,30.9,25.0
2019-09-20,Delhi,2.9,31.3,23.8
2019-09-21,Delhi,0.3,32.1,25.8
2019-09-22,Delhi,9.3,30.0,25.9
2019-09-23,Delhi,0.5,31.6,24.0
2019-09-24,Delhi,0.4,32.2,24.3
2019-09-25,Delhi,1.0,31.7,24.6
2019-09-26,Delhi,0.9,31.4,25.4
2019-09-27,Delhi,0.1,31.7,24.8
2019-09-28,Delhi,2.0,30.3,23.4
2019-09-29,Delhi,2.0,27.6,23.4
2019-09-30,Delhi,3.7,30.1,22.8
2019-10-01,Delhi,3.5,29.1,22.7
2019-10-02,Delhi,0.1,31.2,23.1
2019-10-03,Delhi,0.0,33.3,23.8
2019-10-04,Delhi,2.3,30.3,23.6
2019-10-05,Delhi,0.0,32.4,22.1
2019-10-06,Delhi,0.0,33.0,21.3
2019-10-07,Delhi,0.0,32.4,22.5
2019-10-08,Delhi,0.0,32.3,21.5
2019-10-09,Delhi,0.2,31.3,21.3
2019-10-10,Delhi,0.1,31.8,22.0
2019-10-11,Delhi,0.0,32.4,21.1
2019-10-12,Delhi,0.0,33.5,22.2
2019-10-13,Delhi,0.0,33.8,23.3
2019-10-14,Delhi,0.0,33.7,21.9
2019-10-15,Delhi,0.0,33.4,21.8
2019-10-16,Delhi,0.0,33.5,22.5
2019-10-17,Delhi,0.0,32.6,22.9
2019-10-18,Delhi,5.4,32.0,23.2
2019-10-19,Delhi,1.3,31.6,22.0
2019-10-20,Delhi,0.0,33.1,20.7
2019-10-21,Delhi,0.0,32.4,19.5
2019-10-22,Delhi,0.0,31.9,18.8
2019-10-23,Delhi,0.0,31.7,17.4
2019-10-24,Delhi,0.0,31.0,18.6
2019-10-25,Delhi,0.0,30.1,20.1
2019-10-26,Delhi,0.0,30.1,19.4
2019-10-27,Delhi,0.0,31.7,18.6
2019-10-28,Delhi,0.0,30.4,18.0
2019-10-29,Delhi,0.0,29.6,19.2
2019-10-30,Delhi,0.0,30.9,21.1
2019-10-31,Delhi,0.0,30.9,18.6
2019-11-01,Delhi,0.0,31.0,18.2
2019-11-02,Delhi,0.2,30.0,19.7
2019-11-03,Delhi,0.0,28.7,19.2
2019-11-04,Delhi,0.0,29.0,19.0
2019-11-05,Delhi,0.0,29.4,17.8
2019-11-06,Delhi,0.0,30.1,16.7
2019-11-07,Delhi,0.3,25.0,19.8
2019-11-08,Delhi,0.5,26.5,17.4
2019-11-09,Delhi,0.0,28.3,16.9
2019-11-10,Delhi,0.0,27.2,15.1
2019-11-11,Delhi,0.0,26.3,14.5
2019-11-12,Delhi,0.0,26.9,12.5
2019-11-13,Delhi,0.0,26.6,14.4
2019-11-14,Delhi,0.0,27.1,17.0
2019-11-15,Delhi,0.0,27.1,16.7
2019-11-16,Delhi,0.0,28.7,16.6
2019-11-17,Delhi,0.0,27.9,17.2
2019-11-18,Delhi,0.0,25.8,15.1
2019-11-19,Delhi,0.0,25.8,13.7
2019-11-20,Delhi,0.0,25.4,13.0
2019-11-21,Delhi,0.0,25.6,13.6
2019-11-22,Delhi,0.0,26.6,14.1
2019-11-23,Delhi,0.0,25.9,15.3
2019-11-24,Delhi,0.0,25.8,15.9
2019-11-25,Delhi,0.0,25.3,14.2
2019-11-26,Delhi,0.4,23.9,15.9
2019-11-27,Delhi,0.0,24.6,15.0
2019-11-28,Delhi,22.7,22.3,16.2
2019-11-29,Delhi,0.0,22.8,13.8
2019-11-30,Delhi,0.0,21.9,13.2
2019-12-01,Delhi,0.0,21.6,11.1
2019-12-02,Delhi,0.0,21.6,10.7
2019-12-03,Delhi,0.0,22.1,9.6
2019-12-04,Delhi,0.0,21.4,8.4
2019-12-05,Delhi,0.0,20.9,9.7
2019-12-06,Delhi,0.0,21.4,10.6
2019-12-07,Delhi,0.0,22.1,10.3
2019-12-08,Delhi,0.0,22.3,9.9
2019-12-09,Delhi,0.0,21.6,9.3
2019-12-10,Delhi,0.0,21.0,8.7
2019-12-11,Delhi,0.0,20.9,9.1
2019-12-12,Delhi,4.0,18.2,13.4
2019-12-13,Delhi,5.0,19.1,11.5
2019-12-14,Delhi,0.0,17.6,9.7
2019-12-15,Delhi,0.0,18.4,9.9
2019-12-16,Delhi,0.0,18.2,9.3
2019-12-17,Delhi,0.0,18.1,8.2
2019-12-18,Delhi,0.0,17.9,7.6
2019-12-19,Delhi,0.0,16.8,6.1
2019-12-20,Delhi,0.0,17.9,8.0
2019-12-21,Delhi,0.4,16.1,9.9
2019-12-22,Delhi,0.0,18.6,7.4
2019-12-23,Delhi,0.0,18.1,7.4
2019-12-24,Delhi,0.0,14.9,5.8
2019-12-25,Delhi,0.0,15.1,4.8
2019-12-26,Delhi,0.0,14.7,3.8
2019-12-27,Delhi,0.0,12.9,3.3
2019-12-28,Delhi,0.0,13.1,2.9
2019-12-29,Delhi,0.0,13.0,3.7
2019-12-30,Delhi,0.0,13.0,3.4
2019-12-31,Delhi,0.0,13.0,2.4
2020-01-01,Delhi,0.0,17.7,2.8
2020-01-02,Delhi,0.0,19.5,6.9
2020-01-03,Delhi,0.1,19.0,8.5
2020-01-04,Delhi,0.0,18.7,9.1
2020-01-05,Delhi,0.0,19.4,7.5
2020-01-06,Delhi,0.0,16.1,9.9
2020-01-07,Delhi,1.4,17.5,10.9
2020-01-08,Delhi,14.7,14.6,10.2
2020-01-09,Delhi,0.0,15.9,6.6
2020-01-10,Delhi,0.0,16.6,5.7
2020-01-11,Delhi,0.0,16.8,5.3
2020-01-12,Delhi,0.0,19.3,5.9
2020-01-13,Delhi,16.7,20.2,8.8
2020-01-14,Delhi,0.2,18.3,10.3
2020-01-15,Delhi,0.0,18.3,7.0
2020-01-16,Delhi,9.3,16.0,9.4
2020-01-17,Delhi,0.3,17.8,9.0
2020-01-18,Delhi,0.3,17.0,9.6
2020-01-19,Delhi,0.0,17.5,7.6
2020-01-20,Delhi,0.0,17.4,7.0
2020-01-21,Delhi,0.3,17.9,8.4
2020-01-22,Delhi,0.0,18.5,7.2
2020-01-23,Delhi,0.0,17.5,8.3
2020-01-24,Delhi,0.0,19.0,8.0
2020-01-25,Delhi,0.0,17.9,5.1
2020-01-26,Delhi,0.0,19.8,6.9
2020-01-27,Delhi,2.4,19.2,8.3
2020-01-28,Delhi,12.3,18.8,10.8
2020-01-29,Delhi,0.0,18.4,9.9
2020-01-30,Delhi,0.0,18.1,8.3
2020-01-31,Delhi,0.0,17.2,7.1
2020-02-01,Delhi,0.1,18.1,6.1
2020-02-02,Delhi,0.0,18.0,6.4
2020-02-03,Delhi,0.0,18.6,5.8
2020-02-04,Delhi,0.0,19.4,7.1
2020-02-05,Delhi,0.0,18.8,8.0
2020-02-06,Delhi,0.0,17.2,6.5
2020-02-07,Delhi,0.1,17.8,7.6
2020-02-08,Delhi,0.0,19.0,6.8
2020-02-09,Delhi,0.0,19.7,6.2
2020-02-10,Delhi,0.0,19.8,7.0
2020-02-11,Delhi,0.0,20.2,6.5
2020-02-12,Delhi,0.0,23.5,8.4
2020-02-13,Delhi,0.0,26.3,12.4
2020-02-14,Delhi,0.0,23.9,13.3
2020-02-15,Delhi,0.0,24.7,11.4
2020-02-16,Delhi,0.0,24.7,9.7
2020-02-17,Delhi,0.0,25.3,8.4
2020-02-18,Delhi,0.0,25.5,9.5
2020-02-19,Delhi,0.0,25.5,9.3
2020-02-20,Delhi,1.6,26.5,14.9
2020-02-21,Delhi,21.5,18.7,13.8
2020-02-22,Delhi,0.2,21.6,13.8
2020-02-23,Delhi,0.7,22.9,13.4
2020-02-24,Delhi,0.0,23.5,12.3
2020-02-25,Delhi,0.0,24.1,12.6
2020-02-26,Delhi,0.0,24.5,12.4
2020-02-27,Delhi,0.0,24.9,13.0
2020-02-28,Delhi,0.0,25.4,15.7
2020-02-29,Delhi,7.0,22.2,16.1
2020-03-01,Delhi,0.0,24.5,14.8
2020-03-02,Delhi,0.1,25.1,14.6
2020-03-03,Delhi,0.0,25.6,13.7
2020-03-04,Delhi,0.4,24.2,14.0
2020-03-05,Delhi,16.4,23.8,14.6
2020-03-06,Delhi,38.2,20.1,13.6
2020-03-07,Delhi,1.2,20.2,12.4
2020-03-08,Delhi,0.0,22.6,11.6
2020-03-09,Delhi,0.0,23.3,11.9
2020-03-10,Delhi,0.0,23.6,9.7
2020-03-11,Delhi,3.7,23.6,14.9
2020-03-12,Delhi,0.0,25.6,14.6
2020-03-13,Delhi,16.1,24.7,13.6
2020-03-14,Delhi,3.8,20.7,13.4
2020-03-15,Delhi,0.2,21.3,11.8
2020-03-16,Delhi,0.0,24.0,12.8
2020-03-17,Delhi,0.0,25.5,13.5
2020-03-18,Delhi,0.1,26.9,14.4
2020-03-19,Delhi,0.2,27.0,14.8
2020-03-20,Delhi,0.8,28.6,15.6
2020-03-21,Delhi,5.9,28.1,16.1
2020-03-22,Delhi,0.0,28.1,15.5
2020-03-23,Delhi,0.0,28.4,16.4
2020-03-24,Delhi,2.9,29.3,17.8
2020-03-25,Delhi,0.0,29.5,17.6
2020-03-26,Delhi,0.0,29.6,17.9
2020-03-27,Delhi,6.0,24.9,18.9
2020-03-28,Delhi,0.1,27.0,15.3
2020-03-29,Delhi,0.0,27.9,16.3
2020-03-30,Delhi,0.0,28.5,15.3
2020-03-31,Delhi,0.0,29.5,15.4
2020-04-01,Delhi,0.0,30.4,17.3
2020-04-02,Delhi,0.0,29.2,17.5
2020-04-03,Delhi,0.0,29.3,15.3
2020-04-04,Delhi,0.0,31.1,15.1
2020-04-05,Delhi,0.0,31.2,16.4
2020-04-06,Delhi,0.0,33.1,17.7
2020-04-07,Delhi,0.1,32.8,17.2
2020-04-08,Delhi,0.0,31.9,18.5
2020-04-09,Delhi,0.0,31.6,16.9
2020-04-10,Delhi,0.0,33.5,17.4
2020-04-11,Delhi,0.0,35.0,19.3
2020-04-12,Delhi,0.0,35.1,20.4
2020-04-13,Delhi,0.0,37.2,20.8
2020-04-14,Delhi,0.0,37.7,22.3
2020-04-15,Delhi,0.0,37.7,24.5
2020-04-16,Delhi,0.0,37.7,22.5
2020-04-17,Delhi,0.0,34.2,24.9
2020-04-18,Delhi,0.0,35.2,23.0
2020-04-19,Delhi,0.0,33.9,21.6
2020-04-20,Delhi,1.5,33.1,20.7
2020-04-21,Delhi,0.0,31.9,19.3
2020-04-22,Delhi,0.0,33.4,20.0
2020-04-23,Delhi,0.0,35.1,22.9
2020-04-24,Delhi,0.0,34.9,21.3
2020-04-25,Delhi,0.6,33.3,23.5
2020-04-26,Delhi,0.2,31.9,23.0
2020-04-27,Delhi,4.2,29.8,20.7
2020-04-28,Delhi,0.5,31.2,21.4
2020-04-29,Delhi,0.0,33.9,21.1
2020-04-30,Delhi,0.3,35.5,23.8
2020-05-01,Delhi,0.0,38.1,22.3
2020-05-02,Delhi,0.2,36.5,24.3
2020-05-03,Delhi,16.1,33.0,23.6
2020-05-04,Delhi,0.0,32.6,21.3
2020-05-05,Delhi,0.1,34.5,23.1
2020-05-06,Delhi,0.0,34.8,21.5
2020-05-07,Delhi,0.0,35.6,21.8
2020-05-08,Delhi,0.0,38.0,23.1
2020-05-09,Delhi,0.3,39.3,24.6
2020-05-10,Delhi,1.7,37.1,24.6
2020-05-11,Delhi,0.3,36.2,22.8
2020-05-12,Delhi,0.0,35.3,23.1
2020-05-13,Delhi,0.0,35.5,25.9
2020-05-14,Delhi,0.1,36.3,24.4
2020-05-15,Delhi,0.0,38.4,24.6
2020-05-16,Delhi,0.0,38.3,24.4
2020-05-17,Delhi,0.0,38.8,24.5
2020-05-18,Delhi,0.0,39.1,23.5
2020-05-19,Delhi,0.0,38.2,23.5
2020-05-20,Delhi,0.0,38.0,22.9
2020-05-21,Delhi,0.0,40.5,23.3
2020-05-22,Delhi,0.0,41.8,24.6
2020-05-23,Delhi,0.0,40.7,27.0
2020-05-24,Delhi,0.0,42.3,26.9
2020-05-25,Delhi,0.0,43.4,26.6
2020-05-26,Delhi,0.0,44.1,28.1
2020-05-27,Delhi,0.0,43.7,27.9
2020-05-28,Delhi,0.1,38.0,28.5
2020-05-29,Delhi,4.5,35.5,26.3
2020-05-30,Delhi,0.4,31.9,23.8
2020-05-31,Delhi,0.2,31.6,23.3
2020-06-01,Delhi,0.0,32.8,21.8
2020-06-02,Delhi,0.7,33.7,23.9
2020-06-03,Delhi,0.0,35.6,23.9
2020-06-04,Delhi,0.1,35.3,24.5
2020-06-05,Delhi,0.1,33.9,24.9
2020-06-06,Delhi,0.0,34.6,24.4
2020-06-07,Delhi,0.6,35.9,26.0
2020-06-08,Delhi,0.0,35.3,25.6
2020-06-09,Delhi,0.0,38.1,26.7
2020-06-10,Delhi,0.0,38.3,28.0
2020-06-11,Delhi,0.0,37.9,27.5
2020-06-12,Delhi,0.0,38.6,29.1
2020-06-13,Delhi,0.0,38.8,29.6
2020-06-14,Delhi,0.0,38.4,29.2
2020-06-15,Delhi,0.0,40.5,29.1
2020-06-16,Delhi,0.1,39.8,28.5
2020-06-17,Delhi,0.0,39.9,29.3
2020-06-18,Delhi,0.0,41.1,28.3
2020-06-19,Delhi,0.0,40.9,30.3
2020-06-20,Delhi,2.8,39.7,29.3
2020-06-21,Delhi,0.1,38.2,28.1
2020-06-22,Delhi,1.7,35.7,27.5
2020-06-23,Delhi,1.7,34.6,28.3
2020-06-24,Delhi,1.1,33.2,28.2
2020-06-25,Delhi,0.0,37.2,26.7
2020-06-26,Delhi,1.0,36.6,28.0
2020-06-27,Delhi,0.0,38.9,28.9
2020-06-28,Delhi,0.0,39.9,29.9
2020-06-29,Delhi,0.4,39.3,29.6
2020-06-30,Delhi,0.0,36.3,27.1
2020-07-01,Delhi,0.0,38.2,28.7
2020-07-02,Delhi,0.0,40.4,30.3
2020-07-03,Delhi,0.1,40.9,30.8
2020-07-04,Delhi,0.0,37.7,28.7
2020-07-05,Delhi,3.3,34.1,25.1
2020-07-06,Delhi,0.7,34.5,26.6
2020-07-07,Delhi,1.6,32.7,27.1
2020-07-08,Delhi,4.7,32.6,26.0
2020-07-09,Delhi,3.4,34.5,27.1
2020-07-10,Delhi,1.5,37.8,28.3
2020-07-11,Delhi,1.0,36.4,26.5
2020-07-12,Delhi,0.5,36.1,29.0
2020-07-13,Delhi,0.0,36.6,26.4
2020-07-14,Delhi,0.1,39.0,29.1
2020-07-15,Delhi,0.0,36.8,28.2
2020-07-16,Delhi,4.3,33.6,28.4
2020-07-17,Delhi,8.1,35.2,28.5
2020-07-18,Delhi,2.2,36.5,27.8
2020-07-19,Delhi,16.2,35.3,27.6
2020-07-20,Delhi,8.1,33.5,26.5
2020-07-21,Delhi,14.2,32.5,25.2
2020-07-22,Delhi,17.9,30.3,25.5
2020-07-23,Delhi,0.2,32.8,24.5
2020-07-24,Delhi,2.7,31.9,26.2
2020-07-25,Delhi,2.0,32.2,25.9
2020-07-26,Delhi,5.5,33.6,25.5
2020-07-27,Delhi,2.1,34.4,28.1
2020-07-28,Delhi,0.3,35.2,28.8
2020-07-29,Delhi,0.3,34.1,27.9
2020-07-30,Delhi,2.3,31.5,25.8
2020-07-31,Delhi,10.8,32.7,25.5
2020-08-01,Delhi,2.1,32.8,26.9
2020-08-02,Delhi,0.2,35.1,27.5
2020-08-03,Delhi,1.4,35.7,28.3
2020-08-04,Delhi,1.3,37.0,27.6
2020-08-05,Delhi,1.7,34.0,28.3
2020-08-06,Delhi,0.2,35.0,27.5
2020-08-07,Delhi,0.6,33.7,27.3
2020-08-08,Delhi,1.7,34.9,27.7
2020-08-09,Delhi,16.3,33.2,27.0
2020-08-10,Delhi,3.5,31.4,26.7
2020-08-11,Delhi,14.7,31.7,26.5
2020-08-12,Delhi,3.1,33.9,26.6
2020-08-13,Delhi,68.7,28.0,25.9
2020-08-14,Delhi,3.3,30.9,25.7
2020-08-15,Delhi,2.3,32.5,26.0
2020-08-16,Delhi,4.6,32.1,26.4
2020-08-17,Delhi,2.7,32.9,27.1
2020-08-18,Delhi,15.3,32.4,27.4
2020-08-19,Delhi,17.7,29.7,26.3
2020-08-20,Delhi,8.2,28.5,24.5
2020-08-21,Delhi,0.0,32.4,26.2
2020-08-22,Delhi,0.0,32.9,26.0
2020-08-23,Delhi,1.0,31.6,25.8
2020-08-24,Delhi,1.0,31.0,25.8
2020-08-25,Delhi,1.1,32.2,25.7
2020-08-26,Delhi,1.0,32.3,26.2
2020-08-27,Delhi,0.9,31.5,26.7
2020-08-28,Delhi,2.7,32.9,26.7
2020-08-29,Delhi,0.9,32.2,25.5
2020-08-30,Delhi,2.8,30.9,26.2
2020-08-31,Delhi,1.4,31.8,25.4
2020-09-01,Delhi,0.7,32.6,25.3
2020-09-02,Delhi,0.5,32.4,25.5
2020-09-03,Delhi,6.9,31.8,26.4
2020-09-04,Delhi,3.3,32.3,26.3
2020-09-05,Delhi,11.4,32.7,26.3
2020-09-06,Delhi,3.5,30.9,25.9
2020-09-07,Delhi,2.5,32.2,26.4
2020-09-08,Delhi,0.3,33.6,26.3
2020-09-09,Delhi,0.0,34.5,25.9
2020-09-10,Delhi,0.0,34.7,25.8
2020-09-11,Delhi,0.0,35.3,26.0
2020-09-12,Delhi,0.0,35.1,26.0
2020-09-13,Delhi,0.1,33.9,26.4
2020-09-14,Delhi,0.2,34.6,27.1
2020-09-15,Delhi,0.0,35.9,26.4
2020-09-16,Delhi,0.0,37.2,27.7
2020-09-17,Delhi,0.0,37.5,27.5
2020-09-18,Delhi,0.0,38.2,28.1
2020-09-19,Delhi,0.0,36.7,28.3
2020-09-20,Delhi,0.0,36.5,26.9
2020-09-21,Delhi,0.0,35.9,25.9
2020-09-22,Delhi,4.6,33.8,27.4
2020-09-23,Delhi,3.2,32.6,25.9
2020-09-24,Delhi,0.1,35.7,25.7
2020-09-25,Delhi,0.0,37.2,25.7
2020-09-26,Delhi,0.0,35.2,24.4
2020-09-27,Delhi,0.0,35.2,24.1
2020-09-28,Delhi,0.0,35.4,23.4
2020-09-29,Delhi,0.0,34.9,22.2
2020-09-30,Delhi,0.0,35.0,21.8
2020-10-01,Delhi,0.0,35.6,21.6
2020-10-02,Delhi,0.0,35.1,21.3
2020-10-03,Delhi,0.0,34.2,20.8
2020-10-04,Delhi,0.0,33.8,18.8
2020-10-05,Delhi,0.0,34.1,19.7
2020-10-06,Delhi,0.0,34.3,19.3
2020-10-07,Delhi,0.0,34.8,19.8
2020-10-08,Delhi,0.0,34.1,18.8
2020-10-09,Delhi,0.0,33.4,19.9
2020-10-10,Delhi,0.0,33.5,20.3
2020-10-11,Delhi,0.0,33.4,20.5
2020-10-12,Delhi,0.0,32.8,20.3
2020-10-13,Delhi,0.0,33.7,21.7
2020-10-14,Delhi,0.0,32.2,23.0
2020-10-15,Delhi,0.0,33.5,21.8
2020-10-16,Delhi,0.0,32.3,17.9
2020-10-17,Delhi,0.0,32.4,21.1
2020-10-18,Delhi,0.0,33.2,18.3
2020-10-19,Delhi,0.0,32.4,17.8
2020-10-20,Delhi,0.0,32.9,16.1
2020-10-21,Delhi,0.0,32.9,17.1
2020-10-22,Delhi,0.0,32.2,19.5
2020-10-23,Delhi,0.0,32.2,17.3
2020-10-24,Delhi,0.0,32.4,17.8
2020-10-25,Delhi,0.0,32.5,18.0
2020-10-26,Delhi,0.0,32.0,17.8
2020-10-27,Delhi,0.0,30.6,16.0
2020-10-28,Delhi,0.0,29.8,14.1
2020-10-29,Delhi,0.0,29.8,15.2
2020-10-30,Delhi,0.0,30.0,14.5
2020-10-31,Delhi,0.0,30.3,14.6
2020-11-01,Delhi,0.0,29.2,13.0
2020-11-02,Delhi,0.0,29.6,12.0
2020-11-03,Delhi,0.0,29.4,11.7
2020-11-04,Delhi,0.0,29.5,12.5
2020-11-05,Delhi,0.0,29.8,13.0
2020-11-06,Delhi,0.0,30.3,13.0
2020-11-07,Delhi,0.0,29.7,13.0
2020-11-08,Delhi,0.0,29.0,12.3
2020-11-09,Delhi,0.0,28.4,12.6
2020-11-10,Delhi,0.0,27.2,14.4
2020-11-11,Delhi,0.0,27.2,14.4
2020-11-12,Delhi,0.0,26.7,13.5
2020-11-13,Delhi,0.0,26.8,13.2
2020-11-14,Delhi,0.0,27.3,12.9
2020-11-15,Delhi,4.8,28.9,14.9
2020-11-16,Delhi,13.9,24.6,16.1
2020-11-17,Delhi,0.0,23.9,14.5
2020-11-18,Delhi,0.0,23.5,13.2
2020-11-19,Delhi,0.0,23.0,12.9
2020-11-20,Delhi,0.0,23.6,10.8
2020-11-21,Delhi,0.0,22.5,11.1
2020-11-22,Delhi,0.0,22.4,9.1
2020-11-23,Delhi,0.0,22.4,8.4
2020-11-24,Delhi,0.0,22.5,9.8
2020-11-25,Delhi,0.0,21.7,12.8
2020-11-26,Delhi,0.1,22.7,13.8
2020-11-27,Delhi,0.0,24.2,12.1
2020-11-28,Delhi,0.0,23.8,10.7
2020-11-29,Delhi,0.0,23.1,9.0
2020-11-30,Delhi,0.0,23.8,8.9
2020-12-01,Delhi,0.0,24.2,9.2
2020-12-02,Delhi,0.0,25.6,10.2
2020-12-03,Delhi,0.0,24.6,10.5
2020-12-04,Delhi,0.0,26.0,11.6
2020-12-05,Delhi,0.0,26.2,12.8
2020-12-06,Delhi,0.0,25.7,13.3
2020-12-07,Delhi,0.0,25.8,12.4
2020-12-08,Delhi,0.0,24.9,11.3
2020-12-09,Delhi,0.0,25.4,12.0
2020-12-10,Delhi,0.0,25.7,12.8
2020-12-11,Delhi,0.0,25.4,13.2
2020-12-12,Delhi,0.5,22.7,14.5
2020-12-13,Delhi,0.0,20.8,10.3
2020-12-14,Delhi,0.0,19.4,8.0
2020-12-15,Delhi,0.0,18.1,5.8
2020-12-16,Delhi,0.0,18.7,6.0
2020-12-17,Delhi,0.0,16.4,5.1
2020-12-18,Delhi,0.0,17.8,5.3
2020-12-19,Delhi,0.0,19.4,5.7
2020-12-20,Delhi,0.0,20.5,6.2
2020-12-21,Delhi,0.0,19.4,6.7
2020-12-22,Delhi,0.0,20.5,7.3
2020-12-23,Delhi,0.0,20.5,5.5
2020-12-24,Delhi,0.0,21.1,6.4
2020-12-25,Delhi,0.0,20.4,5.9
2020-12-26,Delhi,0.0,19.4,5.9
2020-12-27,Delhi,0.3,21.7,9.2
2020-12-28,Delhi,0.0,17.4,6.3
2020-12-29,Delhi,0.0,16.3,5.1
2020-12-30,Delhi,0.0,16.2,4.6
2020-12-31,Delhi,0.0,16.5,4.4
2021-01-01,Delhi,0.0,17.5,3.2
2021-01-02,Delhi,2.4,17.5,9.8
2021-01-03,Delhi,11.7,20.9,12.1
2021-01-04,Delhi,5.3,22.2,12.5
2021-01-05,Delhi,3.1,21.4,14.7
2021-01-06,Delhi,3.0,21.4,14.6
2021-01-07,Delhi,0.0,19.4,11.2
2021-01-08,Delhi,0.0,18.7,9.1
2021-01-09,Delhi,0.0,19.7,10.6
2021-01-10,Delhi,0.0,17.2,8.4
2021-01-11,Delhi,0.0,17.7,7.0
2021-01-12,Delhi,0.0,17.9,6.0
2021-01-13,Delhi,0.0,17.9,5.0
2021-01-14,Delhi,0.0,18.2,4.5
2021-01-15,Delhi,0.0,18.6,7.0
2021-01-16,Delhi,0.0,16.4,5.1
2021-01-17,Delhi,0.0,18.4,6.5
2021-01-18,Delhi,2.2,17.4,9.9
2021-01-19,Delhi,0.0,20.6,9.4
2021-01-20,Delhi,0.0,19.8,9.8
2021-01-21,Delhi,0.0,19.9,8.9
2021-01-22,Delhi,0.0,20.4,6.9
2021-01-23,Delhi,0.2,20.8,8.4
2021-01-24,Delhi,0.1,18.8,8.6
2021-01-25,Delhi,0.0,18.2,6.1
2021-01-26,Delhi,0.0,18.1,6.5
2021-01-27,Delhi,0.0,18.5,6.2
2021-01-28,Delhi,0.0,17.8,4.7
2021-01-29,Delhi,0.0,18.4,5.6
2021-01-30,Delhi,0.0,18.7,6.3
2021-01-31,Delhi,0.0,19.9,4.5
2021-02-01,Delhi,0.0,21.5,6.9
2021-02-02,Delhi,0.0,22.4,6.9
2021-02-03,Delhi,0.1,23.0,11.7
2021-02-04,Delhi,13.6,20.9,11.0
2021-02-05,Delhi,0.0,19.5,8.6
2021-02-06,Delhi,0.0,19.7,8.6
2021-02-07,Delhi,0.0,21.0,9.4
2021-02-08,Delhi,0.0,22.0,8.2
2021-02-09,Delhi,0.0,23.5,9.0
2021-02-10,Delhi,0.0,24.3,11.9
2021-02-11,Delhi,0.0,23.3,10.3
2021-02-12,Delhi,0.0,23.6,11.5
2021-02-13,Delhi,0.0,23.1,11.1
2021-02-14,Delhi,0.0,24.8,10.5
2021-02-15,Delhi,0.4,26.0,12.0
2021-02-16,Delhi,0.0,25.7,12.3
2021-02-17,Delhi,0.0,24.6,11.5
2021-02-18,Delhi,0.0,24.5,10.5
2021-02-19,Delhi,0.0,24.7,10.6
2021-02-20,Delhi,0.0,25.1,11.3
2021-02-21,Delhi,0.0,25.5,11.2
2021-02-22,Delhi,0.0,27.0,12.0
2021-02-23,Delhi,0.0,28.7,12.1
2021-02-24,Delhi,0.0,29.5,12.9
2021-02-25,Delhi,0.0,29.6,13.7
2021-02-26,Delhi,0.0,30.4,15.0
2021-02-27,Delhi,0.0,29.8,17.9
2021-02-28,Delhi,0.0,29.5,16.6
2021-03-01,Delhi,0.0,27.1,13.6
2021-03-02,Delhi,0.0,27.3,14.3
2021-03-03,Delhi,0.0,29.1,14.2
2021-03-04,Delhi,0.0,30.6,13.8
2021-03-05,Delhi,0.0,29.9,15.3
2021-03-06,Delhi,0.0,30.5,15.1
2021-03-07,Delhi,0.0,32.8,15.0
2021-03-08,Delhi,0.0,30.8,19.2
2021-03-09,Delhi,0.0,31.7,17.9
2021-03-10,Delhi,0.0,30.2,18.2
2021-03-11,Delhi,0.0,32.1,16.7
2021-03-12,Delhi,0.4,29.4,17.7
2021-03-13,Delhi,0.0,29.8,15.7
2021-03-14,Delhi,0.0,30.0,15.7
2021-03-15,Delhi,0.0,31.6,17.2
2021-03-16,Delhi,0.0,32.1,16.7
2021-03-17,Delhi,0.0,32.8,16.5
2021-03-18,Delhi,0.1,32.5,16.9
2021-03-19,Delhi,0.3,31.7,19.0
2021-03-20,Delhi,0.0,32.7,17.1
2021-03-21,Delhi,0.0,33.4,17.3
2021-03-22,Delhi,0.6,33.2,18.6
2021-03-23,Delhi,0.0,31.8,19.3
2021-03-24,Delhi,0.0,31.0,16.4
2021-03-25,Delhi,0.0,30.6,16.9
2021-03-26,Delhi,0.0,31.0,16.2
2021-03-27,Delhi,0.0,33.1,17.7
2021-03-28,Delhi,0.0,35.0,18.5
2021-03-29,Delhi,0.0,37.3,21.7
2021-03-30,Delhi,0.0,36.8,21.3
2021-03-31,Delhi,0.0,34.2,21.4
2021-04-01,Delhi,0.0,34.0,18.8
2021-04-02,Delhi,0.0,33.0,17.1
2021-04-03,Delhi,0.0,33.8,15.3
2021-04-04,Delhi,0.0,35.5,17.7
2021-04-05,Delhi,0.0,37.5,19.0
2021-04-06,Delhi,0.0,37.5,22.3
2021-04-07,Delhi,0.0,35.5,21.1
2021-04-08,Delhi,0.0,33.9,20.3
2021-04-09,Delhi,0.0,35.0,18.3
2021-04-10,Delhi,0.0,36.2,19.4
2021-04-11,Delhi,0.0,37.3,20.3
2021-04-12,Delhi,0.0,37.9,20.1
2021-04-13,Delhi,0.0,38.2,21.0
2021-04-14,Delhi,0.0,38.5,23.2
2021-04-15,Delhi,0.0,38.5,22.0
2021-04-16,Delhi,3.2,38.6,22.8
2021-04-17,Delhi,0.0,34.4,20.2
2021-04-18,Delhi,0.0,35.5,20.7
2021-04-19,Delhi,0.0,37.2,21.0
2021-04-20,Delhi,0.0,33.4,22.2
2021-04-21,Delhi,0.2,31.3,18.8
2021-04-22,Delhi,0.0,32.6,20.0
2021-04-23,Delhi,0.0,35.4,22.3
2021-04-24,Delhi,0.0,33.5,18.5
2021-04-25,Delhi,0.0,36.6,20.9
2021-04-26,Delhi,0.0,38.6,20.0
2021-04-27,Delhi,0.0,41.0,22.7
2021-04-28,Delhi,0.0,41.5,24.4
2021-04-29,Delhi,0.0,41.0,24.7
2021-04-30,Delhi,0.0,38.5,24.3
2021-05-01,Delhi,0.0,39.7,24.6
2021-05-02,Delhi,0.0,38.4,25.9
2021-05-03,Delhi,0.0,36.9,25.2
2021-05-04,Delhi,0.0,40.1,25.8
2021-05-05,Delhi,0.1,37.7,26.0
2021-05-06,Delhi,4.6,38.3,24.1
2021-05-07,Delhi,0.8,34.5,22.0
2021-05-08,Delhi,0.0,37.1,23.5
2021-05-09,Delhi,0.0,37.6,25.2
2021-05-10,Delhi,0.0,35.9,24.4
2021-05-11,Delhi,0.0,39.1,24.9
2021-05-12,Delhi,0.2,35.0,24.4
2021-05-13,Delhi,0.8,31.6,22.5
2021-05-14,Delhi,0.0,35.6,22.6
2021-05-15,Delhi,0.0,36.0,24.7
2021-05-16,Delhi,0.0,38.3,23.8
2021-05-17,Delhi,0.0,36.8,26.1
2021-05-18,Delhi,1.1,31.3,24.2
2021-05-19,Delhi,98.7,24.1,21.0
2021-05-20,Delhi,33.0,30.0,20.5
2021-05-21,Delhi,0.3,31.4,20.8
2021-05-22,Delhi,0.0,33.1,23.9
2021-05-23,Delhi,0.0,33.9,22.6
2021-05-24,Delhi,0.0,35.2,22.0
2021-05-25,Delhi,0.0,37.1,23.9
2021-05-26,Delhi,0.0,37.8,21.8
2021-05-27,Delhi,0.0,37.4,21.8
2021-05-28,Delhi,0.0,36.7,24.0
2021-05-29,Delhi,0.0,36.8,26.0
2021-05-30,Delhi,0.3,36.0,25.0
2021-05-31,Delhi,0.0,37.2,26.1
2021-06-01,Delhi,0.5,33.2,22.3
2021-06-02,Delhi,4.8,33.9,23.7
2021-06-03,Delhi,0.0,35.1,25.8
2021-06-04,Delhi,0.0,35.6,25.2
2021-06-05,Delhi,0.0,36.0,25.4
2021-06-06,Delhi,0.0,38.2,25.9
2021-06-07,Delhi,0.0,39.0,26.5
2021-06-08,Delhi,0.0,41.6,28.3
2021-06-09,Delhi,0.0,41.9,30.5
2021-06-10,Delhi,0.0,37.3,29.8
2021-06-11,Delhi,0.0,36.8,27.2
2021-06-12,Delhi,0.6,37.4,28.5
2021-06-13,Delhi,6.1,36.5,25.6
2021-06-14,Delhi,0.0,36.8,26.1
2021-06-15,Delhi,4.5,37.2,27.3
2021-06-16,Delhi,0.5,34.7,26.1
2021-06-17,Delhi,0.2,35.0,26.1
2021-06-18,Delhi,0.2,34.0,25.8
2021-06-19,Delhi,0.1,33.8,25.4
2021-06-20,Delhi,0.9,33.8,25.6
2021-06-21,Delhi,0.0,36.3,25.4
2021-06-22,Delhi,0.0,39.8,28.3
2021-06-23,Delhi,0.0,40.4,28.3
2021-06-24,Delhi,0.0,38.3,28.5
2021-06-25,Delhi,0.6,39.9,28.4
2021-06-26,Delhi,0.0,38.1,26.9
2021-06-27,Delhi,0.0,38.7,28.8
2021-06-28,Delhi,0.0,40.1,29.0
2021-06-29,Delhi,0.0,42.4,29.5
2021-06-30,Delhi,0.0,43.8,30.0
2021-07-01,Delhi,0.0,42.2,31.8
2021-07-02,Delhi,0.1,42.0,32.0
2021-07-03,Delhi,0.1,39.4,29.3
2021-07-04,Delhi,0.0,40.2,28.7
2021-07-05,Delhi,0.5,39.4,29.3
2021-07-06,Delhi,0.0,40.4,29.9
2021-07-07,Delhi,0.0,41.8,31.2
2021-07-08,Delhi,0.0,40.1,31.7
2021-07-09,Delhi,0.3,38.1,28.4
2021-07-10,Delhi,0.8,38.2,30.1
2021-07-11,Delhi,1.5,36.8,29.1
2021-07-12,Delhi,3.2,34.3,28.1
2021-07-13,Delhi,5.9,33.4,27.6
2021-07-14,Delhi,12.8,32.0,27.1
2021-07-15,Delhi,3.5,34.1,27.3
2021-07-16,Delhi,1.9,34.2,27.7
2021-07-17,Delhi,0.3,36.6,28.5
2021-07-18,Delhi,35.3,34.6,27.6
2021-07-19,Delhi,117.3,27.2,26.0
2021-07-20,Delhi,36.8,31.3,25.9
2021-07-21,Delhi,8.4,32.6,25.8
2021-07-22,Delhi,2.5,30.3,26.0
2021-07-23,Delhi,10.1,32.1,26.2
2021-07-24,Delhi,0.6,33.9,27.4
2021-07-25,Delhi,0.0,34.3,28.0
2021-07-26,Delhi,5.8,30.7,28.0
2021-07-27,Delhi,13.9,31.6,27.1
2021-07-28,Delhi,18.7,29.1,26.3
2021-07-29,Delhi,5.8,29.5,25.7
2021-07-30,Delhi,9.0,30.6,25.8
2021-07-31,Delhi,3.7,32.0,25.6
2021-08-01,Delhi,1.5,32.4,26.8
2021-08-02,Delhi,15.6,30.7,26.2
2021-08-03,Delhi,4.3,32.3,26.3
2021-08-04,Delhi,0.0,32.8,26.2
2021-08-05,Delhi,0.5,33.0,26.1
2021-08-06,Delhi,3.8,33.0,26.6
2021-08-07,Delhi,8.6,32.4,27.5
2021-08-08,Delhi,7.6,32.2,27.0
2021-08-09,Delhi,0.5,31.3,26.8
2021-08-10,Delhi,0.7,34.6,26.5
2021-08-11,Delhi,0.0,35.3,27.6
2021-08-12,Delhi,0.0,35.1,26.4
2021-08-13,Delhi,0.0,35.7,26.9
2021-08-14,Delhi,0.0,35.5,26.7
2021-08-15,Delhi,0.0,35.3,26.5
2021-08-16,Delhi,0.0,35.5,26.7
2021-08-17,Delhi,0.0,36.0,26.9
2021-08-18,Delhi,0.0,36.0,27.4
2021-08-19,Delhi,0.5,34.7,27.8
2021-08-20,Delhi,1.5,30.0,26.9
2021-08-21,Delhi,27.5,29.2,25.1
2021-08-22,Delhi,6.8,31.0,25.0
2021-08-23,Delhi,6.7,31.8,26.2
2021-08-24,Delhi,3.1,31.9,27.0
2021-08-25,Delhi,0.0,34.3,27.7
2021-08-26,Delhi,0.0,34.0,27.0
2021-08-27,Delhi,0.0,34.2,25.4
2021-08-28,Delhi,0.2,33.5,26.5
2021-08-29,Delhi,0.6,32.8,26.0
2021-08-30,Delhi,1.1,31.0,25.4
2021-08-31,Delhi,3.0,31.1,25.0
2021-09-01,Delhi,9.7,29.8,24.5
2021-09-02,Delhi,0.5,31.9,24.8
2021-09-03,Delhi,8.0,30.9,25.4
2021-09-04,Delhi,7.1,30.5,25.7
2021-09-05,Delhi,7.7,31.6,25.8
2021-09-06,Delhi,2.1,32.0,26.6
2021-09-07,Delhi,6.3,30.5,26.3
2021-09-08,Delhi,2.3,30.6,26.2
2021-09-09,Delhi,2.6,31.1,25.3
2021-09-10,Delhi,8.4,29.9,25.1
2021-09-11,Delhi,13.4,28.9,24.2
2021-09-12,Delhi,8.6,29.0,24.9
2021-09-13,Delhi,9.2,31.4,25.8
2021-09-14,Delhi,0.5,31.3,25.9
2021-09-15,Delhi,0.0,32.1,25.5
2021-09-16,Delhi,2.2,32.8,25.6
2021-09-17,Delhi,0.7,30.0,23.7
2021-09-18,Delhi,0.1,31.3,24.4
2021-09-19,Delhi,0.2,32.1,25.4
2021-09-20,Delhi,0.5,32.4,25.1
2021-09-21,Delhi,2.0,31.2,26.0
2021-09-22,Delhi,11.1,29.8,24.8
2021-09-23,Delhi,6.3,29.5,24.5
2021-09-24,Delhi,2.0,30.8,24.6
2021-09-25,Delhi,1.6,31.0,24.8
2021-09-26,Delhi,1.0,30.4,24.4
2021-09-27,Delhi,0.1,32.2,24.7
2021-09-28,Delhi,2.6,31.9,25.6
2021-09-29,Delhi,0.4,31.8,25.4
2021-09-30,Delhi,0.4,31.7,25.3
2021-10-01,Delhi,0.7,32.3,25.3
2021-10-02,Delhi,0.1,33.4,25.5
2021-10-03,Delhi,0.2,34.0,25.6
2021-10-04,Delhi,0.0,33.2,25.6
2021-10-05,Delhi,3.0,32.5,24.8
2021-10-06,Delhi,0.0,32.7,25.5
2021-10-07,Delhi,0.0,32.9,23.1
2021-10-08,Delhi,0.0,33.9,23.0
2021-10-09,Delhi,0.0,34.8,22.4
2021-10-10,Delhi,0.0,35.7,22.4
2021-10-11,Delhi,0.0,35.4,23.0
2021-10-12,Delhi,0.0,35.2,23.4
2021-10-13,Delhi,0.0,33.5,21.4
2021-10-14,Delhi,0.0,32.5,19.4
2021-10-15,Delhi,0.0,33.6,19.3
2021-10-16,Delhi,0.0,34.0,21.2
2021-10-17,Delhi,5.4,30.5,23.2
2021-10-18,Delhi,26.1,23.5,20.9
2021-10-19,Delhi,0.0,28.9,19.3
2021-10-20,Delhi,0.0,31.0,19.5
2021-10-21,Delhi,0.0,29.9,17.8
2021-10-22,Delhi,0.0,30.4,19.1
2021-10-23,Delhi,0.0,29.8,18.7
2021-10-24,Delhi,0.2,27.7,19.2
2021-10-25,Delhi,0.0,27.4,17.8
2021-10-26,Delhi,0.0,26.9,16.8
2021-10-27,Delhi,0.0,27.6,15.1
2021-10-28,Delhi,0.0,27.6,14.8
2021-10-29,Delhi,0.0,28.6,14.4
2021-10-30,Delhi,0.0,28.9,15.1
2021-10-31,Delhi,0.0,29.5,15.5
2021-11-01,Delhi,0.0,29.6,15.9
2021-11-02,Delhi,0.0,28.6,16.6
2021-11-03,Delhi,0.0,29.4,16.2
2021-11-04,Delhi,0.0,27.8,15.6
2021-11-05,Delhi,0.0,27.7,15.0
2021-11-06,Delhi,0.0,28.8,14.4
2021-11-07,Delhi,0.0,28.7,15.3
2021-11-08,Delhi,0.0,29.0,14.2
2021-11-09,Delhi,0.0,28.3,14.6
2021-11-10,Delhi,0.0,29.1,13.6
2021-11-11,Delhi,0.0,28.4,13.5
2021-11-12,Delhi,0.0,28.2,14.4
2021-11-13,Delhi,0.0,27.4,13.0
2021-11-14,Delhi,0.0,26.4,12.1
2021-11-15,Delhi,0.0,25.9,11.5
2021-11-16,Delhi,0.0,25.4,10.8
2021-11-17,Delhi,0.0,24.8,10.3
2021-11-18,Delhi,0.0,24.4,11.5
2021-11-19,Delhi,0.0,24.9,11.6
2021-11-20,Delhi,0.0,25.3,14.1
2021-11-21,Delhi,0.0,26.1,12.9
2021-11-22,Delhi,0.0,26.5,12.4
2021-11-23,Delhi,0.0,25.9,11.7
2021-11-24,Delhi,0.0,26.2,10.4
2021-11-25,Delhi,0.0,25.5,11.9
2021-11-26,Delhi,0.0,25.2,11.8
2021-11-27,Delhi,0.0,25.4,13.0
2021-11-28,Delhi,0.0,25.1,13.4
2021-11-29,Delhi,0.0,25.0,11.1
2021-11-30,Delhi,0.0,25.0,12.2
2021-12-01,Delhi,0.0,21.9,13.3
2021-12-02,Delhi,2.8,19.7,13.7
2021-12-03,Delhi,0.0,22.4,12.8
2021-12-04,Delhi,0.0,24.0,11.8
2021-12-05,Delhi,0.5,24.5,12.9
2021-12-06,Delhi,2.3,23.3,13.8
2021-12-07,Delhi,0.0,23.0,12.4
2021-12-08,Delhi,0.0,22.3,10.7
2021-12-09,Delhi,0.0,22.2,9.3
2021-12-10,Delhi,0.0,22.3,9.5
2021-12-11,Delhi,0.0,21.9,9.0
2021-12-12,Delhi,0.0,20.9,8.3
2021-12-13,Delhi,0.0,19.2,8.8
2021-12-14,Delhi,0.0,20.7,8.2
2021-12-15,Delhi,0.0,20.7,8.9
2021-12-16,Delhi,0.1,17.7,9.7
2021-12-17,Delhi,0.0,18.1,7.5
2021-12-18,Delhi,0.0,18.0,6.2
2021-12-19,Delhi,0.0,17.6,5.8
2021-12-20,Delhi,0.0,18.1,5.2
2021-12-21,Delhi,0.0,19.3,5.1
2021-12-22,Delhi,0.0,20.0,5.5
2021-12-23,Delhi,0.0,20.9,7.8
2021-12-24,Delhi,0.0,21.5,8.8
2021-12-25,Delhi,0.0,20.9,8.7
2021-12-26,Delhi,4.3,18.2,11.1
2021-12-27,Delhi,0.2,19.7,10.4
2021-12-28,Delhi,0.1,19.0,11.0
2021-12-29,Delhi,0.0,19.0,8.5
2021-12-30,Delhi,0.0,17.5,5.3
2021-12-31,Delhi,0.0,17.8,4.9
2022-01-01,Delhi,0.0,18.1,5.1
2022-01-02,Delhi,0.0,18.8,6.1
2022-01-03,Delhi,0.0,20.0,6.9
2022-01-04,Delhi,0.1,21.5,7.8
2022-01-05,Delhi,9.8,15.1,11.4
2022-01-06,Delhi,0.8,18.5,12.5
2022-01-07,Delhi,2.3,19.8,12.1
2022-01-08,Delhi,19.9,17.3,14.0
2022-01-09,Delhi,1.4,16.7,10.3
2022-01-10,Delhi,0.0,16.9,7.9
2022-01-11,Delhi,0.0,17.4,7.1
2022-01-12,Delhi,0.0,17.3,7.7
2022-01-13,Delhi,0.0,17.3,6.7
2022-01-14,Delhi,0.0,16.5,6.4
2022-01-15,Delhi,0.0,16.8,5.6
2022-01-16,Delhi,0.0,15.6,5.5
2022-01-17,Delhi,0.0,14.2,3.9
2022-01-18,Delhi,0.0,16.0,5.0
2022-01-19,Delhi,0.1,17.5,6.1
2022-01-20,Delhi,1.1,18.1,9.1
2022-01-21,Delhi,0.0,18.4,7.6
2022-01-22,Delhi,10.4,16.1,11.9
2022-01-23,Delhi,7.9,16.2,8.6
2022-01-24,Delhi,0.2,16.4,6.7
2022-01-25,Delhi,0.0,16.5,6.1
2022-01-26,Delhi,0.0,16.8,5.8
2022-01-27,Delhi,0.0,17.7,6.8
2022-01-28,Delhi,0.0,17.8,7.1
2022-01-29,Delhi,0.0,19.4,6.0
2022-01-30,Delhi,0.0,20.1,8.6
2022-01-31,Delhi,0.0,20.7,7.7
2022-02-01,Delhi,0.0,20.8,8.4
2022-02-02,Delhi,0.0,20.3,8.3
2022-02-03,Delhi,15.2,14.8,8.8
2022-02-04,Delhi,0.0,16.1,7.8
2022-02-05,Delhi,0.0,16.5,6.2
2022-02-06,Delhi,0.0,20.4,6.4
2022-02-07,Delhi,0.0,22.4,8.7
2022-02-08,Delhi,0.3,22.2,11.1
2022-02-09,Delhi,3.3,18.5,11.0
2022-02-10,Delhi,0.0,20.2,8.3
2022-02-11,Delhi,0.0,20.1,9.8
2022-02-12,Delhi,0.0,21.2,9.0
2022-02-13,Delhi,0.0,22.2,8.1
2022-02-14,Delhi,0.0,23.1,9.6
2022-02-15,Delhi,0.0,23.4,10.9
2022-02-16,Delhi,0.0,23.6,10.2
2022-02-17,Delhi,0.0,23.9,10.3
2022-02-18,Delhi,0.0,24.8,10.0
2022-02-19,Delhi,0.0,24.0,10.3
2022-02-20,Delhi,0.0,23.8,12.1
2022-02-21,Delhi,0.0,24.2,10.4
2022-02-22,Delhi,0.0,25.7,11.6
2022-02-23,Delhi,0.0,24.1,14.8
2022-02-24,Delhi,0.0,25.0,12.2
2022-02-25,Delhi,0.9,25.1,12.2
2022-02-26,Delhi,2.0,23.1,14.0
2022-02-27,Delhi,0.6,23.2,12.1
2022-02-28,Delhi,0.0,23.0,10.7
2022-03-01,Delhi,0.0,24.5,10.2
2022-03-02,Delhi,0.0,25.5,11.2
2022-03-03,Delhi,0.1,26.8,13.7
2022-03-04,Delhi,0.0,25.3,13.5
2022-03-05,Delhi,0.0,26.1,13.1
2022-03-06,Delhi,0.0,26.3,13.4
2022-03-07,Delhi,0.0,28.4,14.4
2022-03-08,Delhi,0.0,30.0,13.7
2022-03-09,Delhi,0.0,30.6,14.6
2022-03-10,Delhi,0.0,29.5,16.0
2022-03-11,Delhi,0.0,29.3,15.7
2022-03-12,Delhi,0.0,30.4,14.7
2022-03-13,Delhi,0.0,31.7,16.4
2022-03-14,Delhi,0.0,32.0,16.4
2022-03-15,Delhi,0.0,33.8,18.4
2022-03-16,Delhi,0.0,35.0,19.7
2022-03-17,Delhi,0.0,32.9,19.7
2022-03-18,Delhi,0.0,34.4,21.9
2022-03-19,Delhi,0.0,35.2,21.3
2022-03-20,Delhi,0.0,36.4,21.7
2022-03-21,Delhi,0.0,36.4,20.9
2022-03-22,Delhi,0.0,35.6,21.1
2022-03-23,Delhi,0.0,35.7,18.7
2022-03-24,Delhi,0.0,35.1,19.8
2022-03-25,Delhi,0.0,35.2,19.5
2022-03-26,Delhi,0.0,35.1,19.1
2022-03-27,Delhi,0.0,36.9,19.7
2022-03-28,Delhi,0.0,38.0,19.1
2022-03-29,Delhi,0.0,39.0,19.3
2022-03-30,Delhi,0.0,38.6,20.3
2022-03-31,Delhi,0.0,39.2,21.1
2022-04-01,Delhi,0.0,36.4,21.5
2022-04-02,Delhi,0.0,37.6,19.5
2022-04-03,Delhi,0.0,39.0,21.2
2022-04-04,Delhi,0.0,38.3,20.2
2022-04-05,Delhi,0.0,38.8,20.2
2022-04-06,Delhi,0.0,39.2,20.6
2022-04-07,Delhi,0.0,39.9,20.7
2022-04-08,Delhi,0.0,41.2,21.8
2022-04-09,Delhi,0.0,41.9,22.0
2022-04-10,Delhi,0.0,41.4,23.2
2022-04-11,Delhi,0.0,41.8,23.5
2022-04-12,Delhi,0.0,40.1,25.5
2022-04-13,Delhi,0.0,39.1,23.1
2022-04-14,Delhi,0.0,39.6,24.3
2022-04-15,Delhi,0.0,39.2,22.9
2022-04-16,Delhi,0.0,39.3,22.4
2022-04-17,Delhi,0.0,40.6,23.0
2022-04-18,Delhi,0.0,41.5,23.5
2022-04-19,Delhi,0.0,42.2,24.2
2022-04-20,Delhi,0.0,41.2,26.7
2022-04-21,Delhi,0.0,36.7,26.1
2022-04-22,Delhi,0.0,38.5,23.6
2022-04-23,Delhi,0.0,39.3,23.2
2022-04-24,Delhi,0.0,40.1,23.7
2022-04-25,Delhi,0.0,40.8,24.7
2022-04-26,Delhi,0.0,41.0,24.2
2022-04-27,Delhi,0.0,41.6,23.5
2022-04-28,Delhi,0.0,43.3,25.4
2022-04-29,Delhi,0.0,43.8,26.5
2022-04-30,Delhi,0.0,43.4,27.7
2022-05-01,Delhi,0.0,40.6,26.4
2022-05-02,Delhi,0.0,39.9,26.2
2022-05-03,Delhi,0.0,39.6,27.0
2022-05-04,Delhi,0.2,38.8,26.3
2022-05-05,Delhi,0.0,38.5,23.3
2022-05-06,Delhi,0.0,39.7,26.0
2022-05-07,Delhi,0.0,39.8,25.4
2022-05-08,Delhi,0.0,41.3,25.9
2022-05-09,Delhi,0.0,40.3,27.5
2022-05-10,Delhi,0.1,39.5,28.2
2022-05-11,Delhi,0.0,41.0,27.6
2022-05-12,Delhi,0.0,43.1,28.6
2022-05-13,Delhi,0.0,44.2,28.1
2022-05-14,Delhi,0.0,44.8,27.2
2022-05-15,Delhi,0.0,45.8,28.2
2022-05-16,Delhi,0.0,42.2,31.3
2022-05-17,Delhi,0.8,38.1,28.2
2022-05-18,Delhi,0.0,42.2,27.5
2022-05-19,Delhi,0.0,43.8,27.3
2022-05-20,Delhi,0.0,45.5,28.8
2022-05-21,Delhi,0.0,41.0,29.3
2022-05-22,Delhi,0.0,39.6,26.9
2022-05-23,Delhi,11.3,31.8,22.8
2022-05-24,Delhi,0.0,31.9,21.4
2022-05-25,Delhi,0.0,33.1,22.9
2022-05-26,Delhi,0.0,35.3,23.4
2022-05-27,Delhi,0.0,38.0,24.9
2022-05-28,Delhi,0.6,39.7,26.4
2022-05-29,Delhi,0.0,40.8,25.8
2022-05-30,Delhi,0.1,40.9,27.4
2022-05-31,Delhi,0.0,40.4,25.8
2022-06-01,Delhi,0.0,41.0,25.0
2022-06-02,Delhi,0.0,43.2,27.4
2022-06-03,Delhi,0.0,43.3,26.7
2022-06-04,Delhi,0.0,44.1,27.0
2022-06-05,Delhi,0.0,43.5,28.7
2022-06-06,Delhi,0.0,42.8,27.4
2022-06-07,Delhi,0.0,44.1,29.1
2022-06-08,Delhi,0.0,43.3,31.9
2022-06-09,Delhi,0.0,43.0,30.0
2022-06-10,Delhi,0.0,42.8,30.6
2022-06-11,Delhi,0.0,43.9,31.1
2022-06-12,Delhi,0.0,43.1,29.6
2022-06-13,Delhi,0.0,43.6,31.7
2022-06-14,Delhi,0.0,39.4,31.2
2022-06-15,Delhi,0.0,42.8,29.6
2022-06-16,Delhi,1.0,38.2,31.4
2022-06-17,Delhi,7.4,36.4,24.6
2022-06-18,Delhi,9.7,33.2,24.5
2022-06-19,Delhi,5.8,33.2,24.1
2022-06-20,Delhi,0.3,32.6,23.2
2022-06-21,Delhi,6.9,32.6,24.5
2022-06-22,Delhi,7.7,34.8,24.3
2022-06-23,Delhi,0.0,37.6,25.9
2022-06-24,Delhi,0.0,38.6,23.9
2022-06-25,Delhi,0.0,39.7,25.2
2022-06-26,Delhi,0.0,40.2,29.2
2022-06-27,Delhi,0.0,39.5,30.9
2022-06-28,Delhi,3.6,40.9,26.5
2022-06-29,Delhi,0.2,41.6,29.1
2022-06-30,Delhi,1.0,31.0,26.4
2022-07-01,Delhi,1.9,31.2,25.1
2022-07-02,Delhi,2.0,34.6,26.3
2022-07-03,Delhi,11.7,33.9,25.4
2022-07-04,Delhi,13.7,34.8,26.3
2022-07-05,Delhi,0.0,36.1,27.3
2022-07-06,Delhi,3.4,35.3,28.5
2022-07-07,Delhi,0.2,35.1,27.0
2022-07-08,Delhi,0.0,36.4,28.6
2022-07-09,Delhi,0.7,33.4,28.1
2022-07-10,Delhi,5.5,32.6,26.9
2022-07-11,Delhi,0.0,34.5,27.3
2022-07-12,Delhi,0.3,34.3,28.2
2022-07-13,Delhi,0.9,35.0,27.7
2022-07-14,Delhi,15.0,34.0,27.6
2022-07-15,Delhi,0.6,35.1,28.5
2022-07-16,Delhi,6.8,32.7,27.7
2022-07-17,Delhi,8.5,33.2,26.3
2022-07-18,Delhi,3.5,35.2,26.6
2022-07-19,Delhi,3.2,35.0,26.6
2022-07-20,Delhi,26.3,33.3,26.4
2022-07-21,Delhi,15.4,30.4,24.7
2022-07-22,Delhi,1.3,31.4,24.8
2022-07-23,Delhi,14.2,30.1,25.2
2022-07-24,Delhi,4.2,33.2,25.8
2022-07-25,Delhi,8.2,32.8,25.6
2022-07-26,Delhi,1.5,31.3,25.5
2022-07-27,Delhi,6.4,32.2,25.4
2022-07-28,Delhi,16.0,31.7,25.3
2022-07-29,Delhi,12.0,30.0,25.3
2022-07-30,Delhi,4.4,31.7,25.4
2022-07-31,Delhi,1.0,32.5,25.7
2022-08-01,Delhi,9.8,31.2,25.6
2022-08-02,Delhi,0.2,33.6,25.7
2022-08-03,Delhi,0.1,32.9,26.5
2022-08-04,Delhi,1.8,31.4,26.6
2022-08-05,Delhi,4.6,30.4,25.0
2022-08-06,Delhi,2.4,32.9,25.5
2022-08-07,Delhi,19.3,30.6,25.2
2022-08-08,Delhi,0.0,33.5,25.1
2022-08-09,Delhi,0.5,33.9,27.5
2022-08-10,Delhi,0.2,34.4,27.5
2022-08-11,Delhi,6.3,28.7,26.3
2022-08-12,Delhi,0.0,34.1,25.1
2022-08-13,Delhi,0.3,33.9,26.4
2022-08-14,Delhi,11.4,32.9,26.2
2022-08-15,Delhi,0.1,31.2,25.9
2022-08-16,Delhi,8.6,31.3,25.9
2022-08-17,Delhi,0.3,32.1,25.3
2022-08-18,Delhi,0.1,33.9,25.6
2022-08-19,Delhi,0.7,34.4,26.6
2022-08-20,Delhi,3.1,30.5,25.0
2022-08-21,Delhi,0.0,34.1,25.7
2022-08-22,Delhi,10.3,33.5,26.0
2022-08-23,Delhi,1.0,34.5,26.3
2022-08-24,Delhi,0.8,33.2,26.1
2022-08-25,Delhi,0.9,34.6,25.5
2022-08-26,Delhi,1.1,35.4,27.0
2022-08-27,Delhi,1.5,35.9,27.9
2022-08-28,Delhi,0.1,36.3,27.8
2022-08-29,Delhi,2.5,35.5,27.8
2022-08-30,Delhi,0.0,37.5,26.7
2022-08-31,Delhi,0.5,37.3,28.3
2022-09-01,Delhi,0.0,37.8,28.3
2022-09-02,Delhi,0.0,37.6,28.4
2022-09-03,Delhi,0.0,38.3,28.1
2022-09-04,Delhi,0.0,38.0,28.0
2022-09-05,Delhi,0.0,37.6,27.5
2022-09-06,Delhi,0.0,37.9,28.1
2022-09-07,Delhi,0.0,37.4,27.7
2022-09-08,Delhi,0.0,36.8,27.3
2022-09-09,Delhi,0.3,35.5,28.0
2022-09-10,Delhi,1.3,34.7,25.4
2022-09-11,Delhi,1.8,33.8,23.6
2022-09-12,Delhi,0.1,35.1,27.0
2022-09-13,Delhi,2.3,34.7,25.0
2022-09-14,Delhi,6.3,30.4,25.0
2022-09-15,Delhi,12.7,31.1,24.8
2022-09-16,Delhi,7.7,31.0,23.6
2022-09-17,Delhi,0.6,33.4,24.0
2022-09-18,Delhi,0.1,33.0,23.5
2022-09-19,Delhi,0.0,33.2,25.0
2022-09-20,Delhi,9.0,31.8,24.4
2022-09-21,Delhi,5.5,31.6,25.2
2022-09-22,Delhi,32.2,27.9,24.0
2022-09-23,Delhi,58.9,28.5,23.9
2022-09-24,Delhi,48.3,27.5,23.5
2022-09-25,Delhi,0.9,30.7,23.8
2022-09-26,Delhi,0.2,30.7,23.1
2022-09-27,Delhi,0.0,31.4,22.6
2022-09-28,Delhi,0.0,32.0,23.1
2022-09-29,Delhi,0.0,31.7,23.0
2022-09-30,Delhi,0.0,31.9,22.9
2022-10-01,Delhi,0.0,32.6,23.3
2022-10-02,Delhi,0.0,33.1,23.1
2022-10-03,Delhi,0.0,33.2,22.8
2022-10-04,Delhi,0.0,32.6,22.6
2022-10-05,Delhi,0.0,31.5,22.5
2022-10-06,Delhi,0.0,30.7,23.1
2022-10-07,Delhi,1.1,26.3,22.8
2022-10-08,Delhi,37.6,23.8,21.8
2022-10-09,Delhi,35.3,24.8,21.1
2022-10-10,Delhi,0.8,27.2,21.3
2022-10-11,Delhi,3.0,26.9,20.8
2022-10-12,Delhi,0.0,28.4,20.1
2022-10-13,Delhi,0.0,29.3,19.2
2022-10-14,Delhi,0.0,29.6,18.8
2022-10-15,Delhi,0.0,29.8,18.5
2022-10-16,Delhi,0.0,30.0,18.9
2022-10-17,Delhi,0.0,30.3,18.5
2022-10-18,Delhi,0.0,30.5,17.9
2022-10-19,Delhi,0.0,30.2,19.1
2022-10-20,Delhi,0.0,30.3,18.8
2022-10-21,Delhi,0.0,30.0,18.1
2022-10-22,Delhi,0.0,29.3,17.9
2022-10-23,Delhi,0.0,28.9,16.2
2022-10-24,Delhi,0.0,29.8,16.3
2022-10-25,Delhi,0.0,29.7,15.8
2022-10-26,Delhi,0.0,29.7,15.8
2022-10-27,Delhi,0.0,30.1,17.6
2022-10-28,Delhi,0.0,29.9,16.9
2022-10-29,Delhi,0.0,29.4,16.8
2022-10-30,Delhi,0.0,29.9,16.3
2022-10-31,Delhi,0.0,29.5,16.0
2022-11-01,Delhi,0.0,30.5,18.6
2022-11-02,Delhi,0.0,29.3,18.5
2022-11-03,Delhi,0.0,30.6,18.0
2022-11-04,Delhi,0.0,30.4,19.8
2022-11-05,Delhi,0.0,30.0,19.2
2022-11-06,Delhi,0.0,29.3,18.9
2022-11-07,Delhi,0.2,30.7,18.8
2022-11-08,Delhi,7.5,28.6,17.2
2022-11-09,Delhi,0.0,27.1,16.9
2022-11-10,Delhi,0.3,26.0,17.6
2022-11-11,Delhi,0.0,26.3,15.4
2022-11-12,Delhi,0.0,26.4,15.0
2022-11-13,Delhi,0.0,26.6,14.0
2022-11-14,Delhi,0.0,27.7,15.3
2022-11-15,Delhi,0.0,26.5,15.5
2022-11-16,Delhi,0.0,25.2,15.3
2022-11-17,Delhi,0.0,24.4,13.2
2022-11-18,Delhi,0.0,24.4,11.3
2022-11-19,Delhi,0.0,24.3,12.4
2022-11-20,Delhi,0.0,25.4,11.2
2022-11-21,Delhi,0.0,25.8,11.9
2022-11-22,Delhi,0.0,25.3,11.7
2022-11-23,Delhi,0.0,25.2,10.6
2022-11-24,Delhi,0.0,25.3,10.9
2022-11-25,Delhi,0.0,24.8,11.3
2022-11-26,Delhi,0.0,25.1,10.8
2022-11-27,Delhi,0.0,24.8,10.0
2022-11-28,Delhi,0.0,24.0,9.7
2022-11-29,Delhi,0.0,24.0,9.7
2022-11-30,Delhi,0.0,24.0,10.8
2022-12-01,Delhi,0.0,23.8,10.5
2022-12-02,Delhi,0.0,23.4,9.8
2022-12-03,Delhi,0.0,23.6,10.4
2022-12-04,Delhi,0.0,23.7,10.4
2022-12-05,Delhi,0.0,22.3,9.6
2022-12-06,Delhi,0.0,23.0,10.6
2022-12-07,Delhi,0.0,23.2,11.1
2022-12-08,Delhi,0.0,22.8,10.1
2022-12-09,Delhi,0.0,23.4,9.6
2022-12-10,Delhi,0.0,25.2,10.3
2022-12-11,Delhi,0.0,25.3,10.9
2022-12-12,Delhi,0.0,24.8,10.9
2022-12-13,Delhi,0.0,24.4,10.6
2022-12-14,Delhi,0.0,22.1,10.4
2022-12-15,Delhi,0.0,21.7,8.1
2022-12-16,Delhi,0.0,21.2,7.8
2022-12-17,Delhi,0.0,21.7,7.6
2022-12-18,Delhi,0.0,21.3,7.2
2022-12-19,Delhi,0.0,21.3,7.9
2022-12-20,Delhi,0.0,20.7,7.9
2022-12-21,Delhi,0.0,20.3,7.5
2022-12-22,Delhi,0.0,20.4,7.6
2022-12-23,Delhi,0.0,18.6,6.9
2022-12-24,Delhi,0.0,18.9,8.2
2022-12-25,Delhi,0.0,17.2,5.3
2022-12-26,Delhi,0.0,18.4,5.9
2022-12-27,Delhi,0.0,18.7,6.1
2022-12-28,Delhi,0.0,19.4,7.7
2022-12-29,Delhi,0.5,20.0,8.5
2022-12-30,Delhi,0.0,20.4,10.6
2022-12-31,Delhi,0.0,19.0,8.9
2023-01-01,Delhi,0.0,18.2,7.0
2023-01-02,Delhi,0.0,17.7,6.6
2023-01-03,Delhi,0.0,16.5,5.2
2023-01-04,Delhi,0.0,16.6,4.9
2023-01-05,Delhi,0.0,15.6,5.0
2023-01-06,Delhi,0.0,14.1,4.4
2023-01-07,Delhi,0.0,15.1,3.6
2023-01-08,Delhi,0.0,17.0,5.4
2023-01-09,Delhi,0.0,17.0,5.3
2023-01-10,Delhi,0.0,18.2,7.3
2023-01-11,Delhi,0.1,18.8,7.6
2023-01-12,Delhi,0.0,20.4,9.8
2023-01-13,Delhi,3.6,17.7,10.1
2023-01-14,Delhi,0.0,17.1,7.6
2023-01-15,Delhi,0.0,15.3,4.9
2023-01-16,Delhi,0.0,15.4,2.9
2023-01-17,Delhi,0.0,16.2,2.9
2023-01-18,Delhi,0.0,16.5,2.9
2023-01-19,Delhi,0.1,17.8,6.3
2023-01-20,Delhi,0.0,19.6,10.0
2023-01-21,Delhi,0.0,20.0,7.1
2023-01-22,Delhi,0.0,21.4,8.0
2023-01-23,Delhi,0.0,22.7,8.5
2023-01-24,Delhi,5.8,20.5,11.9
2023-01-25,Delhi,0.8,21.0,12.1
2023-01-26,Delhi,0.0,18.8,9.6
2023-01-27,Delhi,0.0,18.5,7.5
2023-01-28,Delhi,0.0,20.3,6.0
2023-01-29,Delhi,1.9,16.0,7.5
2023-01-30,Delhi,16.0,16.4,10.4
2023-01-31,Delhi,0.0,20.6,9.7
2023-02-01,Delhi,0.0,20.2,9.0
2023-02-02,Delhi,0.0,21.8,9.0
2023-02-03,Delhi,0.0,22.4,8.9
2023-02-04,Delhi,0.0,22.9,10.0
2023-02-05,Delhi,0.0,23.4,10.4
2023-02-06,Delhi,0.6,25.3,10.3
2023-02-07,Delhi,0.0,23.4,12.3
2023-02-08,Delhi,0.0,22.8,9.7
2023-02-09,Delhi,0.0,25.8,9.3
2023-02-10,Delhi,0.0,25.7,12.7
2023-02-11,Delhi,0.0,26.1,13.1
2023-02-12,Delhi,0.0,22.4,10.4
2023-02-13,Delhi,0.0,21.4,9.4
2023-02-14,Delhi,0.0,23.8,10.0
2023-02-15,Delhi,0.0,26.3,12.3
2023-02-16,Delhi,0.0,26.4,11.0
2023-02-17,Delhi,0.0,26.9,12.4
2023-02-18,Delhi,0.0,26.4,12.8
2023-02-19,Delhi,0.0,28.3,13.7
2023-02-20,Delhi,0.0,30.9,14.4
2023-02-21,Delhi,0.0,29.6,15.6
2023-02-22,Delhi,0.0,28.4,13.9
2023-02-23,Delhi,0.0,28.2,13.5
2023-02-24,Delhi,0.0,28.2,11.9
2023-02-25,Delhi,0.0,28.2,12.7
2023-02-26,Delhi,0.0,29.6,14.1
2023-02-27,Delhi,0.0,30.5,15.3
2023-02-28,Delhi,0.0,29.4,14.4
2023-03-01,Delhi,0.0,29.8,16.3
2023-03-02,Delhi,0.0,30.2,15.7
2023-03-03,Delhi,0.0,31.2,16.7
2023-03-04,Delhi,0.0,30.3,17.4
2023-03-05,Delhi,0.0,30.2,15.5
2023-03-06,Delhi,0.0,29.1,15.2
2023-03-07,Delhi,0.0,28.8,14.7
2023-03-08,Delhi,0.0,27.9,14.9
2023-03-09,Delhi,0.0,28.7,15.9
2023-03-10,Delhi,0.0,29.7,15.2
2023-03-11,Delhi,0.0,30.1,16.3
2023-03-12,Delhi,0.0,31.8,17.0
2023-03-13,Delhi,0.0,32.5,17.4
2023-03-14,Delhi,0.0,32.0,17.1
2023-03-15,Delhi,0.0,32.3,17.3
2023-03-16,Delhi,0.9,32.6,19.8
2023-03-17,Delhi,0.0,29.4,19.8
2023-03-18,Delhi,12.8,25.7,17.3
2023-03-19,Delhi,0.4,25.1,16.0
2023-03-20,Delhi,21.2,23.0,16.5
2023-03-21,Delhi,3.3,23.0,15.2
2023-03-22,Delhi,0.0,26.1,14.3
2023-03-23,Delhi,0.0,28.1,15.5
2023-03-24,Delhi,12.9,26.9,17.1
2023-03-25,Delhi,2.1,26.6,17.2
2023-03-26,Delhi,0.0,27.8,16.3
2023-03-27,Delhi,0.0,26.9,15.0
2023-03-28,Delhi,0.0,28.6,15.7
2023-03-29,Delhi,0.2,31.2,16.8
2023-03-30,Delhi,12.0,31.0,17.5
2023-03-31,Delhi,6.1,24.0,17.3
2023-04-01,Delhi,3.7,25.3,15.7
2023-04-02,Delhi,0.0,28.5,16.4
2023-04-03,Delhi,0.0,31.1,15.8
2023-04-04,Delhi,0.2,28.5,17.2
2023-04-05,Delhi,0.0,30.5,15.9
2023-04-06,Delhi,0.2,31.9,16.1
2023-04-07,Delhi,0.0,32.0,17.2
2023-04-08,Delhi,0.0,32.8,16.8
2023-04-09,Delhi,0.0,33.5,17.7
2023-04-10,Delhi,0.0,34.2,19.0
2023-04-11,Delhi,0.0,36.6,19.5
2023-04-12,Delhi,0.0,37.2,22.8
2023-04-13,Delhi,0.0,37.9,21.2
2023-04-14,Delhi,0.0,38.0,21.1
2023-04-15,Delhi,0.0,39.2,21.1
2023-04-16,Delhi,0.0,39.0,23.5
2023-04-17,Delhi,0.0,39.3,24.4
2023-04-18,Delhi,0.0,39.2,24.9
2023-04-19,Delhi,0.1,37.4,24.9
2023-04-20,Delhi,0.0,34.3,22.7
2023-04-21,Delhi,0.0,35.0,22.0
2023-04-22,Delhi,0.0,34.9,21.3
2023-04-23,Delhi,0.0,34.0,21.2
2023-04-24,Delhi,0.0,32.3,20.3
2023-04-25,Delhi,0.0,33.2,20.4
2023-04-26,Delhi,0.0,35.3,21.3
2023-04-27,Delhi,1.4,35.6,23.0
2023-04-28,Delhi,0.0,33.5,22.4
2023-04-29,Delhi,0.2,32.5,22.1
2023-04-30,Delhi,3.3,29.9,21.4
2023-05-01,Delhi,3.7,26.9,19.9
2023-05-02,Delhi,4.5,26.8,19.6
2023-05-03,Delhi,2.4,27.7,20.1
2023-05-04,Delhi,0.0,29.2,19.1
2023-05-05,Delhi,3.0,30.6,21.0
2023-05-06,Delhi,0.5,34.5,20.0
2023-05-07,Delhi,0.0,35.8,20.1
2023-05-08,Delhi,0.0,36.2,21.6
2023-05-09,Delhi,0.0,37.1,21.0
2023-05-10,Delhi,0.0,36.7,21.6
2023-05-11,Delhi,0.0,38.4,22.0
2023-05-12,Delhi,0.0,41.5,23.0
2023-05-13,Delhi,0.0,41.3,24.6
2023-05-14,Delhi,0.0,40.4,26.1
2023-05-15,Delhi,0.0,40.6,24.4
2023-05-16,Delhi,0.0,39.2,26.3
2023-05-17,Delhi,0.0,41.1,25.2
2023-05-18,Delhi,0.0,38.0,23.9
2023-05-19,Delhi,0.0,38.3,26.2
2023-05-20,Delhi,0.0,40.6,24.6
2023-05-21,Delhi,0.0,43.3,25.3
2023-05-22,Delhi,0.0,42.9,29.3
2023-05-23,Delhi,3.3,43.5,29.8
2023-05-24,Delhi,0.1,38.3,26.2
2023-05-25,Delhi,0.8,33.7,24.0
2023-05-26,Delhi,0.0,33.5,22.6
2023-05-27,Delhi,12.3,33.4,21.5
2023-05-28,Delhi,0.3,33.3,23.8
2023-05-29,Delhi,1.3,33.1,22.7
2023-05-30,Delhi,0.3,33.7,22.7
2023-05-31,Delhi,3.0,29.5,21.7
2023-06-01,Delhi,0.0,32.7,20.0
2023-06-02,Delhi,1.3,32.4,22.2
2023-06-03,Delhi,0.0,34.7,22.2
2023-06-04,Delhi,0.0,36.0,23.4
2023-06-05,Delhi,0.9,37.4,25.2
2023-06-06,Delhi,0.0,38.5,24.6
2023-06-07,Delhi,0.0,38.2,25.0
2023-06-08,Delhi,0.0,39.4,26.2
2023-06-09,Delhi,0.0,41.5,25.8
2023-06-10,Delhi,0.1,41.4,28.2
2023-06-11,Delhi,0.0,39.3,27.9
2023-06-12,Delhi,0.0,41.1,28.9
2023-06-13,Delhi,0.0,42.3,30.1
2023-06-14,Delhi,0.0,41.4,30.8
2023-06-15,Delhi,0.2,37.4,30.4
2023-06-16,Delhi,1.2,38.1,26.3
2023-06-17,Delhi,0.3,39.2,28.5
2023-06-18,Delhi,0.6,38.9,28.5
2023-06-19,Delhi,7.1,31.9,28.2
2023-06-20,Delhi,0.2,37.3,27.7
2023-06-21,Delhi,20.5,36.0,26.4
2023-06-22,Delhi,0.6,36.2,28.2
2023-06-23,Delhi,1.8,35.9,26.9
2023-06-24,Delhi,11.0,34.3,27.6
2023-06-25,Delhi,22.1,32.1,26.0
2023-06-26,Delhi,6.4,32.8,24.9
2023-06-27,Delhi,9.1,33.7,25.5
2023-06-28,Delhi,16.3,33.6,26.2
2023-06-29,Delhi,16.5,31.9,26.1
2023-06-30,Delhi,7.1,33.7,25.3
2023-07-01,Delhi,1.0,33.1,23.4
2023-07-02,Delhi,1.6,35.0,25.9
2023-07-03,Delhi,3.8,36.4,27.3
2023-07-04,Delhi,0.3,36.5,26.5
2023-07-05,Delhi,10.6,33.1,24.6
2023-07-06,Delhi,1.4,33.0,25.9
2023-07-07,Delhi,4.8,32.7,25.4
2023-07-08,Delhi,39.2,29.3,25.9
2023-07-09,Delhi,24.1,30.8,25.4
2023-07-10,Delhi,24.0,31.0,25.9
2023-07-11,Delhi,10.7,33.5,24.8
2023-07-12,Delhi,8.8,33.0,25.9
2023-07-13,Delhi,4.5,33.5,25.5
2023-07-14,Delhi,12.0,33.6,25.8
2023-07-15,Delhi,14.6,33.3,26.3
2023-07-16,Delhi,16.5,33.1,25.4
2023-07-17,Delhi,8.2,33.3,26.5
2023-07-18,Delhi,12.8,31.3,25.7
2023-07-19,Delhi,14.4,33.0,26.5
2023-07-20,Delhi,38.8,35.1,27.3
2023-07-21,Delhi,1.8,35.4,27.5
2023-07-22,Delhi,10.2,34.2,26.9
2023-07-23,Delhi,0.2,34.2,28.1
2023-07-24,Delhi,5.0,34.0,27.4
2023-07-25,Delhi,11.8,34.4,26.0
2023-07-26,Delhi,21.0,29.7,25.7
2023-07-27,Delhi,10.3,31.9,26.5
2023-07-28,Delhi,15.0,32.6,26.4
2023-07-29,Delhi,5.2,31.8,25.2
2023-07-30,Delhi,2.9,33.4,24.9
2023-07-31,Delhi,3.7,33.8,25.7
2023-08-01,Delhi,0.2,34.8,26.9
2023-08-02,Delhi,1.0,34.8,27.5
2023-08-03,Delhi,7.1,33.9,26.5
2023-08-04,Delhi,15.6,31.9,26.0
2023-08-05,Delhi,6.4,33.5,26.7
2023-08-06,Delhi,7.4,34.8,27.0
2023-08-07,Delhi,0.5,34.0,26.9
2023-08-08,Delhi,0.1,34.0,26.5
2023-08-09,Delhi,0.0,34.6,26.9
2023-08-10,Delhi,0.8,34.3,26.9
2023-08-11,Delhi,0.3,34.6,27.2
2023-08-12,Delhi,0.0,35.8,27.9
2023-08-13,Delhi,1.3,35.7,27.5
2023-08-14,Delhi,0.0,33.6,26.6
2023-08-15,Delhi,0.0,34.6,26.0
2023-08-16,Delhi,0.0,36.2,26.2
2023-08-17,Delhi,0.0,36.7,27.5
2023-08-18,Delhi,0.2,36.5,27.9
2023-08-19,Delhi,4.0,34.7,26.8
2023-08-20,Delhi,0.3,36.7,28.1
2023-08-21,Delhi,0.9,36.6,28.4
2023-08-22,Delhi,5.2,36.1,28.1
2023-08-23,Delhi,17.1,29.8,25.6
2023-08-24,Delhi,0.4,33.6,25.0
2023-08-25,Delhi,0.0,34.5,25.7
2023-08-26,Delhi,0.0,34.8,26.9
2023-08-27,Delhi,0.4,35.8,27.0
2023-08-28,Delhi,0.6,34.4,26.8
2023-08-29,Delhi,0.0,36.2,25.8
2023-08-30,Delhi,0.0,37.2,26.5
2023-08-31,Delhi,0.0,37.1,25.9
2023-09-01,Delhi,0.0,38.5,27.1
2023-09-02,Delhi,0.0,38.0,27.3
2023-09-03,Delhi,0.0,37.5,26.4
2023-09-04,Delhi,0.0,37.8,25.6
2023-09-05,Delhi,6.5,36.1,26.9
2023-09-06,Delhi,4.1,36.1,25.4
2023-09-07,Delhi,0.2,38.8,27.8
2023-09-08,Delhi,1.3,36.4,25.9
2023-09-09,Delhi,3.9,32.7,26.0
2023-09-10,Delhi,32.8,30.0,24.7
2023-09-11,Delhi,0.8,32.4,24.3
2023-09-12,Delhi,0.0,33.7,24.9
2023-09-13,Delhi,5.7,33.9,26.6
2023-09-14,Delhi,15.7,34.2,26.6
2023-09-15,Delhi,17.0,32.0,25.9
2023-09-16,Delhi,9.4,31.7,26.4
2023-09-17,Delhi,8.1,30.9,25.4
2023-09-18,Delhi,1.2,31.6,25.0
2023-09-19,Delhi,0.2,33.1,25.0
2023-09-20,Delhi,0.1,32.8,25.7
2023-09-21,Delhi,5.1,33.0,26.0
2023-09-22,Delhi,0.2,33.0,25.4
2023-09-23,Delhi,2.3,32.1,25.8
2023-09-24,Delhi,1.0,32.6,24.3
2023-09-25,Delhi,0.0,32.6,24.8
2023-09-26,Delhi,0.0,32.9,25.2
2023-09-27,Delhi,0.0,33.1,23.4
2023-09-28,Delhi,0.0,32.9,20.6
2023-09-29,Delhi,0.0,33.1,20.5
2023-09-30,Delhi,0.0,34.6,22.4
2023-10-01,Delhi,0.0,34.5,21.3
2023-10-02,Delhi,0.0,33.6,19.7
2023-10-03,Delhi,0.0,33.9,19.1
2023-10-04,Delhi,0.0,33.7,18.8
2023-10-05,Delhi,0.0,34.0,19.8
2023-10-06,Delhi,0.0,35.0,18.7
2023-10-07,Delhi,0.0,35.0,21.3
2023-10-08,Delhi,0.0,35.4,23.9
2023-10-09,Delhi,0.0,35.6,24.3
2023-10-10,Delhi,0.0,34.1,23.3
2023-10-11,Delhi,0.0,33.5,21.2
2023-10-12,Delhi,0.0,33.1,18.1
2023-10-13,Delhi,0.0,34.5,20.3
2023-10-14,Delhi,0.0,35.1,22.2
2023-10-15,Delhi,0.1,33.4,21.8
2023-10-16,Delhi,2.3,28.7,20.3
2023-10-17,Delhi,2.3,28.3,19.0
2023-10-18,Delhi,0.0,29.1,17.3
2023-10-19,Delhi,0.0,28.7,16.9
2023-10-20,Delhi,0.0,29.2,16.5
2023-10-21,Delhi,0.0,29.7,16.9
2023-10-22,Delhi,0.0,30.2,17.3
2023-10-23,Delhi,0.0,29.9,18.0
2023-10-24,Delhi,0.0,30.6,17.6
2023-10-25,Delhi,0.0,30.7,17.1
2023-10-26,Delhi,0.0,30.7,16.7
2023-10-27,Delhi,0.0,30.6,15.7
2023-10-28,Delhi,0.0,29.9,18.3
2023-10-29,Delhi,0.0,31.2,17.3
2023-10-30,Delhi,0.0,31.5,18.4
2023-10-31,Delhi,0.0,30.8,18.8
2023-11-01,Delhi,0.0,30.3,19.0
2023-11-02,Delhi,0.0,30.4,18.5
2023-11-03,Delhi,0.3,28.5,17.5
2023-11-04,Delhi,0.0,29.5,15.6
2023-11-05,Delhi,0.0,29.5,16.5
2023-11-06,Delhi,0.0,29.2,15.1
2023-11-07,Delhi,0.0,29.7,15.7
2023-11-08,Delhi,0.0,29.5,16.4
2023-11-09,Delhi,0.0,29.2,16.3
2023-11-10,Delhi,6.3,25.9,16.7
2023-11-11,Delhi,0.0,24.9,15.0
2023-11-12,Delhi,0.0,25.0,13.8
2023-11-13,Delhi,0.0,25.2,13.0
2023-11-14,Delhi,0.0,25.0,14.2
2023-11-15,Delhi,0.0,25.5,12.7
2023-11-16,Delhi,0.0,25.8,13.0
2023-11-17,Delhi,0.0,26.6,14.7
2023-11-18,Delhi,0.0,25.9,14.6
2023-11-19,Delhi,0.0,25.4,14.1
2023-11-20,Delhi,0.0,25.2,13.6
2023-11-21,Delhi,0.0,25.1,13.2
2023-11-22,Delhi,0.0,24.9,12.8
2023-11-23,Delhi,0.0,24.3,11.1
2023-11-24,Delhi,0.0,24.8,12.9
2023-11-25,Delhi,0.0,24.8,11.7
2023-11-26,Delhi,0.0,25.1,13.6
2023-11-27,Delhi,3.0,24.0,15.4
2023-11-28,Delhi,2.1,20.7,14.6
2023-11-29,Delhi,0.4,24.4,13.9
2023-11-30,Delhi,2.3,21.0,14.3
2023-12-01,Delhi,2.1,23.9,14.3
2023-12-02,Delhi,0.0,24.1,13.7
2023-12-03,Delhi,1.4,24.1,12.1
2023-12-04,Delhi,0.1,22.7,13.9
2023-12-05,Delhi,0.0,23.0,12.0
2023-12-06,Delhi,0.0,23.4,11.4
2023-12-07,Delhi,0.0,23.9,11.2
2023-12-08,Delhi,0.0,23.6,10.9
2023-12-09,Delhi,0.0,23.2,9.9
2023-12-10,Delhi,0.0,22.4,10.6
2023-12-11,Delhi,0.0,21.7,8.6
2023-12-12,Delhi,0.0,22.4,8.8
2023-12-13,Delhi,0.0,22.5,9.2
2023-12-14,Delhi,0.0,21.9,9.3
2023-12-15,Delhi,0.0,21.5,6.8
2023-12-16,Delhi,0.0,22.1,7.8
2023-12-17,Delhi,0.0,22.3,8.5
2023-12-18,Delhi,0.0,21.4,8.6
2023-12-19,Delhi,0.0,21.5,8.1
2023-12-20,Delhi,0.0,20.4,7.1
2023-12-21,Delhi,0.0,21.4,7.6
2023-12-22,Delhi,0.0,21.0,6.8
2023-12-23,Delhi,0.6,21.8,10.1
2023-12-24,Delhi,0.0,22.6,9.9
2023-12-25,Delhi,0.0,22.7,10.3
2023-12-26,Delhi,0.0,22.1,9.2
2023-12-27,Delhi,0.0,21.4,7.9
2023-12-28,Delhi,0.0,20.7,9.1
2023-12-29,Delhi,0.0,19.4,8.1
2023-12-30,Delhi,0.0,18.3,8.6
2023-12-31,Delhi,0.0,18.1,8.0
2024-01-01,Delhi,0.0,16.1,6.1
2024-01-02,Delhi,0.0,14.6,4.6
2024-01-03,Delhi,0.0,15.3,4.7
2024-01-04,Delhi,0.0,17.3,5.1
2024-01-05,Delhi,0.1,17.1,8.5
2024-01-06,Delhi,0.0,17.3,6.6
2024-01-07,Delhi,0.0,17.4,7.0
2024-01-08,Delhi,0.0,18.3,6.5
2024-01-09,Delhi,0.0,18.1,6.3
2024-01-10,Delhi,0.0,16.0,4.4
2024-01-11,Delhi,0.0,15.2,4.9
2024-01-12,Delhi,0.0,17.4,4.7
2024-01-13,Delhi,0.0,17.5,5.4
2024-01-14,Delhi,0.0,17.5,4.1
2024-01-15,Delhi,0.0,15.7,4.5
2024-01-16,Delhi,0.0,16.7,3.2
2024-01-17,Delhi,0.0,17.8,4.1
2024-01-18,Delhi,0.0,17.4,5.2
2024-01-19,Delhi,0.0,16.1,6.2
2024-01-20,Delhi,0.0,15.6,5.4
2024-01-21,Delhi,0.0,16.0,5.0
2024-01-22,Delhi,0.0,16.1,4.8
2024-01-23,Delhi,0.0,17.3,4.8
2024-01-24,Delhi,0.0,18.1,6.9
2024-01-25,Delhi,0.0,17.0,5.6
2024-01-26,Delhi,0.0,18.2,5.9
2024-01-27,Delhi,0.0,20.4,6.7
2024-01-28,Delhi,0.0,20.1,7.2
2024-01-29,Delhi,0.0,21.1,8.5
2024-01-30,Delhi,0.0,20.3,9.6
2024-01-31,Delhi,3.6,19.9,10.2
2024-02-01,Delhi,3.4,20.8,11.7
2024-02-02,Delhi,0.0,19.1,8.5
2024-02-03,Delhi,0.0,20.2,7.6
2024-02-04,Delhi,1.5,21.2,12.4
2024-02-05,Delhi,1.0,19.8,10.2
2024-02-06,Delhi,0.0,18.6,7.3
2024-02-07,Delhi,0.0,18.2,7.0
2024-02-08,Delhi,0.0,19.0,7.9
2024-02-09,Delhi,0.0,20.3,7.7
2024-02-10,Delhi,0.0,19.6,6.8
2024-02-11,Delhi,0.0,21.5,8.1
2024-02-12,Delhi,0.0,21.5,7.8
2024-02-13,Delhi,0.0,21.0,9.4
2024-02-14,Delhi,0.0,22.5,9.7
2024-02-15,Delhi,0.0,23.6,9.2
2024-02-16,Delhi,0.0,24.3,8.2
2024-02-17,Delhi,0.0,24.4,8.8
2024-02-18,Delhi,0.0,27.5,9.4
2024-02-19,Delhi,1.0,27.2,14.7
2024-02-20,Delhi,0.5,27.4,15.0
2024-02-21,Delhi,0.0,25.9,11.9
2024-02-22,Delhi,0.1,23.9,10.8
2024-02-23,Delhi,0.0,22.8,8.9
2024-02-24,Delhi,0.0,22.9,9.8
2024-02-25,Delhi,0.0,24.6,10.4
2024-02-26,Delhi,0.0,24.3,11.1
2024-02-27,Delhi,0.1,23.8,13.7
2024-02-28,Delhi,0.0,24.0,11.0
2024-02-29,Delhi,0.0,26.1,11.6
2024-03-01,Delhi,0.9,26.6,12.8
2024-03-02,Delhi,9.7,24.8,17.7
2024-03-03,Delhi,7.7,22.1,13.0
2024-03-04,Delhi,0.0,21.2,11.2
2024-03-05,Delhi,0.0,20.6,8.5
2024-03-06,Delhi,0.0,21.2,8.6
2024-03-07,Delhi,0.0,23.8,9.9
2024-03-08,Delhi,0.0,25.1,10.6
2024-03-09,Delhi,0.0,25.1,11.2
2024-03-10,Delhi,0.0,26.2,11.2
2024-03-11,Delhi,0.0,29.2,15.3
2024-03-12,Delhi,0.0,29.3,14.1
2024-03-13,Delhi,0.1,29.0,13.5
2024-03-14,Delhi,0.0,28.8,14.1
2024-03-15,Delhi,0.0,27.4,13.9
2024-03-16,Delhi,0.0,27.5,12.2
2024-03-17,Delhi,0.0,28.6,11.8
2024-03-18,Delhi,0.0,28.3,13.0
2024-03-19,Delhi,0.0,29.5,13.0
2024-03-20,Delhi,0.0,31.9,14.2
2024-03-21,Delhi,0.0,29.4,17.2
2024-03-22,Delhi,0.0,32.4,18.0
2024-03-23,Delhi,0.0,33.8,18.5
2024-03-24,Delhi,0.0,30.9,18.6
2024-03-25,Delhi,0.0,32.8,16.8
2024-03-26,Delhi,0.0,33.4,18.2
2024-03-27,Delhi,0.0,35.7,20.9
2024-03-28,Delhi,0.0,36.5,21.7
2024-03-29,Delhi,0.4,35.5,21.0
2024-03-30,Delhi,0.1,34.7,22.9
2024-03-31,Delhi,0.0,34.4,19.5
2024-04-01,Delhi,0.0,31.6,18.4
2024-04-02,Delhi,0.0,32.8,16.6
2024-04-03,Delhi,0.0,35.2,20.5
2024-04-04,Delhi,0.0,36.1,21.1
2024-04-05,Delhi,0.0,35.8,20.4
2024-04-06,Delhi,0.0,34.9,19.5
2024-04-07,Delhi,0.0,35.1,17.4
2024-04-08,Delhi,0.0,36.5,18.2
2024-04-09,Delhi,0.0,37.5,18.3
2024-04-10,Delhi,0.0,37.4,20.4
2024-04-11,Delhi,0.0,38.1,20.8
2024-04-12,Delhi,0.0,38.3,22.3
2024-04-13,Delhi,3.3,38.6,24.5
2024-04-14,Delhi,0.1,33.4,22.5
2024-04-15,Delhi,0.1,36.5,21.8
2024-04-16,Delhi,0.0,35.7,23.3
2024-04-17,Delhi,0.0,35.5,21.9
2024-04-18,Delhi,0.0,37.9,23.2
2024-04-19,Delhi,0.0,37.7,24.5
2024-04-20,Delhi,0.0,36.1,21.7
2024-04-21,Delhi,0.0,36.5,23.3
2024-04-22,Delhi,0.3,37.2,24.2
2024-04-23,Delhi,0.0,37.6,22.4
2024-04-24,Delhi,0.0,37.2,20.9
2024-04-25,Delhi,0.0,38.1,21.1
2024-04-26,Delhi,0.0,39.5,22.6
2024-04-27,Delhi,0.0,38.2,25.4
2024-04-28,Delhi,0.0,37.4,23.5
2024-04-29,Delhi,0.0,38.0,23.4
2024-04-30,Delhi,0.0,36.3,22.9
2024-05-01,Delhi,0.0,32.5,20.4
2024-05-02,Delhi,0.0,35.2,19.1
2024-05-03,Delhi,0.0,38.1,20.2
2024-05-04,Delhi,0.0,40.6,26.4
2024-05-05,Delhi,0.0,41.0,24.6
2024-05-06,Delhi,0.0,40.6,25.5
2024-05-07,Delhi,0.0,41.3,26.9
2024-05-08,Delhi,0.0,39.5,26.6
2024-05-09,Delhi,0.0,39.3,26.3
2024-05-10,Delhi,0.2,38.8,25.9
2024-05-11,Delhi,0.4,38.4,26.0
2024-05-12,Delhi,0.0,37.7,26.6
2024-05-13,Delhi,0.0,40.6,26.4
2024-05-14,Delhi,0.0,40.8,23.8
2024-05-15,Delhi,0.0,42.4,24.0
2024-05-16,Delhi,0.0,42.5,25.8
2024-05-17,Delhi,0.0,44.2,26.4
2024-05-18,Delhi,0.0,44.5,27.3
2024-05-19,Delhi,0.0,45.3,28.0
2024-05-20,Delhi,0.0,44.1,29.1
2024-05-21,Delhi,0.0,43.0,28.5
2024-05-22,Delhi,0.0,42.2,29.7
2024-05-23,Delhi,0.0,41.6,30.7
2024-05-24,Delhi,0.0,40.7,30.6
2024-05-25,Delhi,0.0,44.8,30.3
2024-05-26,Delhi,0.0,46.2,28.4
2024-05-27,Delhi,0.0,46.1,29.9
2024-05-28,Delhi,0.0,46.3,28.3
2024-05-29,Delhi,0.0,45.9,31.0
2024-05-30,Delhi,0.0,46.5,32.6
2024-05-31,Delhi,0.0,46.0,29.9
2024-06-01,Delhi,0.0,44.7,30.2
2024-06-02,Delhi,0.0,42.0,31.3
2024-06-03,Delhi,0.0,44.6,29.4
2024-06-04,Delhi,0.0,43.8,30.6
2024-06-05,Delhi,0.0,42.1,30.6
2024-06-06,Delhi,0.0,41.2,27.7
2024-06-07,Delhi,0.1,42.6,28.6
2024-06-08,Delhi,0.0,40.2,27.9
2024-06-09,Delhi,0.0,42.4,27.8
2024-06-10,Delhi,0.0,43.3,28.0
2024-06-11,Delhi,0.0,43.5,28.5
2024-06-12,Delhi,0.0,44.6,28.1
2024-06-13,Delhi,0.0,45.2,29.7
2024-06-14,Delhi,0.0,43.7,33.0
2024-06-15,Delhi,0.0,43.8,32.3
2024-06-16,Delhi,0.0,44.5,32.7
2024-06-17,Delhi,0.0,44.6,34.0
2024-06-18,Delhi,0.0,44.4,34.3
2024-06-19,Delhi,0.1,41.2,34.5
2024-06-20,Delhi,3.7,38.6,25.3
2024-06-21,Delhi,4.5,37.5,25.1
2024-06-22,Delhi,0.0,37.7,29.2
2024-06-23,Delhi,0.0,39.2,29.6
2024-06-24,Delhi,0.1,39.2,30.8
2024-06-25,Delhi,0.9,37.0,29.8
2024-06-26,Delhi,9.5,33.9,27.4
2024-06-27,Delhi,5.1,30.1,26.1
2024-06-28,Delhi,8.8,31.1,26.1
2024-06-29,Delhi,12.0,32.8,26.6
2024-06-30,Delhi,9.8,34.7,26.4
2024-07-01,Delhi,8.0,34.6,26.1
2024-07-02,Delhi,19.8,33.4,26.3
2024-07-03,Delhi,2.7,33.5,26.3
2024-07-04,Delhi,8.6,31.9,25.5
2024-07-05,Delhi,1.0,30.0,26.2
2024-07-06,Delhi,0.9,32.8,26.0
2024-07-07,Delhi,0.1,33.2,25.6
2024-07-08,Delhi,0.2,32.9,25.3
2024-07-09,Delhi,10.7,32.7,26.1
2024-07-10,Delhi,7.7,33.9,26.9
2024-07-11,Delhi,0.7,36.4,27.2
2024-07-12,Delhi,11.5,36.1,26.6
2024-07-13,Delhi,3.1,34.0,25.5
2024-07-14,Delhi,0.2,34.8,27.2
2024-07-15,Delhi,3.6,33.0,24.8
2024-07-16,Delhi,23.4,34.1,25.9
2024-07-17,Delhi,0.0,34.5,28.0
2024-07-18,Delhi,3.8,34.5,27.5
2024-07-19,Delhi,0.7,34.6,27.4
2024-07-20,Delhi,0.1,35.1,27.1
2024-07-21,Delhi,3.7,35.0,27.4
2024-07-22,Delhi,4.7,34.7,27.8
2024-07-23,Delhi,2.8,34.9,27.6
2024-07-24,Delhi,8.1,33.6,26.7
2024-07-25,Delhi,0.2,34.8,27.4
2024-07-26,Delhi,7.2,33.1,27.9
2024-07-27,Delhi,0.9,34.5,28.3
2024-07-28,Delhi,2.5,35.5,29.0
2024-07-29,Delhi,0.2,36.3,28.5
2024-07-30,Delhi,0.1,37.4,29.3
2024-07-31,Delhi,59.3,37.5,27.2
2024-08-01,Delhi,39.1,31.6,25.8
2024-08-02,Delhi,6.2,32.3,25.9
2024-08-03,Delhi,1.5,32.2,26.3
2024-08-04,Delhi,0.2,33.7,26.8
2024-08-05,Delhi,0.9,32.7,26.7
2024-08-06,Delhi,0.2,31.9,26.5
2024-08-07,Delhi,8.9,30.1,26.2
2024-08-08,Delhi,6.2,31.6,25.9
2024-08-09,Delhi,38.0,31.9,25.7
2024-08-10,Delhi,18.4,31.4,25.3
2024-08-11,Delhi,17.5,31.7,25.5
2024-08-12,Delhi,12.0,29.6,25.9
2024-08-13,Delhi,7.4,30.5,25.6
2024-08-14,Delhi,9.7,30.4,26.0
2024-08-15,Delhi,7.3,32.5,26.3
2024-08-16,Delhi,7.2,32.2,25.7
2024-08-17,Delhi,1.0,31.9,25.9
2024-08-18,Delhi,2.5,32.9,26.3
2024-08-19,Delhi,0.8,33.1,26.5
2024-08-20,Delhi,21.5,31.8,26.2
2024-08-21,Delhi,4.2,32.4,25.5
2024-08-22,Delhi,7.4,32.9,24.7
2024-08-23,Delhi,0.8,31.3,24.7
2024-08-24,Delhi,7.6,31.9,25.8
2024-08-25,Delhi,16.3,33.1,25.2
2024-08-26,Delhi,4.2,32.4,26.3
2024-08-27,Delhi,12.7,31.5,24.7
2024-08-28,Delhi,7.5,30.7,24.5
2024-08-29,Delhi,34.7,31.2,24.6
2024-08-30,Delhi,5.2,31.4,25.2
2024-08-31,Delhi,0.0,33.5,26.0
2024-09-01,Delhi,0.2,33.8,25.9
2024-09-02,Delhi,7.6,31.4,25.1
2024-09-03,Delhi,20.6,31.7,25.4
2024-09-04,Delhi,0.3,30.7,24.6
2024-09-05,Delhi,3.4,31.6,24.9
2024-09-06,Delhi,10.4,30.8,24.5
2024-09-07,Delhi,18.5,30.6,24.4
2024-09-08,Delhi,4.9,31.3,24.9
2024-09-09,Delhi,6.8,32.9,25.8
2024-09-10,Delhi,15.6,30.5,24.8
2024-09-11,Delhi,26.2,31.6,25.4
2024-09-12,Delhi,94.4,27.7,24.1
2024-09-13,Delhi,46.4,31.5,23.5
2024-09-14,Delhi,3.4,29.6,23.1
2024-09-15,Delhi,0.2,31.4,22.9
2024-09-16,Delhi,0.0,32.4,23.7
2024-09-17,Delhi,0.0,31.6,23.5
2024-09-18,Delhi,27.8,28.5,23.0
2024-09-19,Delhi,2.8,30.0,23.0
2024-09-20,Delhi,0.1,31.6,24.4
2024-09-21,Delhi,0.4,31.7,25.1
2024-09-22,Delhi,0.0,33.4,26.1
2024-09-23,Delhi,0.0,33.6,25.1
2024-09-24,Delhi,0.0,33.7,25.3
2024-09-25,Delhi,0.5,33.2,26.3
2024-09-26,Delhi,0.5,31.3,25.3
2024-09-27,Delhi,0.4,31.0,25.1
2024-09-28,Delhi,0.0,30.7,23.2
2024-09-29,Delhi,0.2,31.0,23.0
2024-09-30,Delhi,0.0,32.9,23.5
2024-10-01,Delhi,0.0,33.6,23.8
2024-10-02,Delhi,0.0,35.1,24.5
2024-10-03,Delhi,0.0,34.2,24.3
2024-10-04,Delhi,0.0,33.9,23.9
2024-10-05,Delhi,0.0,34.1,24.1
2024-10-06,Delhi,0.6,34.2,23.6
2024-10-07,Delhi,0.0,32.8,22.1
2024-10-08,Delhi,0.0,33.1,22.2
2024-10-09,Delhi,0.0,33.0,21.0
2024-10-10,Delhi,0.0,33.1,22.4
2024-10-11,Delhi,0.0,32.4,19.2
2024-10-12,Delhi,0.0,32.7,19.3
2024-10-13,Delhi,0.0,32.8,19.8
2024-10-14,Delhi,0.0,32.3,20.8
2024-10-15,Delhi,0.0,32.6,19.1
2024-10-16,Delhi,0.0,32.9,18.8
2024-10-17,Delhi,0.0,33.6,20.8
2024-10-18,Delhi,0.0,34.0,20.9
2024-10-19,Delhi,0.0,34.1,21.8
2024-10-20,Delhi,0.0,33.6,21.3
2024-10-21,Delhi,0.0,32.4,21.1
2024-10-22,Delhi,0.0,31.5,20.7
2024-10-23,Delhi,0.0,32.7,20.4
2024-10-24,Delhi,0.0,32.9,20.1
2024-10-25,Delhi,0.0,32.4,18.8
2024-10-26,Delhi,0.0,31.8,19.0
2024-10-27,Delhi,0.0,31.8,20.2
2024-10-28,Delhi,0.0,32.1,21.2
2024-10-29,Delhi,0.0,33.7,21.2
2024-10-30,Delhi,0.0,34.4,22.0
2024-10-31,Delhi,0.0,33.1,20.9
2024-11-01,Delhi,0.0,32.4,19.2
2024-11-02,Delhi,0.0,32.0,17.3
2024-11-03,Delhi,0.0,31.4,18.2
2024-11-04,Delhi,0.0,30.6,17.2
2024-11-05,Delhi,0.0,29.6,18.6
2024-11-06,Delhi,0.0,30.2,18.4
2024-11-07,Delhi,0.0,30.0,19.6
2024-11-08,Delhi,0.0,30.6,19.2
2024-11-09,Delhi,0.0,31.1,19.8
2024-11-10,Delhi,0.0,30.4,19.5
2024-11-11,Delhi,0.0,29.8,19.3
2024-11-12,Delhi,0.0,31.4,19.7
2024-11-13,Delhi,0.0,29.9,18.7
2024-11-14,Delhi,0.0,29.8,17.1
2024-11-15,Delhi,0.0,29.0,17.7
2024-11-16,Delhi,0.0,28.6,17.7
2024-11-17,Delhi,0.0,28.2,16.9
2024-11-18,Delhi,0.0,26.3,15.8
2024-11-19,Delhi,0.0,25.9,13.9
2024-11-20,Delhi,0.0,25.9,13.4
2024-11-21,Delhi,0.0,25.7,13.2
2024-11-22,Delhi,0.0,26.0,13.6
2024-11-23,Delhi,0.0,27.3,13.9
2024-11-24,Delhi,0.0,27.5,15.5
2024-11-25,Delhi,0.0,25.7,15.1
2024-11-26,Delhi,0.0,25.5,13.9
2024-11-27,Delhi,0.0,25.7,13.6
2024-11-28,Delhi,0.0,25.1,12.3
2024-11-29,Delhi,0.0,24.2,11.5
2024-11-30,Delhi,0.0,24.6,11.9
2024-12-01,Delhi,0.0,24.6,13.6
2024-12-02,Delhi,0.0,25.5,13.3
2024-12-03,Delhi,0.0,26.2,13.5
2024-12-04,Delhi,0.0,25.5,15.0
2024-12-05,Delhi,0.0,23.5,12.0
2024-12-06,Delhi,0.0,23.4,11.4
2024-12-07,Delhi,0.0,22.8,10.0
2024-12-08,Delhi,0.6,22.5,11.3
2024-12-09,Delhi,0.0,20.0,10.5
2024-12-10,Delhi,0.0,20.1,9.5
2024-12-11,Delhi,0.0,20.2,8.2
2024-12-12,Delhi,0.0,20.4,7.7
2024-12-13,Delhi,0.0,20.4,8.8
2024-12-14,Delhi,0.0,20.6,8.3
2024-12-15,Delhi,0.0,20.3,7.1
2024-12-16,Delhi,0.0,20.5,6.7
2024-12-17,Delhi,0.0,20.1,7.0
2024-12-18,Delhi,0.0,20.8,7.0
2024-12-19,Delhi,0.0,21.2,7.6
2024-12-20,Delhi,0.0,22.6,9.5
2024-12-21,Delhi,0.0,21.8,8.9
2024-12-22,Delhi,0.0,22.2,9.1
2024-12-23,Delhi,0.8,18.4,12.1
2024-12-24,Delhi,10.0,18.6,11.1
2024-12-25,Delhi,0.0,20.4,9.9
2024-12-26,Delhi,0.0,22.3,9.3
2024-12-27,Delhi,29.3,16.1,13.7
2024-12-28,Delhi,0.6,18.2,12.7
2024-12-29,Delhi,0.0,18.4,10.6
2024-12-30,Delhi,0.0,18.6,9.4
2024-12-31,Delhi,0.0,16.2,6.8
2025-01-01,Delhi,0.0,17.1,7.3
2025-01-02,Delhi,0.0,18.6,8.4
2025-01-03,Delhi,0.0,19.6,8.0
2025-01-04,Delhi,0.0,20.6,7.5
2025-01-05,Delhi,0.0,18.3,8.6
2025-01-06,Delhi,1.8,18.2,8.9
2025-01-07,Delhi,0.0,17.9,10.2
2025-01-08,Delhi,0.0,18.4,8.6
2025-01-09,Delhi,0.0,18.6,5.8
2025-01-10,Delhi,0.0,17.8,7.8
2025-01-11,Delhi,2.6,16.6,8.5
2025-01-12,Delhi,0.8,18.2,10.3
2025-01-13,Delhi,0.0,19.3,8.8
2025-01-14,Delhi,0.0,18.6,8.7
2025-01-15,Delhi,2.3,18.4,8.2
2025-01-16,Delhi,1.4,18.5,11.0
2025-01-17,Delhi,0.0,19.0,9.5
2025-01-18,Delhi,0.0,17.9,7.6
2025-01-19,Delhi,0.0,21.2,8.5
2025-01-20,Delhi,0.0,22.1,11.6
2025-01-21,Delhi,0.0,21.8,11.1
2025-01-22,Delhi,0.0,22.8,10.3
2025-01-23,Delhi,0.2,22.2,12.2
2025-01-24,Delhi,0.0,21.4,10.2
2025-01-25,Delhi,0.0,21.1,9.2
2025-01-26,Delhi,0.0,21.6,8.4
2025-01-27,Delhi,0.0,21.4,7.8
2025-01-28,Delhi,0.0,22.4,8.2
2025-01-29,Delhi,0.0,24.4,10.3
2025-01-30,Delhi,0.0,25.5,11.8
2025-01-31,Delhi,0.0,26.4,12.0
2025-02-01,Delhi,0.0,25.8,12.4
2025-02-02,Delhi,0.0,23.4,13.2
2025-02-03,Delhi,0.0,22.4,10.6
2025-02-04,Delhi,0.8,22.5,12.8
2025-02-05,Delhi,0.3,21.2,11.6
2025-02-06,Delhi,0.0,21.0,10.4
2025-02-07,Delhi,0.0,20.7,10.2
2025-02-08,Delhi,0.0,22.9,10.6
2025-02-09,Delhi,0.0,24.9,10.2
2025-02-10,Delhi,0.0,26.8,11.0
2025-02-11,Delhi,0.0,27.2,11.7
2025-02-12,Delhi,0.0,24.8,13.5
2025-02-13,Delhi,0.0,23.6,13.1
2025-02-14,Delhi,0.0,24.2,12.0
2025-02-15,Delhi,0.0,25.0,13.2
2025-02-16,Delhi,0.0,27.2,12.6
2025-02-17,Delhi,0.0,28.1,14.2
2025-02-18,Delhi,0.2,26.0,15.9
2025-02-19,Delhi,0.0,27.4,13.8
2025-02-20,Delhi,9.3,23.5,14.8
2025-02-21,Delhi,0.2,24.7,14.0
2025-02-22,Delhi,0.0,23.5,13.2
2025-02-23,Delhi,0.0,24.6,13.2
2025-02-24,Delhi,0.0,26.2,13.2
2025-02-25,Delhi,0.0,27.1,14.1
2025-02-26,Delhi,0.0,31.0,18.5
2025-02-27,Delhi,5.7,23.9,18.4
2025-02-28,Delhi,9.3,23.0,17.7
2025-03-01,Delhi,10.3,24.0,15.0
2025-03-02,Delhi,0.0,24.3,14.8
2025-03-03,Delhi,0.0,27.3,12.1
2025-03-04,Delhi,0.1,25.0,15.4
2025-03-05,Delhi,0.0,22.5,12.3
2025-03-06,Delhi,0.0,26.6,12.6
2025-03-07,Delhi,0.0,28.2,12.9
2025-03-08,Delhi,0.0,29.6,14.9
2025-03-09,Delhi,0.0,32.7,17.2
2025-03-10,Delhi,0.0,32.6,19.7
2025-03-11,Delhi,0.0,33.9,20.2
2025-03-12,Delhi,0.0,32.5,19.3
2025-03-13,Delhi,4.5,32.1,20.2
2025-03-14,Delhi,0.1,34.3,19.5
2025-03-15,Delhi,0.1,31.4,18.8
2025-03-16,Delhi,0.0,29.4,17.8
2025-03-17,Delhi,0.0,28.1,16.5
2025-03-18,Delhi,0.0,29.5,16.8
2025-03-19,Delhi,0.0,31.4,17.6
2025-03-20,Delhi,0.0,32.2,17.9
2025-03-21,Delhi,0.0,31.7,19.2
2025-03-22,Delhi,0.0,31.2,18.4
2025-03-23,Delhi,0.0,32.8,19.4
2025-03-24,Delhi,0.0,34.4,19.9
2025-03-25,Delhi,0.0,36.6,21.6
2025-03-26,Delhi,0.0,38.7,21.9
2025-03-27,Delhi,0.0,36.5,23.4
2025-03-28,Delhi,0.0,31.3,21.4
2025-03-29,Delhi,0.0,29.3,16.0
2025-03-30,Delhi,0.0,31.9,17.2
2025-03-31,Delhi,0.0,34.2,17.8
2025-04-01,Delhi,0.0,33.8,19.7
2025-04-02,Delhi,0.0,35.6,18.9
2025-04-03,Delhi,0.0,37.8,20.7
2025-04-04,Delhi,0.0,37.0,22.6
2025-04-05,Delhi,0.0,35.5,22.2
2025-04-06,Delhi,0.0,38.1,22.2
2025-04-07,Delhi,0.0,40.3,25.0
2025-04-08,Delhi,0.0,40.3,26.2
2025-04-09,Delhi,0.0,40.9,26.7
2025-04-10,Delhi,0.4,39.2,27.0
2025-04-11,Delhi,13.0,34.9,22.6
2025-04-12,Delhi,0.0,35.6,20.5
2025-04-13,Delhi,0.0,36.1,21.7
2025-04-14,Delhi,0.0,35.8,23.2
2025-04-15,Delhi,0.0,37.1,25.6
2025-04-16,Delhi,0.0,38.3,26.8
2025-04-17,Delhi,0.0,40.6,25.9
2025-04-18,Delhi,0.1,41.4,26.4
2025-04-19,Delhi,0.0,40.6,27.6
2025-04-20,Delhi,0.0,38.3,27.7
2025-04-21,Delhi,0.0,40.4,26.0
2025-04-22,Delhi,0.0,39.4,24.8
2025-04-23,Delhi,0.0,39.3,24.0
2025-04-24,Delhi,0.0,40.6,24.4
2025-04-25,Delhi,0.0,40.9,26.7
2025-04-26,Delhi,0.0,42.5,26.3
2025-04-27,Delhi,0.0,41.4,28.8
2025-04-28,Delhi,0.0,41.4,26.5
2025-04-29,Delhi,0.0,37.9,25.2
2025-04-30,Delhi,0.3,37.7,26.8
2025-05-01,Delhi,0.0,37.8,26.6
2025-05-02,Delhi,15.6,28.8,21.9
2025-05-03,Delhi,1.8,36.2,23.6
2025-05-04,Delhi,0.6,34.9,25.2
2025-05-05,Delhi,0.9,34.4,24.0
2025-05-06,Delhi,0.8,33.7,21.9
2025-05-07,Delhi,0.1,32.4,23.5
2025-05-08,Delhi,8.6,32.4,23.4
2025-05-09,Delhi,0.4,37.5,25.2
2025-05-10,Delhi,9.8,37.7,24.6
2025-05-11,Delhi,0.0,38.3,25.0
2025-05-12,Delhi,0.0,39.7,25.5
2025-05-13,Delhi,0.0,41.1,28.9
2025-05-14,Delhi,0.0,41.2,27.9
2025-05-15,Delhi,0.0,41.6,28.7
2025-05-16,Delhi,0.0,42.4,28.7
2025-05-17,Delhi,0.1,42.4,29.7
2025-05-18,Delhi,0.0,42.1,29.4
2025-05-19,Delhi,0.0,40.5,28.7
2025-05-20,Delhi,0.0,42.1,28.4
2025-05-21,Delhi,0.0,42.9,30.2
2025-05-22,Delhi,0.0,37.5,25.1
2025-05-23,Delhi,0.0,38.4,26.8
2025-05-24,Delhi,0.0,38.1,28.7
2025-05-25,Delhi,0.4,31.8,22.6
2025-05-26,Delhi,0.8,35.4,24.3
2025-05-27,Delhi,0.0,35.7,26.3
2025-05-28,Delhi,0.1,38.7,27.4
2025-05-29,Delhi,0.0,41.1,27.9
2025-05-30,Delhi,0.0,36.5,29.0
2025-05-31,Delhi,0.5,41.1,28.3
2025-06-01,Delhi,1.5,36.5,27.9
2025-06-02,Delhi,0.0,37.2,25.4
2025-06-03,Delhi,0.0,35.1,26.4
2025-06-04,Delhi,0.3,35.2,25.1
2025-06-05,Delhi,0.2,36.9,24.6
2025-06-06,Delhi,0.0,38.6,27.0
2025-06-07,Delhi,0.0,40.9,29.3
2025-06-08,Delhi,0.0,42.6,30.3
2025-06-09,Delhi,0.0,43.4,30.3
2025-06-10,Delhi,0.0,42.7,30.5
2025-06-11,Delhi,0.0,42.5,31.1
2025-06-12,Delhi,0.0,43.0,31.6
2025-06-13,Delhi,0.1,40.8,31.9
2025-06-14,Delhi,0.0,43.1,31.1
2025-06-15,Delhi,0.2,38.9,31.6
2025-06-16,Delhi,14.7,32.6,25.4
2025-06-17,Delhi,17.6,34.4,25.6
2025-06-18,Delhi,6.6,33.4,24.2
2025-06-19,Delhi,0.4,33.1,27.5
2025-06-20,Delhi,4.5,32.1,25.9
2025-06-21,Delhi,0.6,36.0,26.5
2025-06-22,Delhi,1.9,36.0,28.7
2025-06-23,Delhi,0.5,37.5,28.8
2025-06-24,Delhi,0.6,37.5,28.2
2025-06-25,Delhi,12.7,32.6,27.0
2025-06-26,Delhi,12.3,34.7,26.1
2025-06-27,Delhi,1.8,34.2,28.0
2025-06-28,Delhi,2.9,37.9,26.1
2025-06-29,Delhi,12.0,34.0,26.3
2025-06-30,Delhi,29.1,32.3,25.3
2025-07-01,Delhi,11.0,33.5,25.0
2025-07-02,Delhi,2.3,33.3,27.1
2025-07-03,Delhi,0.4,33.6,27.0
2025-07-04,Delhi,0.9,34.7,27.1
2025-07-05,Delhi,5.5,36.8,26.4
2025-07-06,Delhi,8.8,36.2,27.1
2025-07-07,Delhi,8.7,33.4,26.3
2025-07-08,Delhi,0.4,34.5,27.4
2025-07-09,Delhi,10.6,32.5,26.6
2025-07-10,Delhi,2.3,30.1,26.0
2025-07-11,Delhi,0.4,32.0,25.8
2025-07-12,Delhi,0.5,33.9,26.4
2025-07-13,Delhi,13.6,32.7,26.3
2025-07-14,Delhi,14.8,31.0,26.0
2025-07-15,Delhi,5.7,32.4,25.9
2025-07-16,Delhi,2.8,32.7,25.4
2025-07-17,Delhi,2.0,31.2,27.0
2025-07-18,Delhi,2.5,32.8,26.4
2025-07-19,Delhi,0.1,33.5,26.0
2025-07-20,Delhi,0.0,35.8,26.7
2025-07-21,Delhi,0.9,31.7,27.5
2025-07-22,Delhi,0.7,35.2,26.5
2025-07-23,Delhi,4.5,33.7,27.7
2025-07-24,Delhi,0.9,35.9,26.8
2025-07-25,Delhi,0.0,36.9,26.8
2025-07-26,Delhi,2.2,36.8,27.6
2025-07-27,Delhi,2.0,36.9,29.7
2025-07-28,Delhi,1.8,37.2,29.1
2025-07-29,Delhi,4.4,32.3,27.7
2025-07-30,Delhi,9.0,32.3,26.4
2025-07-31,Delhi,22.0,31.1,25.5
2025-08-01,Delhi,7.0,31.9,26.0
2025-08-02,Delhi,1.3,33.0,26.2
2025-08-03,Delhi,0.4,33.4,27.0
2025-08-04,Delhi,0.5,31.4,25.9
2025-08-05,Delhi,11.4,29.8,26.3
2025-08-06,Delhi,0.5,32.3,26.4
2025-08-07,Delhi,0.0,34.3,26.3
2025-08-08,Delhi,0.0,33.7,26.8
2025-08-09,Delhi,6.5,31.0,26.3
2025-08-10,Delhi,0.8,32.6,26.0
2025-08-11,Delhi,0.3,34.0,26.8
2025-08-12,Delhi,0.7,33.3,27.0
2025-08-13,Delhi,0.0,33.9,27.0
2025-08-14,Delhi,9.3,29.7,26.3
2025-08-15,Delhi,2.9,31.8,25.4
2025-08-16,Delhi,6.1,31.0,26.6
2025-08-17,Delhi,1.5,32.0,27.3
2025-08-18,Delhi,8.1,32.1,27.3
2025-08-19,Delhi,4.7,32.1,26.8
2025-08-20,Delhi,4.4,32.7,26.1
2025-08-21,Delhi,14.9,34.7,25.0
2025-08-22,Delhi,2.2,35.1,26.3
2025-08-23,Delhi,13.7,32.7,25.5
2025-08-24,Delhi,13.4,31.5,26.1
2025-08-25,Delhi,9.4,29.5,24.8
2025-08-26,Delhi,5.1,30.2,25.2
2025-08-27,Delhi,1.2,32.7,25.5
2025-08-28,Delhi,8.8,32.7,25.6
2025-08-29,Delhi,14.2,31.6,25.2
2025-08-30,Delhi,2.2,32.1,26.2
2025-08-31,Delhi,13.2,30.0,24.9
2025-09-01,Delhi,29.1,29.3,24.3
2025-09-02,Delhi,35.6,27.2,23.9
2025-09-03,Delhi,18.4,29.5,24.1
2025-09-04,Delhi,7.2,31.7,23.9
2025-09-05,Delhi,6.4,31.7,25.6
2025-09-06,Delhi,7.5,31.7,24.7
2025-09-07,Delhi,2.0,32.1,25.1
2025-09-08,Delhi,0.7,31.9,25.4
2025-09-09,Delhi,0.5,32.4,25.9
2025-09-10,Delhi,0.4,33.1,25.6
2025-09-11,Delhi,0.0,32.9,25.0
2025-09-12,Delhi,0.2,33.7,24.9
2025-09-13,Delhi,0.0,34.8,26.7
2025-09-14,Delhi,0.2,35.8,27.8
2025-09-15,Delhi,0.0,36.2,27.6
2025-09-16,Delhi,0.0,36.3,27.8
2025-09-17,Delhi,0.1,35.5,26.5
2025-09-18,Delhi,4.8,34.3,25.5
2025-09-19,Delhi,0.6,34.9,27.6
2025-09-20,Delhi,0.0,35.7,26.6
2025-09-21,Delhi,0.0,36.0,25.7
2025-09-22,Delhi,0.0,36.7,26.3
2025-09-23,Delhi,0.0,36.3,26.3
2025-09-24,Delhi,0.0,36.0,25.9
2025-09-25,Delhi,0.0,35.9,25.8
2025-09-26,Delhi,0.0,36.4,25.6
2025-09-27,Delhi,2.9,37.3,26.4
2025-09-28,Delhi,0.0,37.0,29.2
2025-09-29,Delhi,0.2,36.9,28.1
2025-09-30,Delhi,8.2,34.2,25.1
2025-10-01,Delhi,2.2,32.7,23.7
2025-10-02,Delhi,1.4,32.4,24.9
2025-10-03,Delhi,2.2,33.6,24.4
2025-10-04,Delhi,0.0,34.2,25.8
2025-10-05,Delhi,0.0,33.9,24.9
2025-10-06,Delhi,24.8,29.4,22.3
2025-10-07,Delhi,12.4,28.7,20.7
2025-10-08,Delhi,5.9,26.4,20.5
2025-10-09,Delhi,0.1,28.4,20.5
2025-10-10,Delhi,0.0,28.8,19.6
2025-10-11,Delhi,0.0,29.2,19.5
2025-10-12,Delhi,0.0,31.2,20.7
2025-10-13,Delhi,0.0,32.0,20.8
2025-10-14,Delhi,0.0,31.7,21.3
2025-10-15,Delhi,0.0,31.7,20.2
2025-10-16,Delhi,0.0,31.1,20.5
2025-10-17,Delhi,0.0,31.9,20.6
2025-10-18,Delhi,0.0,32.7,21.6
2025-10-19,Delhi,0.0,32.8,22.0
2025-10-20,Delhi,0.0,33.0,22.0
2025-10-21,Delhi,0.6,31.6,23.9
2025-10-22,Delhi,0.0,32.0,21.8
2025-10-23,Delhi,0.0,32.0,20.9
2025-10-24,Delhi,0.0,31.8,20.4
2025-10-25,Delhi,0.0,31.5,20.0
2025-10-26,Delhi,0.0,31.8,19.4
2025-10-27,Delhi,0.0,30.5,18.7
2025-10-28,Delhi,0.0,27.6,21.5
2025-10-29,Delhi,0.0,29.2,19.8
2025-10-30,Delhi,0.3,27.8,22.0
2025-10-31,Delhi,0.1,30.2,22.0
2025-11-01,Delhi,0.0,31.1,20.6
2025-11-02,Delhi,0.0,29.5,19.6
2025-11-03,Delhi,0.0,30.7,18.0
2025-11-04,Delhi,0.0,30.0,18.4
2025-11-05,Delhi,0.0,29.6,19.3
2025-11-06,Delhi,0.0,26.7,16.0
2025-11-07,Delhi,0.0,27.9,15.2
2025-11-08,Delhi,0.0,27.0,14.3
2025-11-09,Delhi,0.0,27.1,14.4
2025-11-10,Delhi,0.0,27.2,13.8
2025-11-11,Delhi,0.0,27.6,13.8
2025-11-12,Delhi,0.0,27.5,14.2
2025-11-13,Delhi,0.0,26.5,13.3
2025-11-14,Delhi,0.0,26.3,13.6
2025-11-15,Delhi,0.0,26.9,13.0
2025-11-16,Delhi,0.0,26.9,12.5
2025-11-17,Delhi,0.0,26.3,12.6
2025-11-18,Delhi,0.0,26.0,12.4
2025-11-19,Delhi,0.0,26.4,12.9
2025-11-20,Delhi,0.0,26.8,13.9
2025-11-21,Delhi,0.0,26.7,15.1
2025-11-22,Delhi,0.0,26.3,14.7
2025-11-23,Delhi,0.0,26.0,13.1
2025-11-24,Delhi,0.0,24.9,12.2
2025-11-25,Delhi,0.0,24.1,11.4
2025-11-26,Delhi,0.0,23.8,11.1
2025-11-27,Delhi,0.0,24.3,10.6
2025-11-28,Delhi,0.0,25.5,11.3
2025-11-29,Delhi,0.0,25.7,13.1
2025-11-30,Delhi,0.0,23.7,11.6
2025-12-01,Delhi,0.0,24.2,9.6
2025-12-02,Delhi,0.0,25.4,12.6
2025-12-03,Delhi,0.0,22.8,10.2
2025-12-04,Delhi,0.0,22.0,9.6
2025-12-05,Delhi,0.0,22.1,8.5
2025-12-06,Delhi,0.0,23.8,10.2
2025-12-07,Delhi,0.0,24.3,10.8
2025-12-08,Delhi,0.0,25.3,11.8
2025-12-09,Delhi,0.0,24.6,11.6
2025-12-10,Delhi,0.0,24.1,11.8
2025-12-11,Delhi,0.0,24.6,10.9
2025-12-12,Delhi,0.0,24.3,10.3
2025-12-13,Delhi,0.0,24.5,11.2
2025-12-14,Delhi,0.0,24.2,11.7
2025-12-15,Delhi,0.0,23.7,10.7
2025-12-16,Delhi,0.0,23.4,11.6
2025-12-17,Delhi,0.0,23.7,11.4
2025-12-18,Delhi,0.0,22.5,11.3
2025-12-19,Delhi,0.0,21.7,11.1
2025-12-20,Delhi,0.0,21.7,9.1
2025-12-21,Delhi,0.0,20.6,11.1
2025-12-22,Delhi,0.0,21.4,11.9
2025-12-23,Delhi,0.0,23.4,11.5
2025-12-24,Delhi,0.0,21.3,11.6
2025-12-25,Delhi,0.0,21.4,9.3
2025-12-26,Delhi,0.0,21.0,9.8
2025-12-27,Delhi,0.0,20.6,9.8
2025-12-28,Delhi,0.0,20.7,9.3
2025-12-29,Delhi,0.0,19.6,10.1
2025-12-30,Delhi,0.0,20.6,9.5
2025-12-31,Delhi,0.0,19.4,8.9
